1450287818.82,-1.184,-11.48,-0.128,-15.276,-0.58,-1.808,-0.044,
1450287818.84,-1.308,-11.48,-0.128,-15.308,-0.592,-1.788,-0.044,
1450287818.84,-1.212,-11.392,-0.064,-15.244,-0.608,-1.788,-0.036,
1450287818.85,-1.088,-11.448,-0.224,-15.244,-0.608,-1.76,-0.044,
1450287818.86,-1.056,-11.448,-0.096,-15.308,-0.608,-1.76,-0.036,
1450287818.89,-1.028,-11.448,-0.096,-15.244,-0.6,-1.748,-0.056,
1450287818.89,-1.152,-11.42,-0.16,-15.18,-0.592,-1.8,-0.044,
1450287818.9,-1.308,-11.392,-0.128,-15.18,-0.616,-1.768,-0.044,
1450287818.91,-1.184,-11.42,-0.064,-15.18,-0.608,-1.78,-0.044,
1450287818.93,-1.184,-11.364,-0.032,-15.18,-0.6,-1.748,-0.044,
1450287818.93,-1.088,-11.364,-0.128,-15.18,-0.624,-1.76,-0.036,
1450287818.94,-0.964,-11.336,-0.192,-15.148,-0.624,-1.76,-0.028,
1450287818.95,-1.056,-11.392,-0.192,-15.116,-0.616,-1.74,-0.044,
1450287818.97,-1.276,-11.364,-0.032,-15.116,-0.608,-1.728,-0.044,
1450287818.97,-1.028,-11.364,0.0,-15.084,-0.6,-1.728,-0.064,
1450287818.98,-1.12,-11.336,-0.128,-15.084,-0.608,-1.74,-0.044,
1450287818.99,-1.12,-11.364,-0.26,-15.084,-0.616,-1.76,-0.036,
1450287819.01,-1.12,-11.336,-0.032,-15.084,-0.632,-1.76,-0.028,
1450287819.01,-0.932,-11.364,-0.064,-15.084,-0.608,-1.768,-0.036,
1450287819.02,-1.12,-11.364,-0.26,-15.116,-0.616,-1.78,-0.036,
1450287819.03,-0.996,-11.364,-0.16,-15.148,-0.608,-1.788,-0.036,
1450287819.06,-1.028,-11.336,-0.16,-15.116,-0.6,-1.788,-0.036,
1450287819.06,-1.12,-11.536,-0.064,-15.116,-0.608,-1.78,-0.044,
1450287819.07,-1.088,-11.764,-0.292,-15.18,-0.616,-1.748,-0.056,
1450287819.08,-1.12,-11.62,-0.064,-15.212,-0.608,-1.748,-0.016,
1450287819.1,-1.088,-11.62,-0.032,-15.212,-0.608,-1.788,-0.044,
1450287819.1,-0.932,-11.536,-0.16,-15.212,-0.608,-1.788,-0.044,
1450287819.11,-1.028,-11.564,-0.064,-15.212,-0.608,-1.78,-0.036,
1450287819.12,-1.34,-11.736,-0.128,-15.18,-0.624,-1.78,-0.028,
1450287819.14,-1.34,-11.88,-0.16,-15.212,-0.6,-1.748,-0.016,
1450287819.14,-1.12,-11.652,-0.064,-15.276,-0.608,-1.728,-0.016,
1450287819.15,-1.152,-11.48,-0.128,-15.212,-0.6,-1.72,-0.036,
1450287819.16,-0.964,-11.448,-0.032,-15.212,-0.6,-1.76,-0.028,
1450287819.18,-1.12,-11.48,-0.192,-15.18,-0.608,-1.76,-0.036,
1450287819.18,-1.152,-11.62,-0.16,-15.212,-0.616,-1.748,-0.044,
1450287819.19,-1.088,-11.62,-0.096,-15.18,-0.616,-1.74,-0.036,
1450287819.21,-1.244,-11.536,-0.096,-15.308,-0.592,-1.76,-0.028,
1450287819.23,-1.028,-11.62,-0.064,-15.276,-0.608,-1.76,-0.036,
1450287819.23,-0.84,-11.62,-0.192,-15.212,-0.592,-1.74,-0.036,
1450287819.24,-1.056,-11.824,-0.128,-15.212,-0.592,-1.74,-0.036,
1450287819.25,-1.212,-11.764,-0.064,-15.212,-0.608,-1.74,-0.036,
1450287819.27,-1.308,-11.564,-0.128,-15.244,-0.616,-1.748,-0.028,
1450287819.27,-1.212,-11.62,-0.064,-15.276,-0.592,-1.8,-0.056,
1450287819.28,-1.184,-11.764,-0.128,-15.276,-0.608,-1.808,-0.036,
1450287819.29,-1.12,-11.764,-0.128,-15.276,-0.608,-1.84,-0.028,
1450287819.31,-0.996,-11.592,-0.128,-15.244,-0.6,-1.86,-0.036,
1450287819.31,-1.212,-11.536,-0.032,-15.212,-0.608,-1.84,-0.016,
1450287819.32,-1.432,-11.652,-0.032,-15.244,-0.58,-1.828,-0.044,
1450287819.33,-1.34,-11.62,-0.292,-15.34,-0.58,-1.788,-0.028,
1450287819.35,-1.212,-11.62,-0.128,-15.276,-0.58,-1.8,-0.036,
1450287819.36,-0.9,-11.708,-0.192,-15.212,-0.58,-1.82,-0.016,
1450287819.37,-1.028,-11.592,-0.064,-15.244,-0.58,-1.86,-0.044,
1450287819.38,-1.184,-11.508,-0.064,-15.276,-0.58,-1.88,-0.044,
1450287819.4,-1.4,-11.652,-0.192,-15.244,-0.592,-1.9,-0.036,
1450287819.4,-1.276,-11.62,-0.096,-15.276,-0.564,-1.9,-0.016,
1450287819.41,-1.088,-11.48,-0.16,-15.276,-0.572,-1.9,-0.028,
1450287819.42,-1.028,-11.48,-0.16,-15.212,-0.548,-1.888,-0.044,
1450287819.44,-1.028,-11.592,-0.064,-15.244,-0.556,-1.868,-0.016,
1450287819.44,-1.4,-11.564,-0.064,-15.212,-0.556,-1.848,-0.028,
1450287819.45,-1.4,-11.62,-0.16,-15.18,-0.556,-1.84,-0.044,
1450287819.46,-1.4,-11.564,-0.064,-15.34,-0.556,-1.82,-0.064,
1450287819.48,-0.9,-11.592,-0.16,-15.4,-0.572,-1.808,-0.036,
1450287819.48,-1.056,-11.592,-0.128,-15.432,-0.592,-1.808,-0.036,
1450287819.49,-1.12,-11.68,-0.096,-15.4,-0.564,-1.84,-0.064,
1450287819.5,-1.212,-11.792,-0.064,-15.432,-0.548,-1.828,-0.044,
1450287819.52,-1.588,-11.792,-0.128,-15.432,-0.58,-1.848,-0.036,
1450287819.52,-1.244,-11.708,0.0,-15.528,-0.548,-1.84,-0.064,
1450287819.53,-1.12,-11.652,-0.064,-15.528,-0.556,-1.868,-0.016,
1450287819.54,-1.028,-11.764,-0.096,-15.464,-0.58,-1.888,-0.044,
1450287819.57,-1.088,-11.652,-0.192,-15.372,-0.58,-1.9,-0.044,
1450287819.57,-1.368,-11.62,-0.224,-15.308,-0.58,-1.888,-0.028,
1450287819.58,-1.276,-11.592,0.0,-15.34,-0.6,-1.86,-0.036,
1450287819.59,-1.276,-11.536,-0.032,-15.4,-0.608,-1.848,-0.036,
1450287819.61,-1.308,-11.564,-0.096,-15.34,-0.624,-1.84,-0.056,
1450287819.61,-1.276,-11.536,-0.16,-15.244,-0.624,-1.868,-0.036,
1450287819.62,-1.34,-11.592,-0.192,-15.276,-0.608,-1.84,-0.036,
1450287819.63,-1.056,-11.652,-0.096,-15.34,-0.592,-1.8,-0.016,
1450287819.65,-1.088,-11.62,0.0,-15.432,-0.592,-1.8,-0.044,
1450287819.65,-1.276,-11.62,0.032,-15.432,-0.648,-1.8,-0.044,
1450287819.66,-1.308,-11.62,-0.096,-15.34,-0.624,-1.828,-0.036,
1450287819.67,-1.028,-11.652,-0.26,-15.34,-0.632,-1.868,-0.016,
1450287819.69,-1.152,-11.62,-0.096,-15.4,-0.624,-1.848,-0.064,
1450287819.69,-1.368,-11.68,0.064,-15.464,-0.632,-1.868,-0.056,
1450287819.7,-1.524,-11.62,-0.128,-15.496,-0.632,-1.868,-0.036,
1450287819.71,-1.4,-11.62,-0.128,-15.432,-0.616,-1.9,-0.028,
1450287819.73,-0.996,-11.708,-0.128,-15.432,-0.616,-1.88,-0.028,
1450287819.74,-0.996,-11.68,-0.128,-15.432,-0.624,-1.86,-0.036,
1450287819.74,-1.088,-11.68,-0.192,-15.464,-0.624,-1.86,-0.056,
1450287819.75,-1.244,-11.652,-0.128,-15.432,-0.624,-1.82,-0.036,
1450287819.78,-1.4,-11.448,-0.16,-15.34,-0.608,-1.82,-0.036,
1450287819.78,-1.34,-11.392,-0.128,-15.308,-0.6,-1.8,-0.036,
1450287819.79,-1.152,-11.448,-0.192,-15.308,-0.6,-1.8,-0.056,
1450287819.8,-1.028,-11.448,-0.16,-15.372,-0.608,-1.8,-0.044,
1450287819.82,-0.996,-11.42,-0.096,-15.276,-0.616,-1.82,-0.036,
1450287819.82,-1.276,-11.392,-0.16,-15.212,-0.608,-1.8,-0.036,
1450287819.83,-1.4,-11.42,-0.064,-15.212,-0.608,-1.8,-0.028,
1450287819.84,-1.244,-11.536,-0.224,-15.308,-0.616,-1.788,-0.036,
1450287819.86,-1.088,-11.652,-0.096,-15.34,-0.592,-1.788,-0.036,
1450287819.86,-1.056,-11.42,-0.128,-15.212,-0.608,-1.788,-0.044,
1450287819.87,-1.088,-11.22,-0.096,-15.18,-0.6,-1.78,-0.044,
1450287819.88,-1.276,-11.248,-0.096,-15.244,-0.616,-1.8,-0.036,
1450287819.9,-1.308,-11.392,0.0,-15.308,-0.616,-1.78,-0.044,
1450287819.9,-1.244,-11.392,0.064,-15.244,-0.616,-1.808,-0.016,
1450287819.91,-1.276,-11.392,-0.128,-15.244,-0.632,-1.848,-0.064,
1450287819.92,-1.12,-11.304,-0.128,-15.244,-0.616,-1.848,-0.044,
1450287819.95,-1.056,-11.276,-0.064,-15.212,-0.608,-1.92,-0.036,
1450287819.95,-1.152,-11.42,-0.096,-15.212,-0.616,-1.9,-0.036,
1450287819.96,-1.184,-11.392,-0.032,-15.18,-0.608,-1.908,-0.044,
1450287819.97,-1.184,-11.276,-0.224,-15.18,-0.6,-1.868,-0.056,
1450287819.99,-1.184,-11.104,-0.192,-15.116,-0.616,-1.84,-0.036,
1450287819.99,-1.308,-11.02,-0.064,-15.024,-0.608,-1.828,-0.028,
1450287820.0,-1.184,-11.164,-0.064,-14.992,-0.616,-1.768,-0.016,
1450287820.01,-1.212,-11.104,-0.16,-15.052,-0.616,-1.72,-0.056,
1450287820.03,-1.34,-11.132,-0.096,-15.084,-0.616,-1.708,-0.044,
1450287820.03,-1.244,-11.22,-0.16,-15.084,-0.624,-1.708,-0.044,
1450287820.04,-1.184,-11.164,-0.064,-15.148,-0.608,-1.728,-0.044,
1450287820.05,-1.152,-11.276,-0.096,-15.116,-0.616,-1.72,-0.044,
1450287820.07,-1.308,-11.304,-0.16,-15.18,-0.616,-1.728,-0.044,
1450287820.07,-1.212,-11.304,-0.096,-15.212,-0.608,-1.76,-0.044,
1450287820.08,-1.12,-11.276,-0.128,-15.212,-0.6,-1.74,-0.044,
1450287820.09,-1.244,-11.164,0.0,-15.212,-0.616,-1.8,-0.056,
1450287820.11,-1.12,-11.164,-0.064,-15.212,-0.6,-1.8,-0.056,
1450287820.11,-1.184,-11.304,0.0,-15.18,-0.608,-1.82,-0.056,
1450287820.12,-1.184,-11.248,-0.096,-15.148,-0.608,-1.828,-0.044,
1450287820.13,-1.276,-11.048,-0.064,-15.18,-0.592,-1.828,-0.028,
1450287820.15,-1.152,-11.104,-0.096,-15.084,-0.58,-1.848,-0.044,
1450287820.16,-1.184,-11.192,-0.16,-15.084,-0.58,-1.848,-0.036,
1450287820.17,-1.308,-11.22,-0.032,-15.084,-0.58,-1.828,-0.044,
1450287820.18,-1.368,-11.192,-0.064,-15.084,-0.592,-1.84,-0.028,
1450287820.2,-1.34,-11.104,-0.096,-15.084,-0.616,-1.828,-0.036,
1450287820.2,-1.12,-11.048,-0.096,-15.084,-0.592,-1.8,-0.036,
1450287820.21,-1.088,-11.192,0.032,-15.084,-0.592,-1.8,-0.036,
1450287820.22,-1.4,-11.336,-0.096,-15.052,-0.592,-1.828,-0.044,
1450287820.24,-1.276,-11.364,-0.16,-15.084,-0.592,-1.86,-0.044,
1450287820.24,-1.152,-11.192,-0.096,-15.116,-0.58,-1.888,-0.056,
1450287820.25,-0.996,-11.02,-0.064,-15.084,-0.572,-1.94,-0.056,
1450287820.26,-1.088,-11.048,-0.16,-15.052,-0.572,-1.948,-0.028,
1450287820.28,-1.308,-11.248,-0.192,-15.052,-0.58,-1.968,-0.044,
1450287820.28,-1.868,-11.42,-0.192,-15.084,-0.58,-1.988,-0.064,
1450287820.29,-1.588,-11.336,-0.032,-15.18,-0.556,-1.948,-0.036,
1450287820.3,-1.12,-11.276,-0.16,-15.212,-0.556,-1.96,-0.036,
1450287820.32,-0.84,-11.304,-0.032,-15.212,-0.564,-1.98,-0.028,
1450287820.33,-0.716,-11.364,-0.192,-15.18,-0.564,-1.996,-0.044,
1450287820.34,-1.212,-11.42,-0.064,-15.212,-0.564,-2.008,-0.036,
1450287820.35,-1.524,-11.448,-0.064,-15.212,-0.592,-1.948,-0.064,
1450287820.37,-1.432,-11.336,-0.16,-15.276,-0.58,-1.96,-0.028,
1450287820.37,-1.028,-11.364,-0.096,-15.308,-0.564,-1.928,-0.056,
1450287820.38,-1.056,-11.448,-0.096,-15.276,-0.564,-1.94,-0.064,
1450287820.39,-1.088,-11.42,-0.192,-15.212,-0.58,-1.968,-0.036,
1450287820.41,-1.152,-11.276,-0.224,-15.18,-0.58,-1.988,-0.016,
1450287820.41,-1.34,-11.192,0.064,-15.244,-0.592,-1.988,-0.056,
1450287820.42,-1.308,-11.192,0.0,-15.244,-0.58,-1.968,-0.044,
1450287820.43,-1.184,-11.248,-0.064,-15.212,-0.58,-1.948,-0.044,
1450287820.45,-1.244,-11.248,-0.16,-15.212,-0.58,-1.98,-0.036,
1450287820.45,-1.088,-11.276,-0.128,-15.18,-0.58,-1.968,-0.036,
1450287820.46,-1.276,-11.336,-0.16,-15.18,-0.592,-1.948,-0.036,
1450287820.47,-1.34,-11.276,-0.128,-15.244,-0.58,-1.968,-0.036,
1450287820.49,-1.088,-11.248,-0.16,-15.244,-0.592,-1.98,-0.056,
1450287820.49,-1.276,-11.276,-0.128,-15.244,-0.592,-2.016,-0.044,
1450287820.5,-1.12,-11.164,-0.032,-15.212,-0.6,-2.028,-0.036,
1450287820.51,-1.152,-11.076,-0.192,-15.148,-0.592,-2.048,-0.036,
1450287820.54,-1.212,-11.248,-0.064,-15.18,-0.572,-2.028,-0.044,
1450287820.54,-1.212,-11.536,-0.16,-15.244,-0.58,-1.98,-0.036,
1450287820.55,-1.088,-11.652,-0.064,-15.308,-0.6,-1.996,-0.064,
1450287820.56,-1.184,-11.42,0.0,-15.244,-0.592,-1.988,-0.044,
1450287820.58,-1.244,-11.164,-0.128,-15.18,-0.564,-2.016,-0.036,
1450287820.58,-1.12,-11.164,-0.096,-15.116,-0.592,-2.008,-0.036,
1450287820.59,-1.308,-11.22,-0.128,-15.084,-0.58,-1.98,-0.036,
1450287820.6,-1.432,-11.164,-0.096,-15.148,-0.58,-1.968,-0.036,
1450287820.62,-1.152,-11.22,-0.096,-15.116,-0.592,-1.94,-0.044,
1450287820.62,-1.056,-11.276,-0.192,-15.116,-0.592,-1.948,-0.056,
1450287820.63,-1.152,-11.248,-0.064,-15.148,-0.592,-1.96,-0.036,
1450287820.64,-1.088,-11.248,-0.128,-15.084,-0.592,-1.94,-0.044,
1450287820.66,-1.34,-11.192,-0.192,-15.084,-0.608,-1.94,-0.044,
1450287820.66,-1.12,-11.132,-0.192,-15.084,-0.592,-1.968,-0.044,
1450287820.67,-1.12,-11.164,-0.064,-15.084,-0.58,-1.92,-0.036,
1450287820.68,-1.212,-11.164,-0.128,-15.084,-0.58,-1.92,-0.044,
1450287820.7,-1.152,-11.248,-0.032,-15.084,-0.592,-1.928,-0.028,
1450287820.7,-1.184,-11.276,-0.192,-15.052,-0.592,-1.94,-0.044,
1450287820.71,-1.088,-11.336,-0.128,-15.084,-0.592,-1.92,-0.036,
1450287820.72,-0.964,-11.336,-0.032,-15.116,-0.592,-1.92,-0.044,
1450287820.74,-1.12,-11.304,-0.096,-15.18,-0.608,-1.92,-0.036,
1450287820.74,-0.996,-11.304,-0.16,-15.212,-0.592,-1.94,-0.036,
1450287820.75,-1.212,-11.364,-0.064,-15.148,-0.592,-1.948,-0.044,
1450287820.77,-1.276,-11.392,-0.128,-15.148,-0.592,-1.96,-0.036,
1450287820.79,-1.088,-11.276,-0.064,-15.212,-0.592,-1.94,-0.036,
1450287820.79,-0.9,-11.364,-0.128,-15.212,-0.6,-1.928,-0.036,
1450287820.8,-0.9,-11.392,-0.064,-15.212,-0.608,-1.92,-0.036,
1450287820.81,-1.028,-11.392,-0.096,-15.212,-0.6,-1.928,-0.036,
1450287820.83,-1.212,-11.42,-0.16,-15.212,-0.616,-1.908,-0.044,
1450287820.83,-1.368,-11.42,-0.192,-15.244,-0.592,-1.9,-0.044,
1450287820.84,-0.996,-11.42,-0.032,-15.276,-0.608,-1.9,-0.036,
1450287820.85,-0.9,-11.392,-0.16,-15.276,-0.6,-1.948,-0.036,
1450287820.87,-0.684,-11.42,-0.096,-15.244,-0.608,-1.96,-0.036,
1450287820.87,-0.9,-11.536,-0.032,-15.212,-0.616,-1.988,-0.044,
1450287820.88,-1.308,-11.536,-0.16,-15.244,-0.616,-1.98,-0.044,
1450287820.89,-1.68,-11.364,0.0,-15.244,-0.608,-1.988,-0.036,
1450287820.91,-1.496,-11.304,-0.096,-15.212,-0.592,-1.98,-0.028,
1450287820.92,-1.184,-11.48,-0.128,-15.212,-0.592,-1.98,-0.064,
1450287820.93,-0.932,-11.508,0.0,-15.212,-0.592,-2.008,-0.036,
1450287820.94,-1.056,-11.42,-0.064,-15.148,-0.608,-1.996,-0.044,
1450287820.96,-1.12,-11.448,-0.064,-15.148,-0.624,-1.98,-0.044,
1450287820.96,-1.028,-11.508,-0.096,-15.212,-0.608,-1.94,-0.064,
1450287820.97,-0.964,-11.448,-0.032,-15.212,-0.6,-1.94,-0.036,
1450287820.98,-1.244,-11.42,-0.032,-15.18,-0.6,-1.948,-0.016,
1450287821.0,-1.244,-11.508,-0.192,-15.084,-0.616,-1.928,-0.036,
1450287821.0,-1.056,-11.592,-0.16,-15.116,-0.608,-1.948,-0.064,
1450287821.01,-1.152,-11.42,-0.192,-15.18,-0.608,-1.928,-0.064,
1450287821.02,-0.9,-11.364,-0.064,-15.148,-0.616,-1.928,-0.036,
1450287821.04,-1.056,-11.42,-0.064,-15.084,-0.6,-1.968,-0.044,
1450287821.04,-1.184,-11.392,-0.224,-15.116,-0.608,-1.948,-0.036,
1450287821.05,-1.088,-11.364,-0.128,-15.18,-0.6,-1.94,-0.028,
1450287821.06,-1.152,-11.42,0.064,-15.18,-0.616,-1.94,-0.016,
1450287821.09,-1.056,-11.364,-0.096,-15.18,-0.6,-1.928,-0.036,
1450287821.09,-1.028,-11.364,-0.128,-15.212,-0.616,-1.948,-0.056,
1450287821.1,-1.028,-11.448,-0.096,-15.148,-0.608,-1.96,-0.044,
1450287821.11,-1.12,-11.564,0.0,-15.18,-0.608,-1.968,-0.044,
1450287821.13,-1.244,-11.48,-0.192,-15.18,-0.624,-1.948,-0.028,
1450287821.13,-1.152,-11.536,-0.192,-15.212,-0.624,-1.98,-0.044,
1450287821.14,-1.12,-11.508,-0.064,-15.212,-0.624,-1.98,-0.056,
1450287821.15,-1.12,-11.48,-0.16,-15.212,-0.616,-1.988,-0.044,
1450287821.17,-1.152,-11.652,-0.096,-15.18,-0.608,-1.98,-0.036,
1450287821.17,-1.34,-11.68,-0.192,-15.18,-0.6,-1.98,-0.028,
1450287821.18,-1.276,-11.364,-0.064,-15.212,-0.608,-1.98,-0.036,
1450287821.19,-1.152,-11.276,-0.16,-15.212,-0.608,-1.988,-0.044,
1450287821.21,-1.184,-11.364,-0.128,-15.116,-0.6,-1.996,-0.036,
1450287821.21,-1.276,-11.392,-0.032,-15.116,-0.608,-1.98,-0.044,
1450287821.22,-1.432,-11.48,-0.128,-15.18,-0.624,-1.968,-0.056,
1450287821.23,-1.308,-11.564,-0.192,-15.148,-0.608,-1.96,-0.044,
1450287821.26,-0.932,-11.42,-0.064,-15.18,-0.616,-1.96,-0.036,
1450287821.26,-0.964,-11.248,-0.096,-15.148,-0.616,-1.96,-0.056,
1450287821.27,-1.056,-11.336,-0.064,-15.084,-0.616,-1.988,-0.056,
1450287821.28,-1.276,-11.592,-0.096,-15.052,-0.616,-1.96,-0.044,
1450287821.3,-1.184,-11.536,-0.292,-15.148,-0.608,-1.968,-0.036,
1450287821.3,-1.056,-11.448,-0.192,-15.18,-0.616,-1.968,-0.036,
1450287821.31,-0.776,-11.508,-0.096,-15.18,-0.624,-1.98,-0.056,
1450287821.32,-0.716,-11.536,0.064,-15.116,-0.624,-1.996,-0.028,
1450287821.34,-0.964,-11.536,-0.064,-15.084,-0.616,-2.016,-0.044,
1450287821.34,-1.276,-11.564,-0.064,-15.116,-0.616,-2.008,-0.036,
1450287821.35,-1.308,-11.48,-0.16,-15.116,-0.6,-1.988,-0.036,
1450287821.36,-1.056,-11.508,-0.064,-15.18,-0.608,-1.96,-0.056,
1450287821.38,-0.996,-11.62,0.0,-15.212,-0.608,-1.988,-0.044,
1450287821.39,-1.12,-11.564,0.0,-15.18,-0.624,-1.996,-0.044,
1450287821.39,-1.088,-11.448,-0.192,-15.116,-0.616,-1.988,-0.044,
1450287821.41,-1.212,-11.508,-0.096,-15.084,-0.608,-1.996,-0.044,
1450287821.43,-1.12,-11.564,-0.096,-15.18,-0.616,-1.948,-0.064,
1450287821.43,-1.056,-11.508,-0.064,-15.212,-0.616,-1.948,-0.044,
1450287821.44,-1.028,-11.336,0.032,-15.18,-0.608,-1.968,-0.044,
1450287821.45,-0.9,-11.392,-0.16,-15.084,-0.608,-2.008,-0.056,
1450287821.47,-1.028,-11.364,0.0,-15.084,-0.616,-1.988,-0.044,
1450287821.47,-1.088,-11.364,-0.128,-15.116,-0.608,-1.968,-0.028,
1450287821.48,-1.276,-11.564,-0.096,-15.18,-0.608,-1.94,-0.044,
1450287821.49,-1.12,-11.736,-0.064,-15.212,-0.624,-1.96,-0.044,
1450287821.51,-1.028,-11.536,0.032,-15.212,-0.6,-1.988,-0.036,
1450287821.51,-1.088,-11.304,-0.064,-15.18,-0.632,-1.996,-0.036,
1450287821.52,-1.088,-11.164,0.0,-15.116,-0.616,-2.036,-0.028,
1450287821.53,-1.088,-11.164,0.0,-15.084,-0.608,-2.016,-0.056,
1450287821.55,-1.308,-11.276,0.0,-15.148,-0.616,-1.98,-0.056,
1450287821.56,-1.244,-11.42,0.096,-15.212,-0.608,-1.948,-0.044,
1450287821.57,-1.12,-11.392,-0.032,-15.212,-0.624,-1.948,-0.044,
1450287821.58,-0.964,-11.392,0.0,-15.212,-0.624,-1.968,-0.056,
1450287821.6,-0.964,-11.42,0.064,-15.18,-0.624,-1.98,-0.044,
1450287821.6,-1.056,-11.364,0.0,-15.212,-0.608,-1.988,-0.036,
1450287821.61,-1.212,-11.364,0.0,-15.212,-0.616,-1.988,-0.056,
1450287821.62,-1.276,-11.392,0.064,-15.244,-0.608,-1.98,-0.036,
1450287821.64,-1.212,-11.392,0.032,-15.244,-0.624,-2.016,-0.028,
1450287821.64,-1.088,-11.392,-0.032,-15.212,-0.616,-2.016,-0.044,
1450287821.65,-0.84,-11.48,0.0,-15.244,-0.616,-2.016,-0.036,
1450287821.66,-0.996,-11.448,0.0,-15.244,-0.616,-2.016,-0.044,
1450287821.68,-1.276,-11.276,-0.096,-15.212,-0.632,-2.016,-0.036,
1450287821.68,-1.4,-11.276,-0.032,-15.212,-0.608,-2.028,-0.036,
1450287821.69,-1.34,-11.304,-0.096,-15.212,-0.6,-1.996,-0.064,
1450287821.7,-1.276,-11.448,0.0,-15.18,-0.624,-1.988,-0.036,
1450287821.73,-1.056,-11.364,-0.064,-15.212,-0.616,-1.996,-0.044,
1450287821.73,-1.056,-11.336,-0.064,-15.148,-0.608,-1.98,-0.028,
1450287821.74,-0.964,-11.364,-0.128,-15.18,-0.616,-1.996,-0.036,
1450287821.75,-1.056,-11.304,-0.064,-15.18,-0.624,-1.98,-0.044,
1450287821.77,-1.152,-11.336,-0.032,-15.18,-0.616,-1.988,-0.044,
1450287821.77,-1.152,-11.364,-0.032,-15.18,-0.592,-1.988,-0.044,
1450287821.78,-1.056,-11.364,0.0,-15.18,-0.616,-1.98,-0.028,
1450287821.79,-0.872,-11.392,-0.032,-15.212,-0.624,-2.008,-0.044,
1450287821.81,-1.056,-11.336,0.032,-15.212,-0.6,-2.016,-0.044,
1450287821.81,-1.244,-11.364,-0.032,-15.18,-0.608,-2.028,-0.036,
1450287821.82,-1.12,-11.364,0.0,-15.148,-0.616,-2.056,-0.056,
1450287821.83,-1.12,-11.42,0.032,-15.148,-0.608,-2.048,-0.044,
1450287821.85,-1.212,-11.508,0.0,-15.212,-0.6,-2.036,-0.044,
1450287821.85,-1.088,-11.448,0.0,-15.244,-0.624,-2.036,-0.036,
1450287821.86,-1.12,-11.48,-0.128,-15.18,-0.608,-2.048,-0.044,
1450287821.87,-1.028,-11.508,0.032,-15.148,-0.624,-2.036,-0.036,
1450287821.89,-1.244,-11.42,0.064,-15.212,-0.616,-1.98,-0.036,
1450287821.89,-1.184,-11.448,-0.064,-15.212,-0.616,-1.968,-0.044,
1450287821.9,-1.152,-11.448,-0.128,-15.148,-0.6,-1.98,-0.056,
1450287821.91,-1.088,-11.448,-0.096,-15.18,-0.624,-1.98,-0.028,
1450287821.94,-1.152,-11.448,-0.032,-15.18,-0.608,-1.968,-0.036,
1450287821.94,-1.056,-11.508,-0.064,-15.148,-0.608,-1.96,-0.044,
1450287821.95,-1.12,-11.448,-0.064,-15.18,-0.616,-1.988,-0.028,
1450287821.96,-1.244,-11.392,0.0,-15.18,-0.608,-2.008,-0.044,
1450287821.98,-0.84,-11.448,-0.096,-15.116,-0.632,-2.016,-0.056,
1450287821.98,-1.056,-11.508,-0.096,-15.18,-0.624,-1.996,-0.044,
1450287821.99,-1.244,-11.42,-0.064,-15.116,-0.608,-1.968,-0.044,
1450287822.0,-1.276,-11.508,-0.096,-15.116,-0.608,-1.98,-0.044,
1450287822.02,-1.056,-11.536,-0.064,-15.084,-0.624,-1.94,-0.044,
1450287822.02,-1.028,-11.448,-0.032,-15.116,-0.6,-1.968,-0.036,
1450287822.03,-1.028,-11.42,0.096,-15.116,-0.616,-2.036,-0.064,
1450287822.04,-1.212,-11.42,-0.128,-15.116,-0.624,-2.048,-0.044,
1450287822.06,-1.088,-11.392,-0.096,-15.084,-0.616,-2.056,-0.028,
1450287822.06,-0.84,-11.42,-0.032,-15.116,-0.6,-2.068,-0.044,
1450287822.07,-0.996,-11.536,-0.032,-15.148,-0.608,-2.056,-0.036,
1450287822.08,-1.056,-11.564,-0.26,-15.116,-0.608,-2.028,-0.036,
1450287822.1,-1.056,-11.364,-0.064,-15.084,-0.608,-2.008,-0.044,
1450287822.1,-1.056,-11.248,-0.064,-15.084,-0.616,-1.98,-0.036,
1450287822.11,-0.964,-11.392,0.0,-15.116,-0.616,-1.968,-0.044,
1450287822.12,-1.056,-11.364,0.0,-15.148,-0.608,-1.928,-0.064,
1450287822.15,-0.996,-11.392,-0.096,-15.148,-0.616,-1.948,-0.044,
1450287822.15,-0.964,-11.48,-0.032,-15.084,-0.624,-1.94,-0.028,
1450287822.16,-1.028,-11.48,-0.16,-15.148,-0.616,-1.94,-0.036,
1450287822.17,-0.996,-11.42,-0.032,-15.18,-0.616,-1.988,-0.028,
1450287822.19,-0.932,-11.448,-0.096,-15.148,-0.608,-1.98,-0.036,
1450287822.19,-1.056,-11.448,-0.064,-15.148,-0.624,-1.98,-0.044,
1450287822.2,-1.028,-11.42,-0.096,-15.116,-0.616,-2.016,-0.056,
1450287822.21,-0.996,-11.448,0.0,-15.148,-0.624,-2.008,-0.044,
1450287822.23,-0.996,-11.42,0.0,-15.116,-0.608,-2.008,-0.036,
1450287822.23,-0.9,-11.448,-0.064,-15.116,-0.608,-1.996,-0.028,
1450287822.24,-1.088,-11.48,-0.064,-15.116,-0.624,-2.008,-0.036,
1450287822.25,-1.088,-11.42,-0.224,-15.084,-0.608,-1.988,-0.044,
1450287822.27,-1.088,-11.42,-0.128,-15.116,-0.624,-1.98,-0.064,
1450287822.27,-0.9,-11.42,-0.26,-15.116,-0.624,-1.98,-0.028,
1450287822.28,-0.996,-11.48,0.032,-15.084,-0.616,-1.948,-0.064,
1450287822.29,-1.308,-11.392,-0.16,-15.084,-0.616,-1.948,-0.036,
1450287822.32,-1.368,-11.392,-0.096,-15.052,-0.616,-1.948,-0.036,
1450287822.32,-1.088,-11.42,-0.096,-15.052,-0.6,-1.94,-0.036,
1450287822.33,-1.028,-11.508,-0.032,-15.084,-0.616,-1.968,-0.044,
1450287822.34,-1.152,-11.508,-0.096,-15.084,-0.608,-1.988,-0.064,
1450287822.36,-1.12,-11.304,-0.128,-15.052,-0.616,-2.036,-0.036,
1450287822.36,-1.184,-11.104,-0.064,-15.084,-0.616,-2.036,-0.036,
1450287822.37,-1.056,-11.276,-0.064,-15.052,-0.608,-2.056,-0.036,
1450287822.38,-1.152,-11.536,-0.064,-15.116,-0.624,-2.048,-0.056,
1450287822.4,-1.276,-11.42,-0.16,-15.148,-0.616,-2.048,-0.028,
1450287822.4,-1.088,-11.448,0.032,-15.148,-0.616,-2.036,-0.044,
1450287822.41,-1.056,-11.508,0.032,-15.084,-0.616,-2.016,-0.044,
1450287822.42,-1.088,-11.392,0.032,-15.116,-0.608,-2.016,-0.036,
1450287822.44,-1.088,-11.448,0.0,-15.148,-0.608,-1.996,-0.044,
1450287822.45,-1.056,-11.48,-0.064,-15.116,-0.616,-2.008,-0.036,
1450287822.45,-1.028,-11.48,-0.064,-15.084,-0.608,-1.988,-0.044,
1450287822.46,-1.088,-11.448,-0.096,-15.116,-0.608,-2.016,-0.064,
1450287822.49,-1.088,-11.448,-0.032,-15.084,-0.608,-2.016,-0.056,
1450287822.49,-0.932,-11.448,-0.064,-15.148,-0.608,-2.028,-0.036,
1450287822.5,-0.964,-11.48,0.032,-15.084,-0.624,-2.048,-0.028,
1450287822.51,-1.028,-11.392,-0.096,-15.084,-0.624,-2.056,-0.056,
1450287822.53,-1.088,-11.364,0.096,-15.116,-0.608,-2.016,-0.056,
1450287822.53,-1.12,-11.42,-0.064,-15.116,-0.6,-1.996,-0.036,
1450287822.54,-1.088,-11.448,-0.096,-15.116,-0.616,-2.016,-0.044,
1450287822.55,-1.028,-11.392,-0.064,-15.052,-0.608,-1.996,-0.056,
1450287822.57,-0.996,-11.164,-0.064,-15.052,-0.608,-1.996,-0.044,
1450287822.57,-1.152,-11.22,-0.032,-15.052,-0.616,-2.008,-0.044,
1450287822.58,-1.056,-11.392,-0.064,-15.052,-0.616,-1.996,-0.028,
1450287822.59,-1.184,-11.448,-0.16,-15.084,-0.608,-1.996,-0.056,
1450287822.61,-1.34,-11.364,-0.096,-15.052,-0.608,-2.008,-0.036,
1450287822.61,-0.964,-11.42,0.032,-15.084,-0.6,-2.008,-0.056,
1450287822.62,-0.592,-11.42,0.064,-15.084,-0.608,-2.016,-0.044,
1450287822.63,-0.716,-11.392,-0.064,-15.084,-0.608,-2.016,-0.036,
1450287822.65,-1.056,-11.536,-0.128,-15.084,-0.616,-2.016,-0.036,
1450287822.65,-1.4,-11.448,-0.128,-15.116,-0.624,-2.036,-0.044,
1450287822.66,-1.62,-11.22,-0.064,-15.084,-0.592,-2.028,-0.036,
1450287822.67,-1.088,-11.164,0.064,-15.084,-0.58,-2.056,-0.036,
1450287822.7,-0.716,-11.304,-0.16,-15.084,-0.6,-2.016,-0.044,
1450287822.7,-0.748,-11.536,0.0,-15.052,-0.592,-2.016,-0.056,
1450287822.71,-1.212,-11.42,-0.096,-15.084,-0.624,-1.988,-0.056,
1450287822.72,-1.308,-11.276,-0.096,-15.084,-0.6,-1.98,-0.044,
1450287822.74,-1.212,-11.364,0.0,-15.052,-0.592,-1.968,-0.028,
1450287822.74,-1.028,-11.42,-0.064,-15.084,-0.6,-1.948,-0.056,
1450287822.75,-0.996,-11.304,-0.096,-15.052,-0.6,-1.996,-0.036,
1450287822.76,-1.056,-11.42,-0.032,-15.024,-0.6,-2.016,-0.028,
1450287822.78,-1.12,-11.392,-0.128,-14.992,-0.608,-2.036,-0.044,
1450287822.78,-1.056,-11.364,0.0,-15.024,-0.592,-2.028,-0.044,
1450287822.79,-1.028,-11.42,-0.128,-15.052,-0.608,-2.016,-0.044,
1450287822.8,-0.996,-11.336,-0.064,-15.052,-0.6,-2.008,-0.036,
1450287822.82,-0.932,-11.364,-0.064,-15.024,-0.6,-2.036,-0.044,
1450287822.82,-1.184,-11.336,0.064,-15.024,-0.592,-2.036,-0.044,
1450287822.83,-1.152,-11.304,-0.032,-15.052,-0.592,-2.008,-0.036,
1450287822.85,-0.964,-11.304,-0.096,-15.052,-0.6,-2.056,-0.056,
1450287822.87,-1.088,-11.336,0.0,-15.052,-0.592,-2.048,-0.056,
1450287822.87,-1.056,-11.364,-0.096,-15.052,-0.572,-2.056,-0.044,
1450287822.88,-0.964,-11.392,-0.064,-15.084,-0.6,-2.036,-0.044,
1450287822.89,-0.996,-11.276,-0.064,-15.084,-0.592,-2.008,-0.036,
1450287822.91,-1.212,-11.22,0.032,-15.052,-0.592,-2.016,-0.036,
1450287822.91,-1.212,-11.364,-0.096,-14.992,-0.58,-2.016,-0.044,
1450287822.92,-1.212,-11.364,-0.096,-15.052,-0.58,-2.008,-0.044,
1450287822.93,-0.9,-11.276,-0.128,-15.084,-0.592,-2.008,-0.044,
1450287822.95,-0.9,-11.42,0.032,-15.052,-0.58,-2.028,-0.044,
1450287822.95,-1.276,-11.392,-0.032,-15.052,-0.572,-2.016,-0.036,
1450287822.96,-1.4,-11.304,-0.032,-15.084,-0.58,-2.008,-0.036,
1450287822.97,-1.184,-11.336,0.0,-15.052,-0.592,-1.996,-0.036,
1450287822.99,-1.088,-11.392,-0.16,-15.052,-0.58,-1.98,-0.036,
1450287823.0,-1.028,-11.364,-0.064,-15.084,-0.592,-1.968,-0.036,
1450287823.01,-0.964,-11.364,-0.064,-15.024,-0.592,-1.98,-0.028,
1450287823.02,-0.996,-11.336,-0.096,-15.052,-0.592,-1.968,-0.036,
1450287823.04,-1.056,-11.304,-0.032,-15.024,-0.58,-1.968,-0.036,
1450287823.04,-1.152,-11.276,-0.128,-15.024,-0.58,-1.98,-0.056,
1450287823.05,-1.152,-11.304,-0.128,-15.024,-0.58,-1.98,-0.036,
1450287823.06,-0.964,-11.304,-0.064,-15.024,-0.592,-1.98,-0.036,
1450287823.08,-0.932,-11.336,-0.032,-15.024,-0.58,-1.96,-0.028,
1450287823.08,-0.9,-11.364,-0.064,-15.024,-0.58,-1.96,-0.044,
1450287823.09,-1.12,-11.42,-0.064,-15.084,-0.592,-1.98,-0.036,
1450287823.1,-1.212,-11.336,-0.128,-15.052,-0.592,-1.98,-0.036,
1450287823.12,-1.12,-11.276,-0.128,-15.052,-0.58,-1.988,-0.036,
1450287823.12,-0.932,-11.392,0.064,-15.084,-0.592,-2.008,-0.056,
1450287823.13,-1.056,-11.42,-0.128,-15.084,-0.58,-2.016,-0.044,
1450287823.14,-1.12,-11.304,-0.096,-15.084,-0.592,-2.048,-0.044,
1450287823.16,-1.028,-11.364,-0.064,-15.084,-0.6,-2.016,-0.044,
1450287823.16,-0.932,-11.42,-0.096,-15.084,-0.592,-2.028,-0.028,
1450287823.17,-0.9,-11.42,-0.032,-15.116,-0.592,-2.028,-0.044,
1450287823.18,-1.028,-11.364,-0.032,-15.116,-0.6,-2.016,-0.036,
1450287823.21,-1.056,-11.42,-0.096,-15.084,-0.6,-2.028,-0.036,
1450287823.21,-1.056,-11.364,-0.096,-15.084,-0.592,-2.016,-0.036,
1450287823.22,-1.152,-11.392,-0.032,-15.116,-0.592,-2.016,-0.056,
1450287823.23,-1.212,-11.392,-0.064,-15.084,-0.6,-1.988,-0.044,
1450287823.25,-1.056,-11.42,-0.096,-15.084,-0.592,-1.988,-0.056,
1450287823.25,-1.028,-11.364,-0.096,-15.084,-0.592,-2.008,-0.044,
1450287823.26,-1.056,-11.364,-0.096,-15.084,-0.624,-2.008,-0.036,
1450287823.27,-1.088,-11.336,0.032,-15.084,-0.6,-2.008,-0.044,
1450287823.29,-1.276,-11.364,-0.064,-15.052,-0.592,-1.988,-0.036,
1450287823.29,-1.184,-11.392,0.064,-15.084,-0.608,-1.988,-0.036,
1450287823.3,-1.088,-11.364,0.096,-15.052,-0.58,-1.988,-0.036,
1450287823.31,-1.212,-11.364,-0.128,-15.052,-0.58,-1.996,-0.064,
1450287823.33,-1.184,-11.364,-0.192,-15.052,-0.6,-1.98,-0.036,
1450287823.33,-1.152,-11.276,-0.064,-15.052,-0.58,-1.988,-0.036,
1450287823.34,-0.932,-11.336,-0.128,-15.024,-0.592,-2.008,-0.044,
1450287823.35,-1.028,-11.392,-0.224,-15.052,-0.592,-1.988,-0.044,
1450287823.37,-1.088,-11.364,-0.096,-15.052,-0.592,-1.988,-0.036,
1450287823.37,-1.028,-11.392,-0.128,-15.084,-0.592,-1.968,-0.036,
1450287823.38,-1.152,-11.392,-0.032,-15.052,-0.6,-1.98,-0.028,
1450287823.39,-1.056,-11.304,-0.064,-15.024,-0.58,-1.988,-0.044,
1450287823.42,-1.308,-11.364,-0.128,-15.052,-0.6,-1.988,-0.044,
1450287823.42,-1.212,-11.392,-0.064,-15.052,-0.58,-1.988,-0.036,
1450287823.43,-1.028,-11.392,-0.064,-15.084,-0.6,-1.98,-0.036,
1450287823.44,-1.152,-11.364,0.032,-15.084,-0.58,-2.008,-0.028,
1450287823.46,-1.34,-11.304,0.032,-15.084,-0.592,-2.008,-0.044,
1450287823.46,-1.276,-11.42,-0.16,-15.052,-0.58,-2.008,-0.044,
1450287823.47,-1.056,-11.592,0.0,-15.084,-0.592,-1.98,-0.036,
1450287823.48,-1.056,-11.592,-0.096,-15.148,-0.572,-1.968,-0.036,
1450287823.5,-0.964,-11.276,-0.064,-15.116,-0.6,-1.98,-0.044,
1450287823.5,-1.184,-11.304,-0.16,-15.024,-0.58,-1.996,-0.044,
1450287823.51,-1.308,-11.392,-0.096,-15.024,-0.58,-1.996,-0.036,
1450287823.52,-1.34,-11.364,0.032,-15.052,-0.58,-1.948,-0.056,
1450287823.54,-1.276,-11.392,-0.192,-15.084,-0.58,-1.968,-0.044,
1450287823.54,-1.088,-11.392,-0.192,-15.084,-0.592,-1.98,-0.036,
1450287823.55,-0.996,-11.364,-0.032,-15.084,-0.6,-1.98,-0.036,
1450287823.56,-1.152,-11.42,-0.032,-15.084,-0.592,-1.968,-0.036,
1450287823.58,-1.088,-11.392,-0.096,-15.052,-0.592,-1.98,-0.036,
1450287823.58,-1.244,-11.364,-0.096,-15.052,-0.592,-1.98,-0.036,
1450287823.59,-1.088,-11.392,-0.064,-15.084,-0.592,-1.988,-0.044,
1450287823.61,-1.152,-11.42,-0.16,-15.084,-0.592,-1.98,-0.028,
1450287823.63,-1.088,-11.392,-0.096,-15.084,-0.58,-1.98,-0.044,
1450287823.63,-1.212,-11.392,-0.032,-15.052,-0.592,-1.996,-0.028,
1450287823.64,-1.212,-11.364,-0.032,-15.052,-0.58,-1.996,-0.044,
1450287823.65,-1.12,-11.392,-0.064,-15.052,-0.572,-1.988,-0.036,
1450287823.67,-1.184,-11.42,-0.128,-15.084,-0.592,-2.016,-0.044,
1450287823.67,-1.34,-11.392,-0.032,-15.084,-0.58,-1.996,-0.036,
1450287823.68,-1.34,-11.392,-0.128,-15.052,-0.592,-2.016,-0.056,
1450287823.69,-1.432,-11.42,-0.064,-15.024,-0.608,-2.016,-0.044,
1450287823.71,-1.212,-11.364,-0.096,-15.084,-0.592,-1.98,-0.016,
1450287823.71,-1.028,-11.304,-0.032,-15.084,-0.58,-1.996,-0.036,
1450287823.72,-1.184,-11.448,-0.064,-15.084,-0.572,-2.008,-0.036,
1450287823.73,-1.368,-11.508,-0.096,-15.084,-0.6,-1.996,-0.044,
1450287823.75,-1.652,-11.42,-0.064,-15.084,-0.592,-1.98,-0.036,
1450287823.75,-1.34,-11.448,-0.064,-15.084,-0.592,-2.008,-0.028,
1450287823.76,-1.088,-11.448,0.0,-15.084,-0.592,-2.008,-0.044,
1450287823.77,-0.964,-11.48,-0.064,-15.052,-0.592,-2.016,-0.044,
1450287823.79,-0.996,-11.42,-0.16,-15.052,-0.592,-1.996,-0.036,
1450287823.79,-1.212,-11.364,-0.032,-15.052,-0.592,-2.016,-0.028,
1450287823.8,-1.368,-11.42,-0.064,-15.024,-0.564,-2.028,-0.044,
1450287823.81,-1.308,-11.42,0.032,-15.052,-0.572,-1.98,-0.028,
1450287823.83,-1.088,-11.42,-0.064,-15.084,-0.572,-1.996,-0.044,
1450287823.84,-1.12,-11.392,-0.128,-15.084,-0.572,-1.988,-0.016,
1450287823.85,-1.088,-11.392,-0.032,-15.052,-0.564,-2.008,-0.036,
1450287823.86,-1.152,-11.448,-0.096,-15.024,-0.564,-2.016,-0.028,
1450287823.88,-1.212,-11.392,0.096,-15.052,-0.564,-1.988,-0.036,
1450287823.88,-1.276,-11.364,-0.128,-15.116,-0.564,-1.98,-0.036,
1450287823.89,-1.212,-11.364,-0.128,-15.084,-0.58,-1.988,-0.028,
1450287823.9,-1.212,-11.392,-0.064,-15.084,-0.556,-1.996,-0.036,
1450287823.92,-1.184,-11.42,-0.096,-15.052,-0.58,-1.988,-0.036,
1450287823.92,-1.368,-11.42,-0.128,-15.052,-0.556,-1.988,-0.044,
1450287823.93,-1.184,-11.42,-0.224,-15.052,-0.58,-2.016,-0.036,
1450287823.94,-1.152,-11.336,-0.064,-15.084,-0.58,-2.016,-0.028,
1450287823.96,-1.184,-11.304,0.0,-15.024,-0.572,-2.028,-0.044,
1450287823.96,-1.12,-11.42,-0.096,-15.052,-0.58,-2.016,-0.036,
1450287823.97,-1.088,-11.42,-0.16,-15.052,-0.572,-1.988,-0.036,
1450287823.98,-1.276,-11.392,-0.064,-15.084,-0.564,-1.988,-0.028,
1450287824.01,-1.34,-11.42,-0.032,-15.084,-0.572,-1.996,-0.044,
1450287824.01,-1.088,-11.276,-0.064,-15.024,-0.572,-1.968,-0.036,
1450287824.02,-1.152,-11.42,-0.032,-15.052,-0.572,-1.96,-0.036,
1450287824.03,-1.184,-11.42,0.0,-15.052,-0.572,-1.94,-0.036,
1450287824.05,-1.244,-11.448,0.032,-15.052,-0.58,-1.94,-0.036,
1450287824.05,-1.212,-11.42,-0.128,-15.084,-0.58,-1.92,-0.036,
1450287824.06,-1.212,-11.304,0.0,-15.084,-0.572,-1.94,-0.036,
1450287824.07,-1.244,-11.42,0.0,-15.052,-0.564,-1.94,-0.036,
1450287824.09,-1.244,-11.508,0.0,-15.052,-0.564,-1.968,-0.044,
1450287824.09,-1.12,-11.42,-0.096,-15.052,-0.58,-1.94,-0.016,
1450287824.1,-0.964,-11.276,-0.032,-15.084,-0.564,-1.948,-0.036,
1450287824.11,-1.244,-11.248,-0.032,-15.052,-0.58,-1.98,-0.028,
1450287824.13,-1.244,-11.364,0.0,-15.084,-0.564,-1.948,-0.036,
1450287824.13,-1.308,-11.48,-0.032,-15.084,-0.556,-1.98,-0.044,
1450287824.14,-1.212,-11.42,0.032,-15.084,-0.58,-1.968,-0.044,
1450287824.15,-0.996,-11.42,-0.032,-15.084,-0.572,-1.988,-0.036,
1450287824.18,-1.12,-11.392,0.064,-15.116,-0.58,-1.968,-0.044,
1450287824.18,-1.056,-11.42,-0.032,-15.084,-0.58,-1.948,-0.044,
1450287824.19,-1.056,-11.508,-0.128,-15.116,-0.564,-1.98,-0.044,
1450287824.2,-1.056,-11.392,0.032,-15.084,-0.572,-1.96,-0.036,
1450287824.22,-1.276,-11.248,-0.096,-15.084,-0.58,-1.98,-0.028,
1450287824.22,-1.184,-11.22,-0.064,-15.084,-0.58,-1.948,-0.036,
1450287824.23,-1.056,-11.448,0.0,-15.052,-0.564,-1.92,-0.044,
1450287824.24,-1.184,-11.48,-0.064,-15.084,-0.556,-1.928,-0.036,
1450287824.26,-1.464,-11.448,-0.128,-15.084,-0.58,-1.948,-0.016,
1450287824.26,-1.34,-11.536,0.0,-15.084,-0.564,-1.948,-0.036,
1450287824.27,-1.028,-11.364,0.064,-15.084,-0.572,-1.96,-0.036,
1450287824.28,-0.996,-11.364,0.064,-15.084,-0.572,-1.94,-0.036,
1450287824.3,-1.028,-11.392,0.032,-15.052,-0.564,-1.948,-0.028,
1450287824.3,-1.244,-11.392,-0.096,-14.992,-0.572,-1.94,-0.036,
1450287824.31,-1.308,-11.364,-0.032,-15.024,-0.564,-1.94,-0.036,
1450287824.32,-1.088,-11.392,0.128,-15.024,-0.556,-1.94,-0.036,
1450287824.34,-0.932,-11.392,-0.064,-15.052,-0.556,-1.928,-0.036,
1450287824.34,-1.056,-11.364,-0.032,-15.052,-0.532,-1.948,-0.028,
1450287824.35,-1.34,-11.42,0.0,-14.992,-0.556,-1.968,-0.044,
1450287824.37,-1.276,-11.276,-0.032,-15.052,-0.556,-1.968,-0.036,
1450287824.39,-1.184,-11.164,-0.064,-14.992,-0.54,-1.98,-0.036,
1450287824.39,-1.152,-11.248,-0.064,-14.992,-0.556,-1.968,-0.036,
1450287824.4,-1.212,-11.364,-0.096,-15.024,-0.548,-1.968,-0.044,
1450287824.41,-1.244,-11.336,0.064,-15.024,-0.58,-1.98,-0.028,
1450287824.43,-1.464,-11.364,-0.224,-15.052,-0.572,-1.968,-0.036,
1450287824.43,-1.056,-11.336,-0.032,-14.992,-0.58,-1.96,-0.036,
1450287824.44,-0.652,-11.336,-0.032,-15.052,-0.572,-1.98,-0.016,
1450287824.45,-0.716,-11.364,-0.032,-14.992,-0.564,-2.008,-0.044,
1450287824.47,-0.932,-11.364,-0.032,-15.052,-0.6,-2.028,-0.028,
1450287824.47,-1.276,-11.336,-0.128,-15.052,-0.608,-2.016,-0.036,
1450287824.48,-1.308,-11.364,-0.064,-15.084,-0.608,-2.068,-0.028,
1450287824.49,-1.152,-11.364,-0.096,-15.052,-0.616,-2.076,-0.028,
1450287824.51,-1.056,-11.336,-0.128,-15.116,-0.624,-2.048,-0.036,
1450287824.51,-0.996,-11.42,-0.064,-15.084,-0.592,-2.048,-0.016,
1450287824.52,-1.152,-11.42,-0.096,-15.084,-0.556,-2.036,-0.028,
1450287824.53,-0.996,-11.392,0.032,-15.084,-0.548,-2.016,-0.036,
1450287824.55,-0.996,-11.392,-0.128,-15.116,-0.556,-2.028,-0.044,
1450287824.56,-1.056,-11.392,-0.096,-15.116,-0.556,-2.016,-0.036,
1450287824.57,-1.34,-11.392,0.096,-15.084,-0.564,-2.076,-0.028,
1450287824.58,-1.088,-11.42,-0.032,-15.116,-0.572,-2.048,-0.036,
1450287824.6,-1.212,-11.42,0.064,-15.084,-0.556,-2.048,-0.028,
1450287824.6,-1.244,-11.364,0.032,-15.084,-0.572,-2.048,-0.036,
1450287824.61,-1.056,-11.364,0.0,-15.084,-0.556,-2.036,-0.036,
1450287824.62,-1.34,-11.364,0.0,-15.052,-0.556,-2.048,-0.028,
1450287824.64,-1.152,-11.336,-0.064,-15.052,-0.54,-2.048,-0.016,
1450287824.64,-1.244,-11.276,-0.032,-15.024,-0.556,-2.048,-0.028,
1450287824.65,-1.12,-11.364,-0.064,-15.024,-0.556,-2.028,-0.016,
1450287824.66,-0.964,-11.364,0.032,-15.052,-0.54,-2.008,-0.036,
1450287824.68,-1.028,-11.336,0.032,-15.024,-0.54,-2.036,-0.028,
1450287824.68,-1.276,-11.336,-0.096,-14.992,-0.548,-2.016,-0.064,
1450287824.69,-1.276,-11.248,-0.032,-15.052,-0.548,-2.028,-0.044,
1450287824.7,-1.056,-11.164,-0.064,-15.024,-0.548,-2.008,-0.044,
1450287824.72,-1.152,-11.22,-0.064,-15.024,-0.556,-1.988,-0.036,
1450287824.73,-1.152,-11.364,-0.064,-14.992,-0.548,-1.948,-0.056,
1450287824.73,-1.212,-11.392,-0.128,-15.024,-0.556,-1.92,-0.036,
1450287824.75,-1.184,-11.276,-0.032,-15.024,-0.548,-1.888,-0.036,
1450287824.77,-1.276,-11.276,0.0,-14.992,-0.54,-1.88,-0.036,
1450287824.77,-1.244,-11.304,-0.16,-14.96,-0.556,-1.868,-0.028,
1450287824.78,-1.088,-11.336,-0.096,-14.992,-0.556,-1.9,-0.044,
1450287824.79,-1.12,-11.42,-0.064,-14.992,-0.556,-1.92,-0.028,
1450287824.81,-1.152,-11.304,-0.064,-14.96,-0.556,-1.94,-0.036,
1450287824.81,-1.152,-11.304,-0.096,-14.96,-0.556,-2.008,-0.036,
1450287824.82,-1.028,-11.364,-0.064,-14.992,-0.548,-2.016,-0.028,
1450287824.83,-0.84,-11.276,-0.064,-15.024,-0.54,-2.048,-0.036,
1450287824.85,-1.12,-11.364,-0.128,-15.024,-0.548,-2.056,-0.036,
1450287824.85,-1.4,-11.364,-0.064,-14.992,-0.548,-2.056,-0.036,
1450287824.86,-1.4,-11.392,-0.032,-14.992,-0.548,-2.048,-0.036,
1450287824.87,-1.276,-11.42,-0.064,-15.052,-0.54,-2.008,-0.056,
1450287824.89,-1.12,-11.22,-0.064,-14.992,-0.524,-2.008,-0.028,
1450287824.89,-1.088,-11.076,-0.128,-14.992,-0.532,-2.016,-0.036,
1450287824.9,-0.996,-11.248,-0.032,-14.896,-0.524,-2.036,-0.044,
1450287824.91,-0.996,-11.536,-0.16,-14.928,-0.532,-2.016,-0.036,
1450287824.93,-1.12,-11.62,-0.16,-15.024,-0.516,-1.988,-0.036,
1450287824.93,-0.996,-11.42,-0.032,-15.084,-0.524,-2.008,-0.036,
1450287824.94,-1.152,-11.164,-0.064,-15.052,-0.504,-2.056,-0.036,
1450287824.95,-1.308,-11.192,-0.064,-14.928,-0.516,-2.048,-0.028,
1450287824.98,-1.152,-11.276,-0.032,-14.896,-0.488,-2.036,-0.044,
1450287824.98,-1.088,-11.364,0.0,-14.96,-0.488,-2.028,-0.036,
1450287824.99,-0.872,-11.336,0.096,-14.992,-0.488,-2.048,-0.028,
1450287825.0,-0.872,-11.304,-0.064,-14.928,-0.532,-2.088,-0.036,
1450287825.02,-1.088,-11.276,-0.064,-14.96,-0.54,-2.076,-0.036,
1450287825.02,-1.184,-11.276,-0.032,-14.96,-0.556,-2.068,-0.028,
1450287825.03,-1.212,-11.276,0.032,-14.96,-0.592,-2.056,-0.036,
1450287825.04,-0.932,-11.276,-0.064,-14.96,-0.6,-2.056,-0.036,
1450287825.06,-0.9,-11.22,-0.192,-14.96,-0.616,-2.068,-0.036,
1450287825.06,-0.932,-11.248,-0.096,-14.96,-0.592,-2.076,-0.028,
1450287825.07,-0.964,-11.336,-0.096,-14.96,-0.592,-2.088,-0.056,
1450287825.08,-0.9,-11.336,0.0,-14.96,-0.616,-2.136,-0.028,
1450287825.1,-0.9,-11.248,-0.064,-14.96,-0.624,-2.148,-0.028,
1450287825.1,-1.056,-11.104,-0.128,-15.052,-0.608,-2.128,-0.044,
1450287825.11,-0.964,-11.192,-0.128,-15.024,-0.624,-2.136,-0.036,
1450287825.12,-0.84,-11.364,-0.064,-15.024,-0.608,-2.108,-0.036,
1450287825.14,-0.56,-11.336,-0.064,-15.052,-0.6,-2.076,-0.016,
1450287825.15,-0.56,-11.336,-0.032,-15.052,-0.6,-2.088,-0.036,
1450287825.15,-0.932,-11.364,-0.032,-15.052,-0.616,-2.096,-0.036,
1450287825.17,-0.964,-11.304,-0.064,-15.084,-0.656,-2.136,-0.028,
1450287825.19,-1.152,-11.392,-0.128,-15.116,-0.716,-2.156,-0.028,
1450287825.19,-0.872,-11.336,-0.128,-15.148,-0.776,-2.188,-0.064,
1450287825.2,-0.652,-11.248,-0.16,-15.084,-0.812,-2.148,-0.016,
1450287825.21,-0.716,-11.22,-0.192,-15.116,-0.8,-2.128,-0.056,
1450287825.23,-0.808,-11.392,-0.064,-15.116,-0.736,-2.088,-0.028,
1450287825.23,-0.964,-11.42,-0.128,-15.116,-0.7,-2.068,-0.044,
1450287825.24,-0.964,-11.336,-0.032,-15.18,-0.676,-2.076,-0.036,
1450287825.25,-0.776,-11.364,-0.096,-15.148,-0.692,-2.108,-0.036,
1450287825.27,-0.652,-11.564,-0.128,-15.18,-0.692,-2.156,-0.036,
1450287825.27,-0.496,-11.62,-0.128,-15.212,-0.708,-2.196,-0.036,
1450287825.28,-0.652,-11.364,-0.064,-15.18,-0.692,-2.288,-0.036,
1450287825.29,-0.84,-11.392,-0.096,-15.116,-0.692,-2.376,-0.028,
1450287825.32,-0.808,-11.364,0.032,-15.084,-0.684,-2.416,-0.036,
1450287825.32,-0.808,-11.336,-0.16,-15.116,-0.676,-2.444,-0.008,
1450287825.33,-0.34,-11.248,-0.096,-15.116,-0.648,-2.456,-0.036,
1450287825.34,-0.436,-11.22,-0.032,-15.024,-0.656,-2.436,-0.036,
1450287825.36,-0.372,-11.22,-0.032,-14.96,-0.656,-2.336,-0.056,
1450287825.36,-0.716,-11.364,0.032,-14.928,-0.648,-2.216,-0.036,
1450287825.37,-0.9,-11.22,-0.064,-15.024,-0.656,-2.108,-0.064,
1450287825.38,-1.12,-11.192,-0.032,-15.052,-0.668,-2.076,-0.044,
1450287825.4,-0.9,-11.304,-0.16,-15.024,-0.648,-2.036,-0.044,
1450287825.4,-0.996,-11.22,-0.064,-14.992,-0.64,-1.996,-0.036,
1450287825.41,-1.152,-11.248,-0.096,-15.024,-0.648,-1.968,-0.056,
1450287825.42,-0.9,-11.364,-0.032,-15.052,-0.648,-1.988,-0.056,
1450287825.44,-0.932,-11.448,-0.192,-15.116,-0.632,-2.016,-0.036,
1450287825.44,-0.964,-11.42,-0.032,-15.212,-0.624,-1.98,-0.044,
1450287825.45,-1.212,-11.48,-0.032,-15.244,-0.624,-1.94,-0.016,
1450287825.46,-1.152,-11.508,-0.032,-15.148,-0.616,-1.848,-0.056,
1450287825.48,-0.996,-11.448,-0.064,-15.052,-0.632,-1.8,-0.044,
1450287825.48,-1.028,-11.42,-0.096,-15.148,-0.616,-1.788,-0.028,
1450287825.49,-0.996,-11.364,-0.064,-15.212,-0.632,-1.848,-0.044,
1450287825.5,-0.996,-11.364,-0.064,-15.148,-0.632,-1.94,-0.036,
1450287825.53,-0.964,-11.364,-0.032,-15.084,-0.624,-1.96,-0.056,
1450287825.53,-1.028,-11.192,0.0,-15.084,-0.608,-1.98,-0.036,
1450287825.54,-1.028,-11.276,-0.16,-15.148,-0.592,-1.94,-0.036,
1450287825.55,-1.152,-11.448,-0.096,-15.116,-0.624,-1.908,-0.044,
1450287825.57,-1.152,-11.48,-0.064,-15.116,-0.616,-1.908,-0.036,
1450287825.57,-1.152,-11.276,-0.032,-15.084,-0.616,-1.96,-0.028,
1450287825.58,-1.276,-11.164,-0.064,-15.116,-0.608,-2.028,-0.028,
1450287825.59,-0.996,-11.364,0.032,-15.052,-0.608,-2.088,-0.056,
1450287825.61,-0.84,-11.536,-0.128,-15.148,-0.624,-2.088,-0.036,
1450287825.61,-0.776,-11.336,-0.032,-15.244,-0.64,-2.108,-0.036,
1450287825.62,-0.964,-11.364,0.0,-15.148,-0.64,-2.148,-0.016,
1450287825.63,-1.184,-11.508,-0.096,-15.052,-0.64,-2.188,-0.016,
1450287825.65,-1.464,-11.364,-0.224,-15.052,-0.648,-2.196,-0.036,
1450287825.65,-1.056,-11.248,-0.096,-15.116,-0.64,-2.256,-0.036,
1450287825.66,-0.748,-11.392,-0.16,-15.212,-0.648,-2.404,-0.016,
1450287825.67,-0.684,-11.42,-0.032,-15.244,-0.648,-2.444,-0.036,
1450287825.69,-0.56,-11.336,-0.064,-15.308,-0.648,-2.484,-0.036,
1450287825.7,-0.932,-11.336,-0.192,-15.276,-0.648,-2.416,-0.028,
1450287825.7,-1.056,-11.364,-0.128,-15.276,-0.64,-2.308,-0.044,
1450287825.71,-0.996,-11.508,-0.192,-15.276,-0.632,-2.228,-0.016,
1450287825.74,-0.748,-11.564,-0.064,-15.372,-0.656,-2.176,-0.044,
1450287825.74,-0.748,-11.62,-0.096,-15.464,-0.656,-2.156,-0.036,
1450287825.75,-0.652,-11.652,0.0,-15.528,-0.656,-2.148,-0.044,
1450287825.76,-0.808,-11.736,0.0,-15.56,-0.648,-2.188,-0.028,
1450287825.78,-0.776,-11.536,-0.16,-15.592,-0.648,-2.148,-0.036,
1450287825.78,-0.964,-11.448,-0.032,-15.56,-0.656,-2.108,-0.056,
1450287825.79,-0.808,-11.592,0.032,-15.496,-0.648,-2.008,-0.028,
1450287825.8,-0.808,-11.764,-0.128,-15.496,-0.64,-1.94,-0.036,
1450287825.82,-0.684,-11.852,-0.032,-15.528,-0.656,-1.928,-0.016,
1450287825.82,-0.932,-11.68,0.032,-15.528,-0.64,-1.928,-0.044,
1450287825.83,-1.056,-11.42,0.0,-15.528,-0.648,-1.9,-0.056,
1450287825.84,-1.4,-11.48,-0.064,-15.464,-0.656,-1.86,-0.056,
1450287825.86,-1.028,-11.68,-0.128,-15.432,-0.64,-1.828,-0.028,
1450287825.86,-0.932,-11.62,0.032,-15.432,-0.64,-1.8,-0.044,
1450287825.87,-0.932,-11.536,-0.064,-15.372,-0.648,-1.808,-0.056,
1450287825.88,-0.996,-11.536,-0.224,-15.308,-0.64,-1.828,-0.036,
1450287825.9,-1.12,-11.536,-0.224,-15.276,-0.656,-1.828,-0.028,
1450287825.91,-1.276,-11.508,-0.096,-15.308,-0.648,-1.88,-0.044,
1450287825.91,-1.152,-11.448,-0.096,-15.308,-0.64,-1.908,-0.028,
1450287825.93,-1.088,-11.42,-0.128,-15.212,-0.648,-1.94,-0.036,
1450287825.95,-1.152,-11.448,-0.096,-15.212,-0.656,-1.928,-0.016,
1450287825.95,-0.932,-11.42,-0.064,-15.212,-0.648,-1.868,-0.036,
1450287825.96,-0.84,-11.42,-0.096,-15.18,-0.64,-1.88,-0.028,
1450287825.97,-0.84,-11.448,-0.128,-15.18,-0.64,-1.86,-0.036,
1450287825.99,-1.12,-11.364,-0.096,-15.212,-0.656,-1.848,-0.036,
1450287825.99,-1.34,-11.392,0.0,-15.18,-0.648,-1.86,-0.028,
1450287826.0,-1.088,-11.508,-0.064,-15.212,-0.64,-1.84,-0.044,
1450287826.01,-0.716,-11.652,-0.032,-15.212,-0.656,-1.86,-0.016,
1450287826.03,-0.684,-11.536,-0.096,-15.244,-0.648,-1.868,-0.036,
1450287826.03,-0.964,-11.48,-0.032,-15.212,-0.648,-1.868,-0.044,
1450287826.04,-1.308,-11.42,-0.064,-15.18,-0.64,-1.888,-0.016,
1450287826.05,-1.212,-11.42,-0.064,-15.18,-0.648,-1.828,-0.036,
1450287826.07,-1.184,-11.42,0.0,-15.212,-0.656,-1.84,-0.016,
1450287826.07,-0.872,-11.48,-0.032,-15.18,-0.656,-1.868,-0.028,
1450287826.08,-0.776,-11.48,-0.064,-15.18,-0.648,-1.88,-0.028,
1450287826.09,-0.776,-11.448,-0.064,-15.18,-0.648,-1.948,-0.036,
1450287826.12,-1.276,-11.42,0.0,-15.244,-0.656,-2.056,-0.028,
1450287826.12,-1.244,-11.42,-0.032,-15.308,-0.632,-2.148,-0.016,
1450287826.13,-1.12,-11.42,-0.032,-15.34,-0.64,-2.228,0.0,
1450287826.14,-0.716,-11.448,-0.032,-15.372,-0.64,-2.196,-0.028,
1450287826.16,-0.9,-11.508,-0.032,-15.372,-0.648,-2.136,-0.044,
1450287826.16,-0.932,-11.508,-0.064,-15.372,-0.656,-2.108,-0.036,
1450287826.17,-0.964,-11.62,-0.032,-15.34,-0.656,-2.076,-0.016,
1450287826.18,-0.9,-11.62,-0.128,-15.432,-0.648,-2.048,-0.016,
1450287826.2,-0.872,-11.536,-0.032,-15.528,-0.64,-2.016,-0.028,
1450287826.2,-0.872,-11.708,0.032,-15.528,-0.648,-2.028,-0.028,
1450287826.21,-0.932,-11.68,-0.128,-15.464,-0.656,-2.036,-0.016,
1450287826.22,-1.152,-11.564,-0.128,-15.496,-0.648,-2.008,-0.008,
1450287826.24,-1.056,-11.536,0.032,-15.528,-0.648,-1.94,-0.036,
1450287826.24,-0.932,-11.68,-0.064,-15.496,-0.632,-1.84,-0.016,
1450287826.25,-1.028,-11.62,-0.16,-15.464,-0.64,-1.78,-0.028,
1450287826.26,-1.028,-11.62,-0.096,-15.464,-0.6,-1.8,-0.028,
1450287826.29,-1.152,-11.708,0.0,-15.432,-0.608,-1.768,-0.036,
1450287826.29,-1.152,-11.652,-0.128,-15.464,-0.58,-1.7,-0.028,
1450287826.3,-1.12,-11.536,-0.064,-15.4,-0.548,-1.628,-0.028,
1450287826.31,-1.212,-11.508,-0.192,-15.34,-0.504,-1.64,-0.036,
1450287826.33,-1.244,-11.536,0.0,-15.212,-0.456,-1.64,-0.044,
1450287826.33,-1.12,-11.508,0.0,-15.18,-0.42,-1.628,-0.028,
1450287826.34,-1.152,-11.48,0.064,-15.116,-0.436,-1.66,-0.016,
1450287826.35,-1.308,-11.364,0.032,-15.18,-0.42,-1.66,-0.036,
1450287826.37,-1.556,-11.336,-0.16,-15.116,-0.436,-1.708,-0.028,
1450287826.37,-1.4,-11.336,0.032,-15.084,-0.464,-1.72,-0.016,
1450287826.38,-1.244,-11.276,-0.096,-15.084,-0.472,-1.728,-0.016,
1450287826.39,-1.088,-11.276,0.0,-15.052,-0.48,-1.72,-0.036,
1450287826.41,-1.368,-11.304,-0.064,-15.024,-0.472,-1.748,-0.008,
1450287826.41,-1.432,-11.364,-0.096,-15.024,-0.48,-1.768,-0.044,
1450287826.42,-1.308,-11.276,0.064,-15.084,-0.472,-1.78,-0.016,
1450287826.43,-1.212,-11.276,0.032,-15.084,-0.524,-1.808,-0.016,
1450287826.45,-1.152,-11.392,-0.096,-15.084,-0.556,-1.88,-0.008,
1450287826.45,-1.12,-11.392,-0.064,-15.084,-0.624,-1.9,-0.008,
1450287826.46,-1.368,-11.336,0.032,-15.084,-0.648,-1.9,-0.016,
1450287826.48,-1.556,-11.392,-0.128,-15.116,-0.624,-1.848,-0.008,
1450287826.5,-1.496,-11.364,-0.128,-15.148,-0.608,-1.828,0.0,
1450287826.5,-1.4,-11.42,-0.096,-15.18,-0.608,-1.84,-0.008,
1450287826.51,-0.964,-11.42,-0.096,-15.148,-0.592,-1.88,-0.016,
1450287826.52,-0.84,-11.364,-0.032,-15.212,-0.58,-1.968,-0.028,
1450287826.54,-0.964,-11.392,-0.064,-15.212,-0.58,-2.048,-0.016,
1450287826.54,-1.184,-11.508,-0.064,-15.308,-0.58,-2.068,-0.008,
1450287826.55,-1.34,-11.48,0.0,-15.4,-0.572,-2.028,0.0,
1450287826.56,-1.276,-11.42,-0.128,-15.432,-0.556,-1.988,-0.008,
1450287826.58,-1.056,-11.42,0.0,-15.4,-0.532,-1.968,-0.016,
1450287826.58,-1.056,-11.508,0.064,-15.4,-0.496,-1.92,-0.008,
1450287826.59,-1.028,-11.536,-0.032,-15.4,-0.48,-1.868,-0.016,
1450287826.6,-0.964,-11.592,-0.064,-15.432,-0.496,-1.868,-0.008,
1450287826.62,-1.12,-11.564,-0.032,-15.496,-0.524,-1.88,0.0,
1450287826.62,-1.212,-11.592,-0.096,-15.464,-0.58,-1.908,-0.016,
1450287826.63,-1.276,-11.592,-0.096,-15.496,-0.632,-1.94,-0.016,
1450287826.65,-1.056,-11.592,-0.192,-15.496,-0.676,-1.948,-0.008,
1450287826.67,-0.84,-11.536,-0.128,-15.464,-0.656,-1.94,-0.016,
1450287826.67,-0.9,-11.564,-0.16,-15.432,-0.656,-1.908,0.0,
1450287826.68,-1.028,-11.564,-0.032,-15.372,-0.608,-1.888,-0.028,
1450287826.69,-1.152,-11.652,-0.064,-15.432,-0.548,-1.868,-0.028,
1450287826.71,-0.932,-11.536,0.0,-15.4,-0.516,-1.868,-0.016,
1450287826.71,-1.028,-11.536,0.0,-15.34,-0.464,-1.808,0.008,
1450287826.72,-0.872,-11.508,0.096,-15.244,-0.488,-1.788,-0.008,
1450287826.73,-0.996,-11.48,-0.096,-15.212,-0.504,-1.74,-0.016,
1450287826.75,-1.088,-11.536,-0.064,-15.18,-0.516,-1.7,-0.016,
1450287826.75,-0.84,-11.448,-0.096,-15.18,-0.532,-1.688,0.0,
1450287826.76,-1.056,-11.336,0.0,-15.116,-0.532,-1.66,-0.008,
1450287826.77,-1.088,-11.364,-0.096,-15.084,-0.516,-1.708,0.0,
1450287826.8,-1.088,-11.42,-0.128,-15.084,-0.524,-1.708,0.0,
1450287826.8,-1.056,-11.364,-0.064,-15.116,-0.532,-1.748,0.008,
1450287826.81,-1.12,-11.276,-0.064,-15.084,-0.532,-1.78,-0.008,
1450287826.82,-0.932,-11.276,-0.096,-15.116,-0.54,-1.78,-0.008,
1450287826.84,-1.088,-11.364,-0.128,-15.084,-0.54,-1.78,0.0,
1450287826.84,-1.12,-11.508,-0.096,-15.148,-0.548,-1.74,-0.008,
1450287826.85,-1.088,-11.508,-0.064,-15.244,-0.54,-1.728,-0.008,
1450287826.86,-1.244,-11.448,-0.064,-15.212,-0.54,-1.768,-0.008,
1450287826.88,-1.276,-11.448,0.0,-15.212,-0.556,-1.76,-0.016,
1450287826.88,-1.368,-11.536,-0.096,-15.308,-0.524,-1.78,-0.008,
1450287826.89,-1.028,-11.62,-0.16,-15.34,-0.54,-1.8,-0.028,
1450287826.9,-0.808,-11.592,-0.064,-15.372,-0.54,-1.84,-0.008,
1450287826.92,-0.932,-11.564,-0.064,-15.372,-0.548,-1.86,-0.016,
1450287826.92,-1.028,-11.62,0.032,-15.34,-0.564,-1.868,-0.016,
1450287826.93,-1.088,-11.508,0.0,-15.34,-0.556,-1.868,-0.016,
1450287826.94,-1.212,-11.48,-0.096,-15.372,-0.548,-1.868,-0.008,
1450287826.96,-1.152,-11.536,-0.128,-15.34,-0.54,-1.848,-0.028,
1450287826.96,-0.932,-11.536,-0.096,-15.308,-0.54,-1.84,-0.008,
1450287826.97,-0.964,-11.48,-0.096,-15.308,-0.548,-1.828,-0.008,
1450287826.98,-1.12,-11.448,-0.064,-15.212,-0.548,-1.8,-0.008,
1450287827.0,-0.964,-11.508,0.0,-15.18,-0.556,-1.82,-0.008,
1450287827.01,-0.932,-11.42,-0.16,-15.18,-0.54,-1.808,-0.016,
1450287827.02,-0.964,-11.42,0.0,-15.116,-0.54,-1.84,0.008,
1450287827.03,-0.9,-11.508,-0.032,-15.116,-0.54,-1.788,-0.008,
1450287827.05,-0.872,-11.392,0.032,-15.18,-0.556,-1.78,-0.008,
1450287827.05,-1.056,-11.336,0.0,-15.084,-0.548,-1.768,-0.008,
1450287827.06,-0.872,-11.336,-0.064,-15.052,-0.548,-1.74,0.0,
1450287827.07,-0.776,-11.364,-0.032,-15.024,-0.532,-1.728,-0.008,
