1450287818.82,-0.701796209656,0.265762171198,0.191747598267,0.198650511804,0.140742737128,-1.11060208916,0.212839834076,
1450287818.84,-0.702179704852,0.265762171198,0.19136410307,0.198650511804,0.140359241931,-1.11136907955,0.213223329272,
1450287818.84,-0.702179704852,0.265762171198,0.19021361748,0.198650511804,0.140359241931,-1.11213606995,0.212839834076,
1450287818.85,-0.702563200049,0.266145666394,0.190597112677,0.199034007001,0.140359241931,-1.11136907955,0.211689348486,
1450287818.86,-0.702179704852,0.265762171198,0.19021361748,0.199417502197,0.140359241931,-1.11175257475,0.212839834076,
1450287818.89,-0.702946695245,0.265762171198,0.189830122284,0.198650511804,0.139975746735,-1.11136907955,0.212839834076,
1450287818.89,-0.702179704852,0.264995180804,0.19021361748,0.198267016608,0.140359241931,-1.11136907955,0.213223329272,
1450287818.9,-0.702946695245,0.265762171198,0.190597112677,0.199417502197,0.139975746735,-1.11136907955,0.212072843683,
1450287818.91,-0.702563200049,0.265762171198,0.191747598267,0.198650511804,0.140742737128,-1.11136907955,0.212839834076,
1450287818.93,-0.701796209656,0.265762171198,0.190597112677,0.198267016608,0.140359241931,-1.11060208916,0.212839834076,
1450287818.93,-0.702946695245,0.265762171198,0.19021361748,0.198650511804,0.140742737128,-1.11175257475,0.213223329272,
1450287818.94,-0.702563200049,0.265762171198,0.189830122284,0.198267016608,0.140742737128,-1.11175257475,0.213223329272,
1450287818.95,-0.702179704852,0.265762171198,0.190597112677,0.199417502197,0.140359241931,-1.11251956514,0.212839834076,
1450287818.97,-0.703330190442,0.265378676001,0.19021361748,0.198650511804,0.140359241931,-1.11175257475,0.213223329272,
1450287818.97,-0.702563200049,0.265762171198,0.190597112677,0.198267016608,0.140742737128,-1.11213606995,0.212839834076,
1450287818.98,-0.702946695245,0.265378676001,0.190597112677,0.199034007001,0.140359241931,-1.11213606995,0.212839834076,
1450287818.99,-0.703330190442,0.265378676001,0.190980607874,0.198650511804,0.140359241931,-1.11136907955,0.212839834076,
1450287819.01,-0.703713685638,0.265762171198,0.19136410307,0.198267016608,0.139975746735,-1.11213606995,0.212072843683,
1450287819.01,-0.703713685638,0.265378676001,0.190980607874,0.198267016608,0.139975746735,-1.11136907955,0.212839834076,
1450287819.02,-0.702946695245,0.265378676001,0.189830122284,0.198267016608,0.140359241931,-1.11175257475,0.212839834076,
1450287819.03,-0.703330190442,0.266145666394,0.190597112677,0.198267016608,0.140742737128,-1.11136907955,0.212839834076,
1450287819.06,-0.703713685638,0.266145666394,0.189830122284,0.198650511804,0.140359241931,-1.11213606995,0.212072843683,
1450287819.06,-0.704097180835,0.265378676001,0.190980607874,0.198650511804,0.140359241931,-1.11136907955,0.213223329272,
1450287819.07,-0.703713685638,0.265762171198,0.190597112677,0.198650511804,0.140742737128,-1.11136907955,0.212839834076,
1450287819.08,-0.703713685638,0.264995180804,0.19021361748,0.199034007001,0.140359241931,-1.11213606995,0.212839834076,
1450287819.1,-0.703713685638,0.266529161591,0.190980607874,0.198267016608,0.140359241931,-1.11213606995,0.211689348486,
1450287819.1,-0.703713685638,0.265762171198,0.189830122284,0.198267016608,0.139975746735,-1.11136907955,0.213223329272,
1450287819.11,-0.704480676031,0.265762171198,0.190597112677,0.198650511804,0.140359241931,-1.11136907955,0.212072843683,
1450287819.12,-0.703713685638,0.265378676001,0.190980607874,0.198650511804,0.140359241931,-1.11136907955,0.212072843683,
1450287819.14,-0.704480676031,0.265378676001,0.19021361748,0.199417502197,0.140359241931,-1.11251956514,0.213606824469,
1450287819.14,-0.704480676031,0.264995180804,0.190597112677,0.198650511804,0.140359241931,-1.11213606995,0.212839834076,
1450287819.15,-0.704097180835,0.265762171198,0.190980607874,0.198650511804,0.140742737128,-1.11136907955,0.213223329272,
1450287819.16,-0.704864171228,0.265378676001,0.190597112677,0.198267016608,0.140359241931,-1.11175257475,0.212072843683,
1450287819.18,-0.704097180835,0.265762171198,0.190980607874,0.198650511804,0.140359241931,-1.11175257475,0.213223329272,
1450287819.18,-0.704480676031,0.265378676001,0.190597112677,0.198650511804,0.139975746735,-1.11175257475,0.212839834076,
1450287819.19,-0.704097180835,0.265378676001,0.190980607874,0.198650511804,0.140359241931,-1.11175257475,0.213223329272,
1450287819.21,-0.704480676031,0.265378676001,0.19021361748,0.199034007001,0.140359241931,-1.11136907955,0.212072843683,
1450287819.23,-0.704097180835,0.264995180804,0.189830122284,0.199034007001,0.140742737128,-1.11175257475,0.212072843683,
1450287819.23,-0.704097180835,0.265378676001,0.190597112677,0.198650511804,0.140742737128,-1.11175257475,0.213223329272,
1450287819.24,-0.704097180835,0.265378676001,0.19021361748,0.198650511804,0.139975746735,-1.11175257475,0.212072843683,
1450287819.25,-0.704480676031,0.264995180804,0.190597112677,0.199034007001,0.139592251538,-1.11213606995,0.212839834076,
1450287819.27,-0.703713685638,0.266145666394,0.190980607874,0.199417502197,0.139975746735,-1.11175257475,0.212839834076,
1450287819.27,-0.705247666425,0.265762171198,0.19136410307,0.199034007001,0.140359241931,-1.11175257475,0.213223329272,
1450287819.28,-0.704864171228,0.265762171198,0.190980607874,0.199417502197,0.140742737128,-1.11060208916,0.212072843683,
1450287819.29,-0.704480676031,0.266145666394,0.189830122284,0.198650511804,0.140742737128,-1.11136907955,0.212839834076,
1450287819.31,-0.704097180835,0.265378676001,0.189830122284,0.199034007001,0.139975746735,-1.11136907955,0.212839834076,
1450287819.31,-0.704480676031,0.265378676001,0.190980607874,0.198267016608,0.140359241931,-1.11136907955,0.212839834076,
1450287819.32,-0.703713685638,0.265762171198,0.190597112677,0.199034007001,0.139592251538,-1.11175257475,0.211689348486,
1450287819.33,-0.704097180835,0.265762171198,0.19136410307,0.198650511804,0.139975746735,-1.11136907955,0.212839834076,
1450287819.35,-0.704097180835,0.265762171198,0.190597112677,0.199417502197,0.140359241931,-1.11098558436,0.213223329272,
1450287819.36,-0.703713685638,0.265378676001,0.19021361748,0.199417502197,0.140742737128,-1.11098558436,0.213990319666,
1450287819.37,-0.703330190442,0.265762171198,0.190980607874,0.199417502197,0.140359241931,-1.11098558436,0.212839834076,
1450287819.38,-0.703330190442,0.265762171198,0.190597112677,0.199800997394,0.139592251538,-1.11136907955,0.212072843683,
1450287819.4,-0.704097180835,0.265762171198,0.190597112677,0.199034007001,0.139975746735,-1.11098558436,0.212072843683,
1450287819.4,-0.704480676031,0.265762171198,0.190597112677,0.199800997394,0.140742737128,-1.11098558436,0.211689348486,
1450287819.41,-0.703713685638,0.265378676001,0.19021361748,0.199800997394,0.139975746735,-1.11098558436,0.212839834076,
1450287819.42,-0.704097180835,0.265762171198,0.19021361748,0.20018449259,0.139975746735,-1.11060208916,0.212839834076,
1450287819.44,-0.703713685638,0.265378676001,0.190980607874,0.199417502197,0.139592251538,-1.11098558436,0.212839834076,
1450287819.44,-0.703713685638,0.265762171198,0.190597112677,0.20018449259,0.139975746735,-1.11098558436,0.211689348486,
1450287819.45,-0.703330190442,0.265378676001,0.19021361748,0.20018449259,0.139592251538,-1.11098558436,0.212839834076,
1450287819.46,-0.704097180835,0.265378676001,0.19136410307,0.20133497818,0.139592251538,-1.11098558436,0.213223329272,
1450287819.48,-0.703713685638,0.266145666394,0.190597112677,0.20133497818,0.139975746735,-1.11175257475,0.213223329272,
1450287819.48,-0.703330190442,0.265378676001,0.19136410307,0.20133497818,0.139975746735,-1.11136907955,0.213606824469,
1450287819.49,-0.703713685638,0.265762171198,0.189446627087,0.20133497818,0.139975746735,-1.11060208916,0.213606824469,
1450287819.5,-0.703330190442,0.265762171198,0.19021361748,0.20133497818,0.140359241931,-1.11098558436,0.212839834076,
1450287819.52,-0.703330190442,0.265762171198,0.190597112677,0.20133497818,0.140359241931,-1.11098558436,0.213223329272,
1450287819.52,-0.704480676031,0.265378676001,0.190980607874,0.201718473376,0.139208756342,-1.11136907955,0.213223329272,
1450287819.53,-0.704097180835,0.266145666394,0.190597112677,0.20133497818,0.139975746735,-1.11060208916,0.212839834076,
1450287819.54,-0.704097180835,0.266145666394,0.190980607874,0.202101968573,0.140359241931,-1.11098558436,0.213223329272,
1450287819.57,-0.703713685638,0.265378676001,0.190597112677,0.20133497818,0.139592251538,-1.11136907955,0.212839834076,
1450287819.57,-0.704097180835,0.264995180804,0.190980607874,0.202868958966,0.139975746735,-1.11060208916,0.212839834076,
1450287819.58,-0.704480676031,0.265762171198,0.190980607874,0.202868958966,0.140359241931,-1.11060208916,0.212839834076,
1450287819.59,-0.704097180835,0.265378676001,0.190597112677,0.203635949359,0.139592251538,-1.11060208916,0.213223329272,
1450287819.61,-0.703713685638,0.265762171198,0.190597112677,0.203635949359,0.139975746735,-1.11136907955,0.213223329272,
1450287819.61,-0.703713685638,0.265378676001,0.189830122284,0.204019444556,0.139208756342,-1.11136907955,0.212839834076,
1450287819.62,-0.704480676031,0.264995180804,0.190597112677,0.203252454163,0.138825261145,-1.11136907955,0.212839834076,
1450287819.63,-0.704097180835,0.265378676001,0.190980607874,0.203635949359,0.138441765948,-1.11175257475,0.212839834076,
1450287819.65,-0.703713685638,0.265378676001,0.190597112677,0.203252454163,0.138058270752,-1.11175257475,0.212072843683,
1450287819.65,-0.703330190442,0.264995180804,0.190597112677,0.204019444556,0.138441765948,-1.11136907955,0.212072843683,
1450287819.66,-0.703713685638,0.265378676001,0.19021361748,0.204019444556,0.138058270752,-1.11098558436,0.212072843683,
1450287819.67,-0.703713685638,0.265762171198,0.189446627087,0.204019444556,0.137291280359,-1.11136907955,0.212839834076,
1450287819.69,-0.704097180835,0.264995180804,0.190597112677,0.204019444556,0.138058270752,-1.11175257475,0.212839834076,
1450287819.69,-0.704097180835,0.265762171198,0.19021361748,0.204402939752,0.137291280359,-1.11098558436,0.212839834076,
1450287819.7,-0.703713685638,0.264995180804,0.19021361748,0.204402939752,0.136907785162,-1.11060208916,0.212839834076,
1450287819.71,-0.703330190442,0.266145666394,0.19136410307,0.204786434949,0.137674775555,-1.11060208916,0.212839834076,
1450287819.73,-0.704097180835,0.265762171198,0.190597112677,0.203635949359,0.137674775555,-1.11098558436,0.213223329272,
1450287819.74,-0.704097180835,0.265762171198,0.189830122284,0.204402939752,0.137674775555,-1.11098558436,0.212072843683,
1450287819.74,-0.703713685638,0.265378676001,0.190980607874,0.205553425342,0.137674775555,-1.11060208916,0.213223329272,
1450287819.75,-0.703330190442,0.265762171198,0.19021361748,0.205553425342,0.137674775555,-1.11136907955,0.213223329272,
1450287819.78,-0.704480676031,0.265762171198,0.19021361748,0.206703910931,0.137291280359,-1.11060208916,0.213223329272,
1450287819.78,-0.703713685638,0.265762171198,0.190980607874,0.206703910931,0.137291280359,-1.11060208916,0.212072843683,
1450287819.79,-0.703330190442,0.265378676001,0.190597112677,0.206320415735,0.137291280359,-1.11213606995,0.212072843683,
1450287819.8,-0.703330190442,0.265762171198,0.190980607874,0.206320415735,0.137291280359,-1.11136907955,0.212839834076,
1450287819.82,-0.703330190442,0.265762171198,0.190980607874,0.207087406128,0.137674775555,-1.11136907955,0.212072843683,
1450287819.82,-0.703713685638,0.265762171198,0.190980607874,0.207087406128,0.137291280359,-1.11175257475,0.212839834076,
1450287819.83,-0.703713685638,0.265762171198,0.190980607874,0.208237891718,0.137674775555,-1.11175257475,0.213223329272,
1450287819.84,-0.704097180835,0.265378676001,0.190597112677,0.207854396521,0.137291280359,-1.11136907955,0.212839834076,
1450287819.86,-0.703713685638,0.266529161591,0.190980607874,0.208621386914,0.137674775555,-1.11136907955,0.213223329272,
1450287819.86,-0.703713685638,0.265378676001,0.190980607874,0.208621386914,0.136907785162,-1.11136907955,0.212839834076,
1450287819.87,-0.703330190442,0.266145666394,0.190597112677,0.2101553677,0.138058270752,-1.11175257475,0.212839834076,
1450287819.88,-0.703713685638,0.266529161591,0.19021361748,0.209388377307,0.137674775555,-1.11136907955,0.212839834076,
1450287819.9,-0.703713685638,0.266145666394,0.190597112677,0.2101553677,0.137291280359,-1.11136907955,0.213223329272,
1450287819.9,-0.703330190442,0.265378676001,0.191747598267,0.210922358093,0.137291280359,-1.11098558436,0.213606824469,
1450287819.91,-0.702946695245,0.265762171198,0.190980607874,0.210922358093,0.137674775555,-1.11060208916,0.212839834076,
1450287819.92,-0.703713685638,0.266145666394,0.190597112677,0.211689348486,0.137291280359,-1.11136907955,0.212839834076,
1450287819.95,-0.703330190442,0.265378676001,0.190980607874,0.211689348486,0.137291280359,-1.11098558436,0.213223329272,
1450287819.95,-0.703713685638,0.266529161591,0.189830122284,0.213606824469,0.137291280359,-1.10983509877,0.212072843683,
1450287819.96,-0.703330190442,0.265762171198,0.190980607874,0.213606824469,0.136907785162,-1.11060208916,0.212839834076,
1450287819.97,-0.704097180835,0.264995180804,0.190597112677,0.213990319666,0.136907785162,-1.11098558436,0.213223329272,
1450287819.99,-0.703330190442,0.265378676001,0.190597112677,0.213990319666,0.137291280359,-1.11060208916,0.212072843683,
1450287819.99,-0.704097180835,0.265378676001,0.19021361748,0.215140805255,0.137291280359,-1.11136907955,0.213223329272,
1450287820.0,-0.703330190442,0.264995180804,0.190980607874,0.216291290845,0.136907785162,-1.11175257475,0.212072843683,
1450287820.01,-0.703330190442,0.265762171198,0.19021361748,0.216291290845,0.137674775555,-1.11175257475,0.213223329272,
1450287820.03,-0.703713685638,0.265378676001,0.190597112677,0.215524300452,0.137674775555,-1.11213606995,0.212839834076,
1450287820.03,-0.702563200049,0.265762171198,0.190597112677,0.215907795648,0.137674775555,-1.11213606995,0.212839834076,
1450287820.04,-0.704097180835,0.266529161591,0.19021361748,0.216291290845,0.137291280359,-1.11136907955,0.212072843683,
1450287820.05,-0.703713685638,0.265762171198,0.19021361748,0.217058281238,0.136907785162,-1.11213606995,0.213223329272,
1450287820.07,-0.703330190442,0.264995180804,0.190597112677,0.215907795648,0.137291280359,-1.11175257475,0.212839834076,
1450287820.07,-0.703713685638,0.266529161591,0.189830122284,0.216291290845,0.137291280359,-1.11136907955,0.212072843683,
1450287820.08,-0.703713685638,0.266529161591,0.189446627087,0.216674786041,0.137291280359,-1.11136907955,0.212072843683,
1450287820.09,-0.703330190442,0.265762171198,0.190597112677,0.215907795648,0.136907785162,-1.11175257475,0.212839834076,
1450287820.11,-0.703713685638,0.265378676001,0.19021361748,0.216674786041,0.136907785162,-1.11213606995,0.212839834076,
1450287820.11,-0.703713685638,0.265762171198,0.19021361748,0.216291290845,0.137674775555,-1.11136907955,0.213223329272,
1450287820.12,-0.703713685638,0.265378676001,0.19021361748,0.215140805255,0.136907785162,-1.11175257475,0.212839834076,
1450287820.13,-0.703330190442,0.265762171198,0.19021361748,0.216674786041,0.136907785162,-1.11021859396,0.212839834076,
1450287820.15,-0.703713685638,0.265378676001,0.190980607874,0.215907795648,0.136907785162,-1.11098558436,0.212839834076,
1450287820.16,-0.703713685638,0.265762171198,0.190597112677,0.216291290845,0.137674775555,-1.11136907955,0.212072843683,
1450287820.17,-0.702946695245,0.266145666394,0.190980607874,0.216291290845,0.137291280359,-1.11098558436,0.212839834076,
1450287820.18,-0.703330190442,0.265762171198,0.190980607874,0.216674786041,0.137291280359,-1.11175257475,0.212839834076,
1450287820.2,-0.703713685638,0.265378676001,0.190597112677,0.216674786041,0.137291280359,-1.11098558436,0.211689348486,
1450287820.2,-0.703330190442,0.266145666394,0.190597112677,0.216291290845,0.136907785162,-1.11098558436,0.213223329272,
1450287820.21,-0.703713685638,0.264995180804,0.190597112677,0.216291290845,0.137291280359,-1.11175257475,0.213606824469,
1450287820.22,-0.703330190442,0.265762171198,0.190597112677,0.216674786041,0.137291280359,-1.11098558436,0.212839834076,
1450287820.24,-0.704097180835,0.264995180804,0.19021361748,0.217058281238,0.136907785162,-1.11098558436,0.213223329272,
1450287820.24,-0.702946695245,0.265762171198,0.190597112677,0.215524300452,0.137291280359,-1.11060208916,0.213223329272,
1450287820.25,-0.703330190442,0.266529161591,0.190980607874,0.217058281238,0.137291280359,-1.11098558436,0.212072843683,
1450287820.26,-0.703330190442,0.265378676001,0.190597112677,0.215907795648,0.137291280359,-1.11060208916,0.212839834076,
1450287820.28,-0.703330190442,0.264995180804,0.19021361748,0.216291290845,0.136907785162,-1.11060208916,0.212839834076,
1450287820.28,-0.704097180835,0.264995180804,0.19021361748,0.216291290845,0.136907785162,-1.11021859396,0.212839834076,
1450287820.29,-0.703713685638,0.265762171198,0.19021361748,0.216291290845,0.136907785162,-1.11060208916,0.212839834076,
1450287820.3,-0.703713685638,0.265762171198,0.190597112677,0.216674786041,0.136524289966,-1.11060208916,0.213606824469,
1450287820.32,-0.702946695245,0.265378676001,0.190597112677,0.215524300452,0.136907785162,-1.11098558436,0.212839834076,
1450287820.33,-0.703330190442,0.265762171198,0.19021361748,0.216674786041,0.136907785162,-1.11098558436,0.213223329272,
1450287820.34,-0.703330190442,0.265762171198,0.189830122284,0.216674786041,0.136140794769,-1.11098558436,0.213223329272,
1450287820.35,-0.703330190442,0.266145666394,0.190980607874,0.217441776434,0.137291280359,-1.11060208916,0.212839834076,
1450287820.37,-0.703713685638,0.266529161591,0.19136410307,0.217058281238,0.136524289966,-1.11021859396,0.212839834076,
1450287820.37,-0.702946695245,0.265762171198,0.19021361748,0.216674786041,0.136907785162,-1.11060208916,0.212072843683,
1450287820.38,-0.703330190442,0.265378676001,0.190597112677,0.216674786041,0.137291280359,-1.11021859396,0.213223329272,
1450287820.39,-0.703330190442,0.265378676001,0.190980607874,0.217058281238,0.137674775555,-1.11060208916,0.212072843683,
1450287820.41,-0.703713685638,0.265378676001,0.19136410307,0.216291290845,0.137291280359,-1.11060208916,0.213223329272,
1450287820.41,-0.703713685638,0.265762171198,0.190597112677,0.216291290845,0.136140794769,-1.11098558436,0.212072843683,
1450287820.42,-0.702946695245,0.266529161591,0.190597112677,0.216674786041,0.136524289966,-1.11060208916,0.212839834076,
1450287820.43,-0.703713685638,0.266145666394,0.190980607874,0.216291290845,0.137291280359,-1.11060208916,0.213223329272,
1450287820.45,-0.703330190442,0.265762171198,0.190980607874,0.216291290845,0.137291280359,-1.10945160357,0.213223329272,
1450287820.45,-0.702946695245,0.265762171198,0.19021361748,0.216291290845,0.137291280359,-1.11021859396,0.212839834076,
1450287820.46,-0.703713685638,0.266145666394,0.190980607874,0.216674786041,0.136907785162,-1.11021859396,0.212072843683,
1450287820.47,-0.703330190442,0.265762171198,0.19021361748,0.217058281238,0.136907785162,-1.11098558436,0.212839834076,
1450287820.49,-0.703713685638,0.265762171198,0.190597112677,0.216674786041,0.136907785162,-1.11060208916,0.213223329272,
1450287820.49,-0.703330190442,0.265378676001,0.189446627087,0.216291290845,0.137674775555,-1.11021859396,0.213223329272,
1450287820.5,-0.703713685638,0.265378676001,0.190597112677,0.217058281238,0.137291280359,-1.10945160357,0.211689348486,
1450287820.51,-0.703713685638,0.265762171198,0.190980607874,0.215907795648,0.136907785162,-1.10983509877,0.212072843683,
1450287820.54,-0.704097180835,0.265378676001,0.189830122284,0.217058281238,0.136907785162,-1.10983509877,0.212839834076,
1450287820.54,-0.703713685638,0.265762171198,0.19021361748,0.217058281238,0.136907785162,-1.10983509877,0.212839834076,
1450287820.55,-0.703713685638,0.265378676001,0.19021361748,0.216291290845,0.137291280359,-1.10983509877,0.212839834076,
1450287820.56,-0.703330190442,0.265378676001,0.190597112677,0.216291290845,0.137291280359,-1.10945160357,0.212072843683,
1450287820.58,-0.704097180835,0.265762171198,0.19021361748,0.216291290845,0.136907785162,-1.11021859396,0.212839834076,
1450287820.58,-0.703713685638,0.265762171198,0.189830122284,0.216674786041,0.137291280359,-1.11098558436,0.212839834076,
1450287820.59,-0.703713685638,0.266145666394,0.19021361748,0.216291290845,0.137674775555,-1.10945160357,0.212839834076,
1450287820.6,-0.702946695245,0.265762171198,0.190980607874,0.216674786041,0.136907785162,-1.10983509877,0.212839834076,
1450287820.62,-0.703713685638,0.265378676001,0.190597112677,0.215907795648,0.136524289966,-1.11021859396,0.212839834076,
1450287820.62,-0.703713685638,0.265762171198,0.190597112677,0.216291290845,0.136524289966,-1.11098558436,0.212839834076,
1450287820.63,-0.703713685638,0.265378676001,0.190980607874,0.216291290845,0.136907785162,-1.10983509877,0.213223329272,
1450287820.64,-0.703330190442,0.264995180804,0.19136410307,0.217058281238,0.136907785162,-1.11060208916,0.212839834076,
1450287820.66,-0.702946695245,0.265378676001,0.190980607874,0.216674786041,0.137291280359,-1.10983509877,0.212072843683,
1450287820.66,-0.704480676031,0.265762171198,0.19021361748,0.216674786041,0.137291280359,-1.11060208916,0.213223329272,
1450287820.67,-0.703713685638,0.265378676001,0.190597112677,0.216291290845,0.136907785162,-1.11098558436,0.212072843683,
1450287820.68,-0.704097180835,0.265762171198,0.189446627087,0.216291290845,0.136524289966,-1.11021859396,0.213223329272,
1450287820.7,-0.704097180835,0.264611685608,0.190980607874,0.216291290845,0.136907785162,-1.11098558436,0.212839834076,
1450287820.7,-0.704097180835,0.265378676001,0.189446627087,0.215907795648,0.136524289966,-1.11021859396,0.213223329272,
1450287820.71,-0.704097180835,0.265762171198,0.190597112677,0.216291290845,0.136524289966,-1.10983509877,0.212839834076,
1450287820.72,-0.704097180835,0.265762171198,0.19021361748,0.216291290845,0.136907785162,-1.11060208916,0.212072843683,
1450287820.74,-0.703330190442,0.265378676001,0.190980607874,0.216291290845,0.136907785162,-1.11098558436,0.212839834076,
1450287820.74,-0.704480676031,0.265762171198,0.190980607874,0.216674786041,0.137674775555,-1.10983509877,0.213223329272,
1450287820.75,-0.704864171228,0.266145666394,0.190597112677,0.216674786041,0.136907785162,-1.11021859396,0.212072843683,
1450287820.77,-0.704480676031,0.265378676001,0.190597112677,0.216291290845,0.136907785162,-1.10906810837,0.213223329272,
1450287820.79,-0.704480676031,0.265762171198,0.190980607874,0.216674786041,0.137291280359,-1.11060208916,0.213223329272,
1450287820.79,-0.704097180835,0.265378676001,0.19021361748,0.217441776434,0.136907785162,-1.11021859396,0.212072843683,
1450287820.8,-0.703713685638,0.266145666394,0.19021361748,0.216674786041,0.136907785162,-1.11060208916,0.213223329272,
1450287820.81,-0.704864171228,0.265762171198,0.189830122284,0.216291290845,0.136524289966,-1.11021859396,0.213223329272,
1450287820.83,-0.704097180835,0.264995180804,0.19136410307,0.217058281238,0.137291280359,-1.11021859396,0.213606824469,
1450287820.83,-0.704097180835,0.265762171198,0.19021361748,0.216674786041,0.136907785162,-1.11060208916,0.212839834076,
1450287820.84,-0.704097180835,0.265762171198,0.190597112677,0.216674786041,0.137291280359,-1.11021859396,0.212839834076,
1450287820.85,-0.704480676031,0.266529161591,0.19021361748,0.217058281238,0.136524289966,-1.11021859396,0.212839834076,
1450287820.87,-0.704097180835,0.265378676001,0.189830122284,0.217058281238,0.136907785162,-1.10945160357,0.213223329272,
1450287820.87,-0.704097180835,0.266145666394,0.190597112677,0.216291290845,0.137291280359,-1.11021859396,0.212839834076,
1450287820.88,-0.704097180835,0.264995180804,0.190597112677,0.216291290845,0.136907785162,-1.11021859396,0.213223329272,
1450287820.89,-0.704097180835,0.265762171198,0.19021361748,0.216674786041,0.136907785162,-1.11021859396,0.212839834076,
1450287820.91,-0.704480676031,0.266145666394,0.189446627087,0.216291290845,0.136907785162,-1.11021859396,0.213223329272,
1450287820.92,-0.704864171228,0.264611685608,0.189830122284,0.217058281238,0.137291280359,-1.11060208916,0.212839834076,
1450287820.93,-0.704097180835,0.265762171198,0.19021361748,0.216291290845,0.137674775555,-1.11021859396,0.212072843683,
1450287820.94,-0.704097180835,0.265378676001,0.19021361748,0.216674786041,0.136907785162,-1.10983509877,0.212839834076,
1450287820.96,-0.704480676031,0.265762171198,0.19021361748,0.216674786041,0.137291280359,-1.10983509877,0.212839834076,
1450287820.96,-0.704864171228,0.266145666394,0.190980607874,0.215524300452,0.137674775555,-1.10983509877,0.212839834076,
1450287820.97,-0.704480676031,0.264995180804,0.190980607874,0.217058281238,0.137291280359,-1.11098558436,0.212839834076,
1450287820.98,-0.704864171228,0.265378676001,0.190980607874,0.216674786041,0.137291280359,-1.11060208916,0.213223329272,
1450287821.0,-0.704097180835,0.266145666394,0.189830122284,0.215907795648,0.137291280359,-1.11136907955,0.211689348486,
1450287821.0,-0.705247666425,0.265762171198,0.190597112677,0.216291290845,0.136524289966,-1.11021859396,0.211689348486,
1450287821.01,-0.704864171228,0.266145666394,0.19136410307,0.216674786041,0.136907785162,-1.11021859396,0.212072843683,
1450287821.02,-0.704097180835,0.264995180804,0.189830122284,0.216674786041,0.136907785162,-1.10945160357,0.213223329272,
1450287821.04,-0.704864171228,0.266529161591,0.190597112677,0.215524300452,0.137291280359,-1.10983509877,0.212839834076,
1450287821.04,-0.704864171228,0.264995180804,0.19021361748,0.217058281238,0.137291280359,-1.10983509877,0.212839834076,
1450287821.05,-0.705631161621,0.265378676001,0.190597112677,0.217441776434,0.137291280359,-1.11060208916,0.213223329272,
1450287821.06,-0.704864171228,0.265762171198,0.19021361748,0.216674786041,0.137291280359,-1.11021859396,0.213223329272,
1450287821.09,-0.704864171228,0.264995180804,0.190597112677,0.217058281238,0.136907785162,-1.11098558436,0.212072843683,
1450287821.09,-0.705247666425,0.265762171198,0.190597112677,0.216674786041,0.136907785162,-1.11021859396,0.212072843683,
1450287821.1,-0.704864171228,0.265762171198,0.190597112677,0.216674786041,0.136907785162,-1.11060208916,0.212839834076,
1450287821.11,-0.704864171228,0.265762171198,0.19021361748,0.216674786041,0.136907785162,-1.10983509877,0.212839834076,
1450287821.13,-0.704864171228,0.266145666394,0.19021361748,0.217058281238,0.137291280359,-1.11060208916,0.212072843683,
1450287821.13,-0.705247666425,0.266145666394,0.190597112677,0.216291290845,0.136907785162,-1.10983509877,0.212839834076,
1450287821.14,-0.704864171228,0.266145666394,0.190597112677,0.216291290845,0.136907785162,-1.11021859396,0.211689348486,
1450287821.15,-0.705631161621,0.265762171198,0.190597112677,0.216674786041,0.136524289966,-1.10983509877,0.212839834076,
1450287821.17,-0.704864171228,0.265378676001,0.190597112677,0.216674786041,0.136140794769,-1.10983509877,0.212072843683,
1450287821.17,-0.705247666425,0.265378676001,0.190980607874,0.217441776434,0.136907785162,-1.10983509877,0.212839834076,
1450287821.18,-0.704864171228,0.265378676001,0.189830122284,0.217441776434,0.137291280359,-1.11021859396,0.212072843683,
1450287821.19,-0.704480676031,0.265762171198,0.190597112677,0.216674786041,0.136907785162,-1.10945160357,0.213223329272,
1450287821.21,-0.704864171228,0.265378676001,0.189830122284,0.217058281238,0.137291280359,-1.10983509877,0.212072843683,
1450287821.21,-0.705247666425,0.266145666394,0.19021361748,0.215907795648,0.137291280359,-1.10983509877,0.213223329272,
1450287821.22,-0.705631161621,0.265378676001,0.190597112677,0.217058281238,0.137291280359,-1.11021859396,0.211689348486,
1450287821.23,-0.705247666425,0.265378676001,0.19136410307,0.216674786041,0.136907785162,-1.11021859396,0.213223329272,
1450287821.26,-0.706014656818,0.265762171198,0.189830122284,0.216291290845,0.137291280359,-1.11021859396,0.213606824469,
1450287821.26,-0.704864171228,0.266529161591,0.19021361748,0.217058281238,0.136907785162,-1.11060208916,0.212072843683,
1450287821.27,-0.704864171228,0.265762171198,0.190597112677,0.216674786041,0.136907785162,-1.10983509877,0.212072843683,
1450287821.28,-0.706014656818,0.265378676001,0.19021361748,0.215907795648,0.136907785162,-1.11060208916,0.212839834076,
1450287821.3,-0.706398152014,0.266145666394,0.190597112677,0.217058281238,0.136907785162,-1.11060208916,0.213223329272,
1450287821.3,-0.705631161621,0.265762171198,0.190597112677,0.217441776434,0.137291280359,-1.11021859396,0.212839834076,
1450287821.31,-0.705247666425,0.264995180804,0.190597112677,0.217441776434,0.136907785162,-1.11021859396,0.213223329272,
1450287821.32,-0.706014656818,0.266145666394,0.190980607874,0.217058281238,0.136907785162,-1.11060208916,0.213223329272,
1450287821.34,-0.706781647211,0.265378676001,0.190980607874,0.216674786041,0.137291280359,-1.10983509877,0.212072843683,
1450287821.34,-0.706398152014,0.265378676001,0.190597112677,0.216674786041,0.137291280359,-1.11060208916,0.213223329272,
1450287821.35,-0.706398152014,0.265762171198,0.19136410307,0.217058281238,0.137291280359,-1.10983509877,0.212839834076,
1450287821.36,-0.706781647211,0.265378676001,0.190980607874,0.217058281238,0.136907785162,-1.11021859396,0.213606824469,
1450287821.38,-0.706398152014,0.265378676001,0.190597112677,0.216674786041,0.136907785162,-1.11021859396,0.212839834076,
1450287821.39,-0.706781647211,0.265762171198,0.190980607874,0.216674786041,0.137291280359,-1.10945160357,0.213223329272,
1450287821.39,-0.706398152014,0.265762171198,0.19021361748,0.216291290845,0.136524289966,-1.11021859396,0.213606824469,
1450287821.41,-0.707165142407,0.265378676001,0.19021361748,0.216674786041,0.136524289966,-1.10906810837,0.212839834076,
1450287821.43,-0.707165142407,0.265762171198,0.189830122284,0.217058281238,0.136907785162,-1.11021859396,0.212839834076,
1450287821.43,-0.707165142407,0.265378676001,0.190597112677,0.216291290845,0.136907785162,-1.10945160357,0.212839834076,
1450287821.44,-0.707165142407,0.264995180804,0.19021361748,0.216291290845,0.137674775555,-1.10983509877,0.212839834076,
1450287821.45,-0.707165142407,0.266145666394,0.190597112677,0.217058281238,0.136524289966,-1.11021859396,0.212839834076,
1450287821.47,-0.706398152014,0.266145666394,0.189830122284,0.216674786041,0.137291280359,-1.10983509877,0.213990319666,
1450287821.47,-0.706398152014,0.266145666394,0.190597112677,0.217058281238,0.137674775555,-1.10983509877,0.212839834076,
1450287821.48,-0.7079321328,0.266529161591,0.190597112677,0.215907795648,0.136907785162,-1.11060208916,0.213223329272,
1450287821.49,-0.707548637604,0.265378676001,0.19021361748,0.217441776434,0.136907785162,-1.11021859396,0.213223329272,
1450287821.51,-0.707548637604,0.264995180804,0.190597112677,0.216674786041,0.137291280359,-1.10945160357,0.213223329272,
1450287821.51,-0.707165142407,0.265378676001,0.19021361748,0.216674786041,0.137291280359,-1.10983509877,0.212072843683,
1450287821.52,-0.706781647211,0.265378676001,0.190597112677,0.217058281238,0.136907785162,-1.10983509877,0.212072843683,
1450287821.53,-0.706398152014,0.265378676001,0.190980607874,0.216674786041,0.137291280359,-1.10983509877,0.212072843683,
1450287821.55,-0.707165142407,0.264995180804,0.190597112677,0.216291290845,0.136524289966,-1.10945160357,0.213606824469,
1450287821.56,-0.707548637604,0.266145666394,0.190597112677,0.216674786041,0.137674775555,-1.11060208916,0.213223329272,
1450287821.57,-0.707165142407,0.265378676001,0.190597112677,0.217825271631,0.137291280359,-1.10983509877,0.212072843683,
1450287821.58,-0.707165142407,0.265762171198,0.190597112677,0.217058281238,0.137291280359,-1.11021859396,0.213223329272,
1450287821.6,-0.707165142407,0.265762171198,0.190597112677,0.216291290845,0.137291280359,-1.11060208916,0.212072843683,
1450287821.6,-0.707165142407,0.265762171198,0.189830122284,0.217058281238,0.137291280359,-1.11060208916,0.212839834076,
1450287821.61,-0.707165142407,0.265378676001,0.19021361748,0.217441776434,0.136907785162,-1.10983509877,0.212839834076,
1450287821.62,-0.707548637604,0.266145666394,0.189830122284,0.217058281238,0.137674775555,-1.10983509877,0.213223329272,
1450287821.64,-0.707548637604,0.264995180804,0.190980607874,0.217058281238,0.136524289966,-1.11021859396,0.213223329272,
1450287821.64,-0.707165142407,0.265378676001,0.189830122284,0.217058281238,0.136907785162,-1.10983509877,0.212072843683,
1450287821.65,-0.707548637604,0.266145666394,0.189830122284,0.217441776434,0.137291280359,-1.10945160357,0.212072843683,
1450287821.66,-0.707165142407,0.266529161591,0.190980607874,0.217058281238,0.137674775555,-1.10983509877,0.213223329272,
1450287821.68,-0.706781647211,0.266145666394,0.19021361748,0.217058281238,0.136907785162,-1.11021859396,0.212072843683,
1450287821.68,-0.707165142407,0.266145666394,0.190597112677,0.216674786041,0.136907785162,-1.10945160357,0.213223329272,
1450287821.69,-0.707165142407,0.265378676001,0.190597112677,0.217058281238,0.136907785162,-1.10983509877,0.212839834076,
1450287821.7,-0.707165142407,0.266145666394,0.19021361748,0.216291290845,0.137291280359,-1.10906810837,0.212839834076,
1450287821.73,-0.706398152014,0.265378676001,0.190597112677,0.215907795648,0.136907785162,-1.10983509877,0.211689348486,
1450287821.73,-0.706781647211,0.265762171198,0.19136410307,0.217058281238,0.136907785162,-1.11021859396,0.211689348486,
1450287821.74,-0.707548637604,0.266145666394,0.190597112677,0.217441776434,0.137291280359,-1.10983509877,0.212839834076,
1450287821.75,-0.707165142407,0.265762171198,0.190597112677,0.217058281238,0.137674775555,-1.11021859396,0.211689348486,
1450287821.77,-0.707548637604,0.264995180804,0.189830122284,0.216674786041,0.138058270752,-1.11021859396,0.212072843683,
1450287821.77,-0.706398152014,0.265378676001,0.19021361748,0.217058281238,0.136907785162,-1.10983509877,0.213223329272,
1450287821.78,-0.707165142407,0.264995180804,0.190980607874,0.217058281238,0.137674775555,-1.10983509877,0.211689348486,
1450287821.79,-0.707165142407,0.265378676001,0.190597112677,0.216674786041,0.137291280359,-1.11021859396,0.213223329272,
1450287821.81,-0.707548637604,0.266145666394,0.19021361748,0.217441776434,0.136907785162,-1.11021859396,0.213223329272,
1450287821.81,-0.707165142407,0.266145666394,0.190597112677,0.217058281238,0.136140794769,-1.10983509877,0.212072843683,
1450287821.82,-0.707548637604,0.265762171198,0.190980607874,0.216291290845,0.137291280359,-1.10983509877,0.213223329272,
1450287821.83,-0.707548637604,0.265762171198,0.189830122284,0.217441776434,0.137674775555,-1.10983509877,0.212839834076,
1450287821.85,-0.707165142407,0.265762171198,0.189830122284,0.216674786041,0.136907785162,-1.10983509877,0.213223329272,
1450287821.85,-0.707548637604,0.265762171198,0.190597112677,0.217058281238,0.137291280359,-1.10945160357,0.212072843683,
1450287821.86,-0.707165142407,0.265762171198,0.190597112677,0.216291290845,0.137291280359,-1.10945160357,0.213223329272,
1450287821.87,-0.707548637604,0.265762171198,0.189830122284,0.217058281238,0.137291280359,-1.10945160357,0.213223329272,
1450287821.89,-0.706398152014,0.265378676001,0.190597112677,0.216674786041,0.137291280359,-1.10945160357,0.212839834076,
1450287821.89,-0.707548637604,0.265762171198,0.19021361748,0.217058281238,0.138058270752,-1.10868461318,0.211689348486,
1450287821.9,-0.707548637604,0.266529161591,0.190597112677,0.217058281238,0.137291280359,-1.10945160357,0.212839834076,
1450287821.91,-0.707165142407,0.265378676001,0.189830122284,0.215907795648,0.137291280359,-1.10906810837,0.212839834076,
1450287821.94,-0.707165142407,0.265378676001,0.19021361748,0.217058281238,0.136907785162,-1.10868461318,0.212839834076,
1450287821.94,-0.707165142407,0.265762171198,0.190597112677,0.217825271631,0.137674775555,-1.10830111798,0.213606824469,
1450287821.95,-0.707548637604,0.265762171198,0.19021361748,0.216291290845,0.137291280359,-1.10868461318,0.213606824469,
1450287821.96,-0.706781647211,0.265378676001,0.190980607874,0.216291290845,0.136907785162,-1.10791762278,0.212072843683,
1450287821.98,-0.706781647211,0.265762171198,0.190597112677,0.217058281238,0.136907785162,-1.10753412759,0.213223329272,
1450287821.98,-0.707548637604,0.265378676001,0.190980607874,0.216674786041,0.137291280359,-1.10791762278,0.212072843683,
1450287821.99,-0.707165142407,0.265378676001,0.189830122284,0.216291290845,0.137291280359,-1.10791762278,0.213223329272,
1450287822.0,-0.706781647211,0.265378676001,0.19021361748,0.217058281238,0.137291280359,-1.10715063239,0.212839834076,
1450287822.02,-0.706781647211,0.264995180804,0.190597112677,0.216674786041,0.137674775555,-1.10715063239,0.212839834076,
1450287822.02,-0.707548637604,0.265378676001,0.190597112677,0.216674786041,0.136907785162,-1.10715063239,0.212072843683,
1450287822.03,-0.707165142407,0.264611685608,0.189830122284,0.215907795648,0.136907785162,-1.10676713719,0.213606824469,
1450287822.04,-0.707548637604,0.265378676001,0.19021361748,0.217058281238,0.137291280359,-1.106383642,0.213223329272,
1450287822.06,-0.707165142407,0.265378676001,0.190597112677,0.217441776434,0.137291280359,-1.1060001468,0.212839834076,
1450287822.06,-0.707548637604,0.264995180804,0.189830122284,0.216674786041,0.136907785162,-1.10676713719,0.212072843683,
1450287822.07,-0.707548637604,0.265378676001,0.190597112677,0.216674786041,0.137291280359,-1.1060001468,0.212072843683,
1450287822.08,-0.707548637604,0.265378676001,0.19021361748,0.216674786041,0.136907785162,-1.10676713719,0.212072843683,
1450287822.1,-0.707165142407,0.264611685608,0.190980607874,0.216674786041,0.137674775555,-1.106383642,0.211689348486,
1450287822.1,-0.707548637604,0.265378676001,0.190980607874,0.216674786041,0.136907785162,-1.10676713719,0.212839834076,
1450287822.11,-0.706398152014,0.264611685608,0.190597112677,0.216291290845,0.136524289966,-1.10676713719,0.212839834076,
1450287822.12,-0.706781647211,0.265378676001,0.190597112677,0.216674786041,0.137291280359,-1.10715063239,0.212072843683,
1450287822.15,-0.706781647211,0.265378676001,0.190597112677,0.216291290845,0.137674775555,-1.10676713719,0.211689348486,
1450287822.15,-0.707548637604,0.265762171198,0.190597112677,0.215907795648,0.136907785162,-1.10676713719,0.212839834076,
1450287822.16,-0.707548637604,0.264995180804,0.189830122284,0.215907795648,0.137291280359,-1.10676713719,0.213223329272,
1450287822.17,-0.707165142407,0.265762171198,0.190597112677,0.216674786041,0.136907785162,-1.10676713719,0.212839834076,
1450287822.19,-0.707165142407,0.265378676001,0.190980607874,0.217441776434,0.136907785162,-1.10676713719,0.213223329272,
1450287822.19,-0.707548637604,0.264995180804,0.19021361748,0.216674786041,0.136907785162,-1.10676713719,0.213223329272,
1450287822.2,-0.7079321328,0.266145666394,0.189830122284,0.216291290845,0.137291280359,-1.10676713719,0.212839834076,
1450287822.21,-0.707165142407,0.265378676001,0.189830122284,0.216674786041,0.137674775555,-1.10676713719,0.212072843683,
1450287822.23,-0.707548637604,0.265762171198,0.190597112677,0.216674786041,0.137291280359,-1.1060001468,0.212839834076,
1450287822.23,-0.7079321328,0.265762171198,0.190597112677,0.216674786041,0.137674775555,-1.106383642,0.213223329272,
1450287822.24,-0.707548637604,0.265762171198,0.190597112677,0.216674786041,0.137291280359,-1.10676713719,0.212839834076,
1450287822.25,-0.707548637604,0.266145666394,0.190597112677,0.215524300452,0.137674775555,-1.1060001468,0.212072843683,
1450287822.27,-0.707548637604,0.264995180804,0.190980607874,0.215524300452,0.136907785162,-1.10676713719,0.213223329272,
1450287822.27,-0.707165142407,0.264995180804,0.189830122284,0.215907795648,0.136524289966,-1.10676713719,0.212839834076,
1450287822.28,-0.707548637604,0.264995180804,0.190597112677,0.216291290845,0.137291280359,-1.10676713719,0.212839834076,
1450287822.29,-0.708699123193,0.264611685608,0.190980607874,0.217058281238,0.136524289966,-1.10676713719,0.213223329272,
1450287822.32,-0.707548637604,0.265378676001,0.19021361748,0.216674786041,0.137291280359,-1.10715063239,0.213223329272,
1450287822.32,-0.708315627997,0.265378676001,0.190980607874,0.215907795648,0.136907785162,-1.10676713719,0.212072843683,
1450287822.33,-0.7079321328,0.264995180804,0.189830122284,0.216674786041,0.136907785162,-1.10676713719,0.212072843683,
1450287822.34,-0.707548637604,0.266145666394,0.190980607874,0.216674786041,0.136907785162,-1.10676713719,0.213606824469,
1450287822.36,-0.707548637604,0.265378676001,0.190597112677,0.216674786041,0.136907785162,-1.106383642,0.212839834076,
1450287822.36,-0.707165142407,0.264995180804,0.190980607874,0.217441776434,0.136907785162,-1.106383642,0.213223329272,
1450287822.37,-0.7079321328,0.265378676001,0.189830122284,0.216291290845,0.137674775555,-1.1060001468,0.212839834076,
1450287822.38,-0.7079321328,0.265378676001,0.190980607874,0.216291290845,0.137291280359,-1.1060001468,0.213223329272,
1450287822.4,-0.7079321328,0.264995180804,0.190597112677,0.216674786041,0.136907785162,-1.10676713719,0.213606824469,
1450287822.4,-0.707548637604,0.264995180804,0.19136410307,0.216674786041,0.136907785162,-1.10676713719,0.212839834076,
1450287822.41,-0.7079321328,0.264995180804,0.190980607874,0.217058281238,0.136907785162,-1.1060001468,0.213223329272,
1450287822.42,-0.708315627997,0.265378676001,0.19021361748,0.217058281238,0.137291280359,-1.106383642,0.212839834076,
1450287822.44,-0.708699123193,0.266145666394,0.190597112677,0.216291290845,0.137291280359,-1.106383642,0.213223329272,
1450287822.45,-0.7079321328,0.265378676001,0.190597112677,0.216291290845,0.137674775555,-1.10676713719,0.212839834076,
1450287822.45,-0.708699123193,0.266145666394,0.19021361748,0.216674786041,0.136907785162,-1.106383642,0.213223329272,
1450287822.46,-0.708315627997,0.266145666394,0.189830122284,0.217441776434,0.136907785162,-1.10676713719,0.213223329272,
1450287822.49,-0.708699123193,0.265378676001,0.190597112677,0.216674786041,0.136907785162,-1.106383642,0.212839834076,
1450287822.49,-0.7079321328,0.264995180804,0.189830122284,0.216674786041,0.136907785162,-1.106383642,0.212072843683,
1450287822.5,-0.708699123193,0.265762171198,0.190597112677,0.217058281238,0.137291280359,-1.106383642,0.212839834076,
1450287822.51,-0.70908261839,0.265378676001,0.19021361748,0.216674786041,0.137291280359,-1.106383642,0.212839834076,
1450287822.53,-0.708699123193,0.264611685608,0.190597112677,0.216674786041,0.136907785162,-1.106383642,0.212072843683,
1450287822.53,-0.70908261839,0.265762171198,0.190597112677,0.216291290845,0.137291280359,-1.106383642,0.212839834076,
1450287822.54,-0.708699123193,0.264995180804,0.190597112677,0.216674786041,0.137674775555,-1.10676713719,0.212839834076,
1450287822.55,-0.709466113586,0.264995180804,0.19021361748,0.216291290845,0.137291280359,-1.1060001468,0.213223329272,
1450287822.57,-0.708315627997,0.264995180804,0.190597112677,0.216291290845,0.137674775555,-1.106383642,0.212072843683,
1450287822.57,-0.70908261839,0.265378676001,0.19021361748,0.216674786041,0.136907785162,-1.10676713719,0.213223329272,
1450287822.58,-0.708699123193,0.264995180804,0.19136410307,0.217058281238,0.137291280359,-1.10715063239,0.213223329272,
1450287822.59,-0.708699123193,0.265762171198,0.19021361748,0.216291290845,0.137291280359,-1.106383642,0.212072843683,
1450287822.61,-0.709466113586,0.264611685608,0.190597112677,0.217058281238,0.136907785162,-1.10676713719,0.213223329272,
1450287822.61,-0.70908261839,0.265378676001,0.19021361748,0.216674786041,0.137291280359,-1.10676713719,0.212839834076,
1450287822.62,-0.709466113586,0.264995180804,0.19021361748,0.217058281238,0.137291280359,-1.106383642,0.212072843683,
1450287822.63,-0.70908261839,0.264995180804,0.19021361748,0.217058281238,0.136907785162,-1.1060001468,0.212072843683,
1450287822.65,-0.709466113586,0.266145666394,0.19021361748,0.216674786041,0.137291280359,-1.10676713719,0.212072843683,
1450287822.65,-0.70908261839,0.265762171198,0.190597112677,0.217441776434,0.136907785162,-1.106383642,0.212072843683,
1450287822.66,-0.709466113586,0.264995180804,0.19021361748,0.216291290845,0.137291280359,-1.106383642,0.213223329272,
1450287822.67,-0.70908261839,0.265378676001,0.19136410307,0.216674786041,0.136907785162,-1.1060001468,0.212839834076,
1450287822.7,-0.708699123193,0.264611685608,0.190597112677,0.216674786041,0.137291280359,-1.106383642,0.212839834076,
1450287822.7,-0.70908261839,0.264995180804,0.190597112677,0.216291290845,0.136907785162,-1.1060001468,0.212072843683,
1450287822.71,-0.709849608783,0.264995180804,0.190980607874,0.217058281238,0.137291280359,-1.10561665161,0.213223329272,
1450287822.72,-0.70908261839,0.265378676001,0.19021361748,0.216674786041,0.136907785162,-1.1060001468,0.211689348486,
1450287822.74,-0.710233103979,0.265378676001,0.19021361748,0.216674786041,0.136907785162,-1.10523315641,0.212072843683,
1450287822.74,-0.709849608783,0.264995180804,0.190597112677,0.216674786041,0.137674775555,-1.10561665161,0.213223329272,
1450287822.75,-0.709466113586,0.264995180804,0.189830122284,0.215907795648,0.137291280359,-1.10484966121,0.213223329272,
1450287822.76,-0.709849608783,0.265378676001,0.19021361748,0.216674786041,0.137291280359,-1.10561665161,0.213223329272,
1450287822.78,-0.709466113586,0.265378676001,0.190980607874,0.215907795648,0.136907785162,-1.10408267082,0.213223329272,
1450287822.78,-0.709849608783,0.264611685608,0.190597112677,0.216674786041,0.137291280359,-1.10484966121,0.213223329272,
1450287822.79,-0.709849608783,0.265378676001,0.190980607874,0.217058281238,0.136524289966,-1.10331568043,0.212839834076,
1450287822.8,-0.709466113586,0.264611685608,0.190597112677,0.217058281238,0.137291280359,-1.10369917562,0.212839834076,
1450287822.82,-0.709466113586,0.264995180804,0.19021361748,0.216674786041,0.137291280359,-1.10369917562,0.213223329272,
1450287822.82,-0.708699123193,0.264611685608,0.190597112677,0.216674786041,0.137291280359,-1.10331568043,0.213223329272,
1450287822.83,-0.710233103979,0.265378676001,0.19021361748,0.217441776434,0.136907785162,-1.10293218523,0.212839834076,
1450287822.85,-0.709466113586,0.264995180804,0.19021361748,0.216291290845,0.137291280359,-1.10369917562,0.212072843683,
1450287822.87,-0.709849608783,0.264995180804,0.189446627087,0.216291290845,0.136524289966,-1.10254869003,0.212072843683,
1450287822.87,-0.709466113586,0.265378676001,0.19021361748,0.216291290845,0.136907785162,-1.10293218523,0.211689348486,
1450287822.88,-0.70908261839,0.265762171198,0.19021361748,0.216674786041,0.136907785162,-1.10293218523,0.212072843683,
1450287822.89,-0.709849608783,0.265378676001,0.190980607874,0.217058281238,0.136907785162,-1.10254869003,0.212072843683,
1450287822.91,-0.709849608783,0.265378676001,0.189830122284,0.217058281238,0.136907785162,-1.10254869003,0.212839834076,
1450287822.91,-0.709849608783,0.264611685608,0.19021361748,0.217058281238,0.136524289966,-1.10139820444,0.212072843683,
1450287822.92,-0.709466113586,0.264995180804,0.19021361748,0.216674786041,0.136907785162,-1.10178169964,0.213223329272,
1450287822.93,-0.708699123193,0.264995180804,0.190980607874,0.216674786041,0.137291280359,-1.10293218523,0.212839834076,
1450287822.95,-0.709466113586,0.264228190411,0.190980607874,0.216674786041,0.136907785162,-1.10293218523,0.212072843683,
1450287822.95,-0.709849608783,0.265762171198,0.190980607874,0.216291290845,0.137291280359,-1.10254869003,0.213223329272,
1450287822.96,-0.709849608783,0.264995180804,0.189830122284,0.216291290845,0.137291280359,-1.10216519484,0.212839834076,
1450287822.97,-0.709466113586,0.265378676001,0.190597112677,0.217058281238,0.136524289966,-1.10254869003,0.212839834076,
1450287822.99,-0.709466113586,0.264995180804,0.189830122284,0.216291290845,0.136907785162,-1.10254869003,0.212072843683,
1450287823.0,-0.709466113586,0.265378676001,0.191747598267,0.217058281238,0.136907785162,-1.10331568043,0.213223329272,
1450287823.01,-0.70908261839,0.265762171198,0.189446627087,0.215907795648,0.136524289966,-1.10254869003,0.213223329272,
1450287823.02,-0.709466113586,0.264611685608,0.19021361748,0.216291290845,0.136907785162,-1.10216519484,0.212839834076,
1450287823.04,-0.70908261839,0.264611685608,0.19021361748,0.216291290845,0.136907785162,-1.10216519484,0.212072843683,
1450287823.04,-0.709849608783,0.264995180804,0.19021361748,0.217058281238,0.136907785162,-1.10216519484,0.212839834076,
1450287823.05,-0.709466113586,0.264995180804,0.190597112677,0.215907795648,0.136907785162,-1.10254869003,0.213223329272,
1450287823.06,-0.709466113586,0.265378676001,0.19021361748,0.216291290845,0.136907785162,-1.10216519484,0.212839834076,
1450287823.08,-0.710233103979,0.264995180804,0.189830122284,0.215907795648,0.136907785162,-1.10293218523,0.213223329272,
1450287823.08,-0.70908261839,0.265762171198,0.190597112677,0.216674786041,0.137291280359,-1.10254869003,0.212072843683,
1450287823.09,-0.709466113586,0.265378676001,0.190597112677,0.217058281238,0.137674775555,-1.10254869003,0.212839834076,
1450287823.1,-0.70908261839,0.265762171198,0.19021361748,0.216291290845,0.136907785162,-1.10216519484,0.213223329272,
1450287823.12,-0.709466113586,0.264611685608,0.19021361748,0.216674786041,0.136140794769,-1.10178169964,0.212839834076,
1450287823.12,-0.709849608783,0.265762171198,0.189830122284,0.216291290845,0.137291280359,-1.10254869003,0.213223329272,
1450287823.13,-0.709849608783,0.265378676001,0.190597112677,0.216291290845,0.137291280359,-1.10216519484,0.212072843683,
1450287823.14,-0.709466113586,0.265762171198,0.19021361748,0.216291290845,0.137291280359,-1.10216519484,0.212839834076,
1450287823.16,-0.709466113586,0.264611685608,0.189830122284,0.215907795648,0.136907785162,-1.10216519484,0.212072843683,
1450287823.16,-0.709849608783,0.264995180804,0.190597112677,0.216291290845,0.136907785162,-1.10216519484,0.212839834076,
1450287823.17,-0.709466113586,0.264995180804,0.190980607874,0.216674786041,0.136907785162,-1.10216519484,0.212839834076,
1450287823.18,-0.709466113586,0.265762171198,0.189446627087,0.216674786041,0.136907785162,-1.10254869003,0.212072843683,
1450287823.21,-0.709466113586,0.265378676001,0.189830122284,0.216291290845,0.137291280359,-1.10254869003,0.213223329272,
1450287823.21,-0.709849608783,0.264995180804,0.19021361748,0.217058281238,0.136907785162,-1.10254869003,0.213223329272,
1450287823.22,-0.709849608783,0.265378676001,0.190597112677,0.217441776434,0.137674775555,-1.10293218523,0.213223329272,
1450287823.23,-0.70908261839,0.264995180804,0.190597112677,0.217058281238,0.136524289966,-1.10216519484,0.212839834076,
1450287823.25,-0.70908261839,0.264995180804,0.19021361748,0.217058281238,0.136907785162,-1.10178169964,0.213223329272,
1450287823.25,-0.70908261839,0.264995180804,0.189063131891,0.216291290845,0.136524289966,-1.10293218523,0.213606824469,
1450287823.26,-0.70908261839,0.264995180804,0.190980607874,0.217058281238,0.136907785162,-1.10254869003,0.213223329272,
1450287823.27,-0.709466113586,0.265378676001,0.19021361748,0.216674786041,0.137674775555,-1.10216519484,0.213223329272,
1450287823.29,-0.709849608783,0.265378676001,0.190980607874,0.216674786041,0.136907785162,-1.10216519484,0.213606824469,
1450287823.29,-0.709849608783,0.264611685608,0.190597112677,0.217058281238,0.136907785162,-1.10254869003,0.212839834076,
1450287823.3,-0.709849608783,0.264611685608,0.190980607874,0.216674786041,0.136907785162,-1.10254869003,0.211689348486,
1450287823.31,-0.710233103979,0.264611685608,0.189830122284,0.216674786041,0.137291280359,-1.10293218523,0.212072843683,
1450287823.33,-0.709466113586,0.265378676001,0.190980607874,0.216674786041,0.136907785162,-1.10216519484,0.211689348486,
1450287823.33,-0.709849608783,0.264995180804,0.19021361748,0.216674786041,0.136907785162,-1.10216519484,0.212839834076,
1450287823.34,-0.709466113586,0.264611685608,0.189830122284,0.216674786041,0.137674775555,-1.10254869003,0.212839834076,
1450287823.35,-0.710233103979,0.265378676001,0.189830122284,0.216291290845,0.136907785162,-1.10254869003,0.212072843683,
1450287823.37,-0.709849608783,0.264611685608,0.189446627087,0.216674786041,0.136907785162,-1.10254869003,0.212839834076,
1450287823.37,-0.709466113586,0.265378676001,0.19021361748,0.215907795648,0.136524289966,-1.10254869003,0.213223329272,
1450287823.38,-0.710233103979,0.264611685608,0.19021361748,0.216674786041,0.137291280359,-1.10216519484,0.212072843683,
1450287823.39,-0.709466113586,0.264995180804,0.189830122284,0.216674786041,0.137291280359,-1.10293218523,0.212839834076,
1450287823.42,-0.709466113586,0.264995180804,0.190980607874,0.217058281238,0.137291280359,-1.10293218523,0.212072843683,
1450287823.42,-0.70908261839,0.264995180804,0.189830122284,0.216674786041,0.137291280359,-1.10254869003,0.213223329272,
1450287823.43,-0.709849608783,0.264611685608,0.189830122284,0.215907795648,0.136524289966,-1.10254869003,0.212839834076,
1450287823.44,-0.710233103979,0.265378676001,0.19021361748,0.216291290845,0.137291280359,-1.10254869003,0.212839834076,
1450287823.46,-0.709466113586,0.264995180804,0.189830122284,0.216674786041,0.136907785162,-1.10254869003,0.212839834076,
1450287823.46,-0.710233103979,0.264995180804,0.189830122284,0.216291290845,0.137291280359,-1.10254869003,0.212072843683,
1450287823.47,-0.709466113586,0.265762171198,0.190597112677,0.216674786041,0.136907785162,-1.10254869003,0.213223329272,
1450287823.48,-0.709466113586,0.266145666394,0.19021361748,0.217058281238,0.136524289966,-1.10178169964,0.212839834076,
1450287823.5,-0.709849608783,0.265378676001,0.190597112677,0.216291290845,0.136907785162,-1.10178169964,0.212839834076,
1450287823.5,-0.709466113586,0.265762171198,0.190597112677,0.216291290845,0.136524289966,-1.10139820444,0.213606824469,
1450287823.51,-0.709849608783,0.265378676001,0.19021361748,0.217441776434,0.136907785162,-1.10254869003,0.212839834076,
1450287823.52,-0.709849608783,0.264995180804,0.19021361748,0.216291290845,0.136907785162,-1.10254869003,0.211689348486,
1450287823.54,-0.70908261839,0.264995180804,0.190597112677,0.217058281238,0.137674775555,-1.10254869003,0.213223329272,
1450287823.54,-0.710233103979,0.264611685608,0.190597112677,0.216291290845,0.137674775555,-1.10254869003,0.212839834076,
1450287823.55,-0.709466113586,0.264611685608,0.19021361748,0.216674786041,0.137291280359,-1.10254869003,0.212839834076,
1450287823.56,-0.709849608783,0.264611685608,0.189830122284,0.216291290845,0.137291280359,-1.10293218523,0.212072843683,
1450287823.58,-0.710233103979,0.265378676001,0.190597112677,0.216674786041,0.136907785162,-1.10293218523,0.213223329272,
1450287823.58,-0.709849608783,0.264611685608,0.19021361748,0.217058281238,0.136524289966,-1.10254869003,0.212072843683,
1450287823.59,-0.709849608783,0.264611685608,0.189063131891,0.216291290845,0.136907785162,-1.10216519484,0.212072843683,
1450287823.61,-0.709466113586,0.265762171198,0.190980607874,0.217058281238,0.136524289966,-1.10331568043,0.212839834076,
1450287823.63,-0.710233103979,0.264995180804,0.189830122284,0.216291290845,0.137291280359,-1.10254869003,0.212839834076,
1450287823.63,-0.710233103979,0.264995180804,0.189830122284,0.217058281238,0.136140794769,-1.10216519484,0.212072843683,
1450287823.64,-0.709466113586,0.264995180804,0.189830122284,0.217058281238,0.137291280359,-1.10254869003,0.212072843683,
1450287823.65,-0.709849608783,0.264995180804,0.190597112677,0.216291290845,0.137291280359,-1.10216519484,0.212839834076,
1450287823.67,-0.710616599176,0.264611685608,0.189446627087,0.216674786041,0.137674775555,-1.10254869003,0.212839834076,
1450287823.67,-0.710616599176,0.265378676001,0.189830122284,0.216291290845,0.136907785162,-1.10254869003,0.212072843683,
1450287823.68,-0.709849608783,0.265378676001,0.189830122284,0.216674786041,0.136907785162,-1.10216519484,0.213223329272,
1450287823.69,-0.709849608783,0.264995180804,0.189830122284,0.217058281238,0.137291280359,-1.10254869003,0.212839834076,
1450287823.71,-0.709466113586,0.264995180804,0.189446627087,0.216674786041,0.137291280359,-1.10254869003,0.212072843683,
1450287823.71,-0.709466113586,0.264995180804,0.19021361748,0.216674786041,0.136907785162,-1.10293218523,0.212839834076,
1450287823.72,-0.709466113586,0.264995180804,0.190597112677,0.216291290845,0.137291280359,-1.10216519484,0.212839834076,
1450287823.73,-0.709466113586,0.264995180804,0.189830122284,0.216291290845,0.137291280359,-1.10254869003,0.212072843683,
1450287823.75,-0.710233103979,0.264995180804,0.19021361748,0.217441776434,0.137291280359,-1.10216519484,0.212072843683,
1450287823.75,-0.710233103979,0.264995180804,0.190980607874,0.216291290845,0.137291280359,-1.10216519484,0.211689348486,
1450287823.76,-0.710616599176,0.264611685608,0.190980607874,0.216674786041,0.136524289966,-1.10216519484,0.212839834076,
1450287823.77,-0.710233103979,0.264611685608,0.189446627087,0.216291290845,0.136524289966,-1.10216519484,0.211689348486,
1450287823.79,-0.709849608783,0.264611685608,0.19021361748,0.217058281238,0.136524289966,-1.10216519484,0.213223329272,
1450287823.79,-0.710616599176,0.265762171198,0.189063131891,0.216674786041,0.137291280359,-1.10254869003,0.212839834076,
1450287823.8,-0.710233103979,0.264995180804,0.19021361748,0.217058281238,0.137291280359,-1.10178169964,0.212072843683,
1450287823.81,-0.710233103979,0.264995180804,0.189830122284,0.216291290845,0.136907785162,-1.10216519484,0.213606824469,
1450287823.83,-0.709849608783,0.264995180804,0.189446627087,0.217058281238,0.137291280359,-1.10178169964,0.212839834076,
1450287823.84,-0.710233103979,0.264995180804,0.189446627087,0.216674786041,0.136524289966,-1.10216519484,0.212839834076,
1450287823.85,-0.709849608783,0.265378676001,0.19021361748,0.216674786041,0.136907785162,-1.10254869003,0.213223329272,
1450287823.86,-0.709849608783,0.264995180804,0.189830122284,0.216674786041,0.137291280359,-1.10254869003,0.213223329272,
1450287823.88,-0.710616599176,0.264995180804,0.189446627087,0.216674786041,0.136524289966,-1.10216519484,0.212072843683,
1450287823.88,-0.710616599176,0.264995180804,0.189830122284,0.216674786041,0.136907785162,-1.10254869003,0.213223329272,
1450287823.89,-0.710233103979,0.264995180804,0.190597112677,0.216674786041,0.136524289966,-1.10178169964,0.212839834076,
1450287823.9,-0.710233103979,0.265378676001,0.190597112677,0.217058281238,0.136524289966,-1.10216519484,0.213223329272,
1450287823.92,-0.710233103979,0.265762171198,0.189446627087,0.216674786041,0.137291280359,-1.10293218523,0.211689348486,
1450287823.92,-0.709849608783,0.264995180804,0.189830122284,0.215907795648,0.137291280359,-1.10216519484,0.211689348486,
1450287823.93,-0.710233103979,0.265762171198,0.189446627087,0.216674786041,0.137291280359,-1.10216519484,0.212839834076,
1450287823.94,-0.710616599176,0.264995180804,0.19021361748,0.216674786041,0.136524289966,-1.10293218523,0.212072843683,
1450287823.96,-0.709849608783,0.264995180804,0.189830122284,0.216674786041,0.136524289966,-1.10178169964,0.213223329272,
1450287823.96,-0.709466113586,0.264995180804,0.19021361748,0.216674786041,0.136907785162,-1.10216519484,0.212072843683,
1450287823.97,-0.710233103979,0.265378676001,0.190597112677,0.217441776434,0.136907785162,-1.10216519484,0.212072843683,
1450287823.98,-0.710233103979,0.264611685608,0.19021361748,0.216291290845,0.136907785162,-1.10216519484,0.212839834076,
1450287824.01,-0.710233103979,0.264995180804,0.189446627087,0.217058281238,0.136907785162,-1.10216519484,0.212839834076,
1450287824.01,-0.710616599176,0.265378676001,0.19021361748,0.216674786041,0.136907785162,-1.10254869003,0.213606824469,
1450287824.02,-0.710233103979,0.264995180804,0.189830122284,0.216291290845,0.136907785162,-1.10293218523,0.212072843683,
1450287824.03,-0.710616599176,0.265378676001,0.189830122284,0.215907795648,0.137291280359,-1.10254869003,0.213606824469,
1450287824.05,-0.709849608783,0.264995180804,0.190597112677,0.216291290845,0.136524289966,-1.10331568043,0.211689348486,
1450287824.05,-0.711000094373,0.265378676001,0.19021361748,0.217058281238,0.136907785162,-1.10216519484,0.213606824469,
1450287824.06,-0.710233103979,0.265378676001,0.189446627087,0.216674786041,0.136907785162,-1.10254869003,0.213606824469,
1450287824.07,-0.710616599176,0.264611685608,0.19021361748,0.217058281238,0.136524289966,-1.10254869003,0.212072843683,
1450287824.09,-0.710233103979,0.264995180804,0.19021361748,0.216674786041,0.136524289966,-1.10254869003,0.212839834076,
1450287824.09,-0.710233103979,0.265378676001,0.19021361748,0.216674786041,0.136907785162,-1.10216519484,0.212072843683,
1450287824.1,-0.710616599176,0.264611685608,0.189446627087,0.216291290845,0.137291280359,-1.10216519484,0.212839834076,
1450287824.11,-0.709849608783,0.265378676001,0.19021361748,0.216674786041,0.136140794769,-1.10216519484,0.212072843683,
1450287824.13,-0.710616599176,0.264995180804,0.189446627087,0.216674786041,0.136524289966,-1.10331568043,0.212839834076,
1450287824.13,-0.710616599176,0.264611685608,0.189446627087,0.216291290845,0.136524289966,-1.10216519484,0.213223329272,
1450287824.14,-0.710616599176,0.265378676001,0.189830122284,0.216674786041,0.136524289966,-1.10216519484,0.212839834076,
1450287824.15,-0.710233103979,0.265762171198,0.190980607874,0.216674786041,0.136907785162,-1.10254869003,0.212072843683,
1450287824.18,-0.710233103979,0.265378676001,0.19021361748,0.216291290845,0.136907785162,-1.10216519484,0.212072843683,
1450287824.18,-0.709849608783,0.264995180804,0.19021361748,0.217058281238,0.136907785162,-1.10254869003,0.212839834076,
1450287824.19,-0.710233103979,0.265378676001,0.189446627087,0.217058281238,0.136907785162,-1.10293218523,0.213223329272,
1450287824.2,-0.709849608783,0.265762171198,0.19021361748,0.216291290845,0.137291280359,-1.10293218523,0.211689348486,
1450287824.22,-0.709849608783,0.264611685608,0.189446627087,0.217058281238,0.136140794769,-1.10254869003,0.212839834076,
1450287824.22,-0.710233103979,0.265762171198,0.189446627087,0.216674786041,0.136907785162,-1.10254869003,0.212072843683,
1450287824.23,-0.710616599176,0.265378676001,0.190597112677,0.215907795648,0.136524289966,-1.10254869003,0.212839834076,
1450287824.24,-0.710616599176,0.264995180804,0.189446627087,0.216291290845,0.136907785162,-1.10331568043,0.212839834076,
1450287824.26,-0.711383589569,0.264995180804,0.189830122284,0.216291290845,0.137291280359,-1.10216519484,0.213223329272,
1450287824.26,-0.710233103979,0.264995180804,0.190597112677,0.215140805255,0.136524289966,-1.10254869003,0.212072843683,
1450287824.27,-0.709849608783,0.265378676001,0.189446627087,0.216674786041,0.136524289966,-1.10293218523,0.211689348486,
1450287824.28,-0.711000094373,0.265378676001,0.189830122284,0.217441776434,0.136907785162,-1.10293218523,0.212839834076,
1450287824.3,-0.710233103979,0.264995180804,0.189063131891,0.215524300452,0.136907785162,-1.10254869003,0.212839834076,
1450287824.3,-0.710616599176,0.264995180804,0.19021361748,0.216291290845,0.136524289966,-1.10254869003,0.212839834076,
1450287824.31,-0.710233103979,0.265762171198,0.19021361748,0.216291290845,0.136907785162,-1.10293218523,0.213606824469,
1450287824.32,-0.710233103979,0.265378676001,0.19021361748,0.217058281238,0.136524289966,-1.10331568043,0.212839834076,
1450287824.34,-0.710233103979,0.264611685608,0.190597112677,0.217058281238,0.136524289966,-1.10178169964,0.212072843683,
1450287824.34,-0.709849608783,0.265378676001,0.19021361748,0.216674786041,0.136524289966,-1.10293218523,0.213223329272,
1450287824.35,-0.710616599176,0.264611685608,0.189446627087,0.216674786041,0.136524289966,-1.10254869003,0.212839834076,
1450287824.37,-0.709849608783,0.264995180804,0.190597112677,0.216674786041,0.136907785162,-1.10178169964,0.212072843683,
1450287824.39,-0.709849608783,0.265378676001,0.19021361748,0.216291290845,0.136524289966,-1.10216519484,0.212839834076,
1450287824.39,-0.709849608783,0.265378676001,0.189830122284,0.217058281238,0.136907785162,-1.10216519484,0.212839834076,
1450287824.4,-0.710233103979,0.264995180804,0.189830122284,0.215907795648,0.136524289966,-1.10254869003,0.212839834076,
1450287824.41,-0.710233103979,0.264995180804,0.189830122284,0.216291290845,0.136524289966,-1.10254869003,0.212072843683,
1450287824.43,-0.710616599176,0.264995180804,0.189446627087,0.217058281238,0.136140794769,-1.10293218523,0.212072843683,
1450287824.43,-0.710233103979,0.265762171198,0.190597112677,0.216291290845,0.136524289966,-1.10254869003,0.212839834076,
1450287824.44,-0.709466113586,0.265378676001,0.189830122284,0.216674786041,0.136140794769,-1.10216519484,0.212072843683,
1450287824.45,-0.710233103979,0.264611685608,0.190980607874,0.215907795648,0.135757299573,-1.10254869003,0.212839834076,
1450287824.47,-0.710233103979,0.264995180804,0.189446627087,0.216291290845,0.13499030918,-1.10254869003,0.212072843683,
1450287824.47,-0.709849608783,0.264611685608,0.189830122284,0.216291290845,0.134606813983,-1.10178169964,0.212839834076,
1450287824.48,-0.710233103979,0.264995180804,0.190980607874,0.216291290845,0.134223318787,-1.10178169964,0.212839834076,
1450287824.49,-0.710616599176,0.264611685608,0.189063131891,0.217058281238,0.134223318787,-1.10101470925,0.213223329272,
1450287824.51,-0.709849608783,0.264611685608,0.189446627087,0.216291290845,0.133456328394,-1.10139820444,0.212839834076,
1450287824.51,-0.710233103979,0.264995180804,0.189446627087,0.215907795648,0.133072833197,-1.10101470925,0.212839834076,
1450287824.52,-0.710233103979,0.264995180804,0.189063131891,0.217058281238,0.132689338,-1.10139820444,0.212839834076,
1450287824.53,-0.710233103979,0.265378676001,0.189830122284,0.216674786041,0.133456328394,-1.10101470925,0.212072843683,
1450287824.55,-0.710233103979,0.265378676001,0.189830122284,0.217058281238,0.13383982359,-1.10063121405,0.212839834076,
1450287824.56,-0.710233103979,0.264995180804,0.189446627087,0.216674786041,0.133456328394,-1.10024771885,0.212072843683,
1450287824.57,-0.710233103979,0.265378676001,0.189446627087,0.216291290845,0.133072833197,-1.10024771885,0.212072843683,
1450287824.58,-0.710233103979,0.264995180804,0.189830122284,0.217058281238,0.133072833197,-1.10024771885,0.213223329272,
1450287824.6,-0.710616599176,0.265378676001,0.189446627087,0.217058281238,0.132689338,-1.09986422366,0.213223329272,
1450287824.6,-0.710233103979,0.265378676001,0.189063131891,0.216674786041,0.133072833197,-1.09986422366,0.212072843683,
1450287824.61,-0.709849608783,0.264995180804,0.189063131891,0.216674786041,0.133456328394,-1.09948072846,0.213223329272,
1450287824.62,-0.710233103979,0.264611685608,0.189830122284,0.217058281238,0.133072833197,-1.09871373807,0.211689348486,
1450287824.64,-0.710233103979,0.265378676001,0.189446627087,0.217058281238,0.132689338,-1.09909723326,0.212839834076,
1450287824.64,-0.710616599176,0.265378676001,0.189446627087,0.216674786041,0.133456328394,-1.09871373807,0.212839834076,
1450287824.65,-0.710233103979,0.265378676001,0.189063131891,0.216674786041,0.133072833197,-1.09871373807,0.212839834076,
1450287824.66,-0.709849608783,0.264995180804,0.189446627087,0.216291290845,0.13383982359,-1.09871373807,0.213223329272,
1450287824.68,-0.710616599176,0.264995180804,0.189830122284,0.216291290845,0.133072833197,-1.09833024287,0.212839834076,
1450287824.68,-0.710233103979,0.264995180804,0.19021361748,0.216674786041,0.132689338,-1.09833024287,0.212839834076,
1450287824.69,-0.710233103979,0.264228190411,0.189830122284,0.217058281238,0.133072833197,-1.09871373807,0.213223329272,
1450287824.7,-0.710233103979,0.265762171198,0.189446627087,0.216674786041,0.132689338,-1.09794674767,0.212072843683,
1450287824.72,-0.709849608783,0.264995180804,0.189830122284,0.216291290845,0.133072833197,-1.09794674767,0.212839834076,
1450287824.73,-0.709849608783,0.264611685608,0.189830122284,0.216674786041,0.133456328394,-1.09833024287,0.212839834076,
1450287824.73,-0.709849608783,0.264228190411,0.189063131891,0.217058281238,0.133456328394,-1.09833024287,0.212839834076,
1450287824.75,-0.710616599176,0.264611685608,0.189830122284,0.216291290845,0.132689338,-1.09833024287,0.212072843683,
1450287824.77,-0.709849608783,0.264995180804,0.189446627087,0.216674786041,0.132689338,-1.09871373807,0.212072843683,
1450287824.77,-0.711000094373,0.264995180804,0.189446627087,0.216291290845,0.133456328394,-1.09909723326,0.212839834076,
1450287824.78,-0.710616599176,0.265378676001,0.189446627087,0.216291290845,0.132689338,-1.09833024287,0.213223329272,
1450287824.79,-0.710233103979,0.264611685608,0.188679636694,0.216291290845,0.132689338,-1.09871373807,0.212839834076,
1450287824.81,-0.710233103979,0.264611685608,0.189446627087,0.216291290845,0.133072833197,-1.09833024287,0.212839834076,
1450287824.81,-0.709849608783,0.264611685608,0.189063131891,0.215907795648,0.132689338,-1.09794674767,0.213223329272,
1450287824.82,-0.709466113586,0.264995180804,0.189063131891,0.216674786041,0.133072833197,-1.09794674767,0.213223329272,
1450287824.83,-0.709849608783,0.265378676001,0.189446627087,0.216674786041,0.133456328394,-1.09833024287,0.212839834076,
1450287824.85,-0.710233103979,0.264611685608,0.189446627087,0.216674786041,0.132689338,-1.09794674767,0.213223329272,
1450287824.85,-0.710233103979,0.264995180804,0.189446627087,0.216674786041,0.132689338,-1.09871373807,0.212839834076,
1450287824.86,-0.709849608783,0.264611685608,0.188679636694,0.216674786041,0.133072833197,-1.09833024287,0.212839834076,
1450287824.87,-0.710233103979,0.264995180804,0.189063131891,0.217441776434,0.133456328394,-1.09756325248,0.212839834076,
1450287824.89,-0.709849608783,0.265762171198,0.189446627087,0.216291290845,0.132689338,-1.09794674767,0.213223329272,
1450287824.89,-0.710233103979,0.264995180804,0.189830122284,0.216674786041,0.133072833197,-1.09794674767,0.212839834076,
1450287824.9,-0.710233103979,0.264995180804,0.188679636694,0.216291290845,0.132689338,-1.09794674767,0.212839834076,
1450287824.91,-0.709849608783,0.265378676001,0.189063131891,0.216674786041,0.132689338,-1.09756325248,0.212072843683,
1450287824.93,-0.710233103979,0.264995180804,0.189830122284,0.216674786041,0.133072833197,-1.09833024287,0.212839834076,
1450287824.93,-0.711000094373,0.264995180804,0.188679636694,0.215907795648,0.132305842804,-1.09833024287,0.212072843683,
1450287824.94,-0.709466113586,0.264995180804,0.188679636694,0.216291290845,0.132305842804,-1.09794674767,0.212072843683,
1450287824.95,-0.709849608783,0.265378676001,0.189446627087,0.216674786041,0.132305842804,-1.09756325248,0.212839834076,
1450287824.98,-0.709849608783,0.264995180804,0.189063131891,0.217058281238,0.132305842804,-1.09794674767,0.212839834076,
1450287824.98,-0.710233103979,0.264228190411,0.189830122284,0.216674786041,0.132305842804,-1.09833024287,0.213223329272,
1450287824.99,-0.709466113586,0.264611685608,0.188296141498,0.216674786041,0.132305842804,-1.09794674767,0.212839834076,
1450287825.0,-0.709466113586,0.264611685608,0.189446627087,0.216291290845,0.132305842804,-1.09833024287,0.212839834076,
1450287825.02,-0.709466113586,0.264611685608,0.188296141498,0.216674786041,0.132305842804,-1.09756325248,0.212839834076,
1450287825.02,-0.709466113586,0.263844695215,0.187912646301,0.215907795648,0.131155357214,-1.09679626208,0.213223329272,
1450287825.03,-0.709466113586,0.265378676001,0.188679636694,0.215907795648,0.131155357214,-1.09679626208,0.212072843683,
1450287825.04,-0.709849608783,0.264228190411,0.189063131891,0.217058281238,0.130388366821,-1.09641276689,0.213223329272,
1450287825.06,-0.709466113586,0.265378676001,0.189063131891,0.216674786041,0.130004871625,-1.09641276689,0.212839834076,
1450287825.06,-0.709849608783,0.264228190411,0.189063131891,0.216674786041,0.129621376428,-1.0948787861,0.212839834076,
1450287825.07,-0.709849608783,0.264228190411,0.188679636694,0.216674786041,0.129621376428,-1.09449529091,0.212839834076,
1450287825.08,-0.709466113586,0.264995180804,0.189446627087,0.216674786041,0.129621376428,-1.09411179571,0.212072843683,
1450287825.1,-0.710616599176,0.264611685608,0.188679636694,0.216674786041,0.129621376428,-1.09372830051,0.212839834076,
1450287825.1,-0.710616599176,0.264995180804,0.189063131891,0.217058281238,0.129237881232,-1.09219431973,0.213223329272,
1450287825.11,-0.709849608783,0.264228190411,0.188679636694,0.216291290845,0.129237881232,-1.09142732933,0.212072843683,
1450287825.12,-0.709849608783,0.264611685608,0.189063131891,0.216674786041,0.129621376428,-1.09066033894,0.212072843683,
1450287825.14,-0.710233103979,0.264611685608,0.189063131891,0.216674786041,0.129621376428,-1.08950985335,0.212839834076,
1450287825.15,-0.709849608783,0.264611685608,0.188679636694,0.215524300452,0.129237881232,-1.08797587256,0.211689348486,
1450287825.15,-0.710233103979,0.264611685608,0.187912646301,0.216674786041,0.130004871625,-1.08644189178,0.212072843683,
1450287825.17,-0.710233103979,0.264611685608,0.189063131891,0.216674786041,0.130004871625,-1.08529140619,0.212839834076,
1450287825.19,-0.710616599176,0.264611685608,0.189446627087,0.217441776434,0.130771862018,-1.08337393021,0.211689348486,
1450287825.19,-0.711000094373,0.264228190411,0.189446627087,0.216291290845,0.130771862018,-1.08222344462,0.212839834076,
1450287825.2,-0.710233103979,0.264228190411,0.189446627087,0.216674786041,0.131155357214,-1.07992247344,0.213223329272,
1450287825.21,-0.710233103979,0.264611685608,0.188296141498,0.216674786041,0.130771862018,-1.07915548304,0.212072843683,
1450287825.23,-0.711000094373,0.264611685608,0.188296141498,0.216674786041,0.131538852411,-1.07723800706,0.212839834076,
1450287825.23,-0.711000094373,0.264995180804,0.189063131891,0.216291290845,0.131922347607,-1.07608752147,0.212839834076,
1450287825.24,-0.711383589569,0.265378676001,0.189063131891,0.217058281238,0.131538852411,-1.07378655029,0.212839834076,
1450287825.25,-0.711000094373,0.264228190411,0.188296141498,0.216291290845,0.131922347607,-1.0734030551,0.213223329272,
1450287825.27,-0.711383589569,0.265378676001,0.188296141498,0.216674786041,0.131155357214,-1.07186907431,0.212072843683,
1450287825.27,-0.711767084766,0.264995180804,0.188679636694,0.216291290845,0.131155357214,-1.06995159833,0.213223329272,
1450287825.28,-0.711383589569,0.265762171198,0.188679636694,0.216291290845,0.131922347607,-1.06803412234,0.212839834076,
1450287825.29,-0.711767084766,0.264228190411,0.189063131891,0.217058281238,0.131538852411,-1.06573315117,0.213223329272,
1450287825.32,-0.713301065552,0.264995180804,0.188679636694,0.217058281238,0.131922347607,-1.06343217999,0.212839834076,
1450287825.32,-0.712534075159,0.264611685608,0.189446627087,0.216674786041,0.131538852411,-1.06074771361,0.212072843683,
1450287825.33,-0.713301065552,0.264611685608,0.188296141498,0.216674786041,0.131155357214,-1.05767975204,0.212839834076,
1450287825.34,-0.713301065552,0.264228190411,0.188296141498,0.216291290845,0.131155357214,-1.05384480007,0.213223329272,
1450287825.36,-0.714451551141,0.264611685608,0.188679636694,0.216291290845,0.131538852411,-1.05154382889,0.213223329272,
1450287825.36,-0.713301065552,0.264611685608,0.188296141498,0.215907795648,0.131155357214,-1.04770887693,0.212072843683,
1450287825.37,-0.713684560748,0.264995180804,0.189446627087,0.216291290845,0.131538852411,-1.04540790575,0.212839834076,
1450287825.38,-0.713684560748,0.264228190411,0.188679636694,0.215907795648,0.131538852411,-1.04272343937,0.213223329272,
1450287825.4,-0.713684560748,0.264228190411,0.188679636694,0.215907795648,0.131155357214,-1.04042246819,0.213606824469,
1450287825.4,-0.713684560748,0.263844695215,0.189063131891,0.214757310059,0.131538852411,-1.03812149702,0.212839834076,
1450287825.41,-0.714068055945,0.264228190411,0.189063131891,0.215140805255,0.131155357214,-1.03773800182,0.213223329272,
1450287825.42,-0.713684560748,0.264228190411,0.189063131891,0.213223329272,0.130388366821,-1.03697101143,0.212839834076,
1450287825.44,-0.714068055945,0.264995180804,0.189063131891,0.213990319666,0.130771862018,-1.03735450662,0.213223329272,
1450287825.44,-0.714068055945,0.264611685608,0.188679636694,0.213990319666,0.131155357214,-1.03850499221,0.212839834076,
1450287825.45,-0.714451551141,0.264995180804,0.188296141498,0.212839834076,0.130771862018,-1.0392719826,0.213223329272,
1450287825.46,-0.713684560748,0.264611685608,0.189063131891,0.211689348486,0.131155357214,-1.04080596339,0.212839834076,
1450287825.48,-0.714451551141,0.264611685608,0.188296141498,0.212072843683,0.131538852411,-1.04425742016,0.213223329272,
1450287825.48,-0.713684560748,0.264611685608,0.188296141498,0.211689348486,0.130771862018,-1.04617489614,0.212839834076,
1450287825.49,-0.714068055945,0.264228190411,0.189063131891,0.21130585329,0.131155357214,-1.04885936252,0.212839834076,
1450287825.5,-0.714068055945,0.264228190411,0.188296141498,0.210538862897,0.131155357214,-1.05192732409,0.211689348486,
1450287825.53,-0.714835046338,0.264228190411,0.188296141498,0.210922358093,0.131155357214,-1.05499528566,0.212839834076,
1450287825.53,-0.713301065552,0.264611685608,0.188679636694,0.2101553677,0.131155357214,-1.05883023763,0.212839834076,
1450287825.54,-0.714068055945,0.264611685608,0.189446627087,0.210538862897,0.130771862018,-1.06266518959,0.212072843683,
1450287825.55,-0.713301065552,0.263844695215,0.189063131891,0.2101553677,0.131155357214,-1.06650014156,0.212839834076,
1450287825.57,-0.713684560748,0.264995180804,0.188296141498,0.209388377307,0.130771862018,-1.07033509352,0.212072843683,
1450287825.57,-0.713684560748,0.264228190411,0.187912646301,0.209004882111,0.131155357214,-1.0734030551,0.212072843683,
1450287825.58,-0.713301065552,0.264228190411,0.189063131891,0.208621386914,0.131155357214,-1.07647101667,0.213606824469,
1450287825.59,-0.713684560748,0.264611685608,0.188296141498,0.208621386914,0.130771862018,-1.07877198785,0.213223329272,
1450287825.61,-0.713301065552,0.264995180804,0.188679636694,0.208237891718,0.130771862018,-1.08145645422,0.212839834076,
1450287825.61,-0.713301065552,0.264228190411,0.189446627087,0.207470901324,0.130771862018,-1.08299043501,0.212839834076,
1450287825.62,-0.713684560748,0.264228190411,0.189446627087,0.207470901324,0.130388366821,-1.08337393021,0.212839834076,
1450287825.63,-0.712917570355,0.264611685608,0.189063131891,0.207087406128,0.131155357214,-1.08299043501,0.212839834076,
1450287825.65,-0.714451551141,0.263844695215,0.188679636694,0.207470901324,0.131538852411,-1.08183994942,0.211689348486,
1450287825.65,-0.714068055945,0.264228190411,0.188679636694,0.207854396521,0.131155357214,-1.08068946383,0.213606824469,
1450287825.66,-0.713684560748,0.264228190411,0.188296141498,0.208237891718,0.131155357214,-1.07877198785,0.212072843683,
1450287825.67,-0.714835046338,0.264995180804,0.188679636694,0.208237891718,0.131155357214,-1.07570402628,0.213223329272,
1450287825.69,-0.714835046338,0.263844695215,0.188679636694,0.207087406128,0.131155357214,-1.0726360647,0.212839834076,
1450287825.7,-0.714068055945,0.264228190411,0.189446627087,0.207854396521,0.131155357214,-1.06995159833,0.212839834076,
1450287825.7,-0.715218541534,0.264228190411,0.188679636694,0.208237891718,0.131538852411,-1.06611664636,0.213223329272,
1450287825.71,-0.714451551141,0.265378676001,0.189446627087,0.208621386914,0.130771862018,-1.06304868479,0.212839834076,
1450287825.74,-0.714451551141,0.264611685608,0.188296141498,0.208237891718,0.130771862018,-1.05767975204,0.213223329272,
1450287825.74,-0.714835046338,0.265378676001,0.189446627087,0.208237891718,0.130771862018,-1.05384480007,0.212072843683,
1450287825.75,-0.714451551141,0.264995180804,0.189446627087,0.208621386914,0.131155357214,-1.04962635291,0.213223329272,
1450287825.76,-0.715218541534,0.264611685608,0.189063131891,0.208237891718,0.131155357214,-1.04617489614,0.211689348486,
1450287825.78,-0.714451551141,0.264995180804,0.189063131891,0.208621386914,0.131155357214,-1.04310693457,0.213223329272,
1450287825.78,-0.715602036731,0.265762171198,0.189063131891,0.208621386914,0.131538852411,-1.040038973,0.212072843683,
1450287825.79,-0.715218541534,0.265378676001,0.189063131891,0.208237891718,0.131155357214,-1.03773800182,0.213223329272,
1450287825.8,-0.715602036731,0.264995180804,0.189063131891,0.208237891718,0.131155357214,-1.03697101143,0.212072843683,
1450287825.82,-0.714451551141,0.265378676001,0.189063131891,0.208237891718,0.130771862018,-1.03658751623,0.212839834076,
1450287825.82,-0.715218541534,0.264995180804,0.188679636694,0.208621386914,0.130771862018,-1.03582052584,0.212072843683,
1450287825.83,-0.714835046338,0.264995180804,0.188296141498,0.207854396521,0.130771862018,-1.03620402103,0.213223329272,
1450287825.84,-0.715218541534,0.264611685608,0.189063131891,0.208237891718,0.131155357214,-1.03812149702,0.212072843683,
1450287825.86,-0.715218541534,0.264611685608,0.189063131891,0.208621386914,0.130388366821,-1.040038973,0.213606824469,
1450287825.86,-0.714835046338,0.265378676001,0.188679636694,0.208237891718,0.130771862018,-1.04349042977,0.213223329272,
1450287825.87,-0.715602036731,0.265378676001,0.189063131891,0.207854396521,0.131538852411,-1.04579140095,0.213990319666,
1450287825.88,-0.715218541534,0.264995180804,0.189063131891,0.207854396521,0.131538852411,-1.04847586732,0.212072843683,
1450287825.9,-0.715218541534,0.264995180804,0.189063131891,0.207470901324,0.131155357214,-1.05307780968,0.212839834076,
1450287825.91,-0.715218541534,0.265378676001,0.189446627087,0.208237891718,0.130771862018,-1.05729625684,0.212072843683,
1450287825.91,-0.715602036731,0.263844695215,0.188679636694,0.207854396521,0.131155357214,-1.061514704,0.212839834076,
1450287825.93,-0.715985531927,0.264995180804,0.189063131891,0.207854396521,0.130771862018,-1.06650014156,0.212072843683,
1450287825.95,-0.715218541534,0.264995180804,0.188679636694,0.207470901324,0.131155357214,-1.07110208392,0.213223329272,
1450287825.95,-0.715602036731,0.264995180804,0.19021361748,0.207854396521,0.131155357214,-1.07608752147,0.212839834076,
1450287825.96,-0.715218541534,0.264611685608,0.189063131891,0.207854396521,0.131538852411,-1.08068946383,0.212839834076,
1450287825.97,-0.715602036731,0.265378676001,0.189063131891,0.207470901324,0.131538852411,-1.08529140619,0.212839834076,
1450287825.99,-0.716369027124,0.264611685608,0.189063131891,0.207854396521,0.131538852411,-1.08912635815,0.212072843683,
1450287825.99,-0.714835046338,0.264995180804,0.189446627087,0.207854396521,0.131155357214,-1.09372830051,0.212839834076,
1450287826.0,-0.715218541534,0.264611685608,0.189063131891,0.207470901324,0.131155357214,-1.09679626208,0.213223329272,
1450287826.01,-0.714835046338,0.264611685608,0.188679636694,0.207470901324,0.130771862018,-1.10024771885,0.213223329272,
1450287826.03,-0.715602036731,0.264995180804,0.189063131891,0.207854396521,0.130771862018,-1.10293218523,0.213223329272,
1450287826.03,-0.715218541534,0.264228190411,0.188679636694,0.207854396521,0.130771862018,-1.106383642,0.212839834076,
1450287826.04,-0.715985531927,0.264995180804,0.189830122284,0.207470901324,0.131155357214,-1.10753412759,0.213223329272,
1450287826.05,-0.715985531927,0.264995180804,0.188296141498,0.207854396521,0.130771862018,-1.10945160357,0.212839834076,
1450287826.07,-0.715602036731,0.264995180804,0.19021361748,0.207470901324,0.131155357214,-1.11060208916,0.213223329272,
1450287826.07,-0.715602036731,0.264611685608,0.188296141498,0.207854396521,0.131538852411,-1.10983509877,0.213606824469,
1450287826.08,-0.715218541534,0.265378676001,0.188679636694,0.207087406128,0.130771862018,-1.11021859396,0.213223329272,
1450287826.09,-0.715985531927,0.264611685608,0.189063131891,0.207854396521,0.131538852411,-1.10945160357,0.212072843683,
1450287826.12,-0.715985531927,0.264995180804,0.189830122284,0.207470901324,0.131538852411,-1.10906810837,0.212072843683,
1450287826.12,-0.715602036731,0.264611685608,0.189446627087,0.207854396521,0.131155357214,-1.10791762278,0.212072843683,
1450287826.13,-0.716369027124,0.264995180804,0.188679636694,0.207470901324,0.131538852411,-1.1060001468,0.212072843683,
1450287826.14,-0.715602036731,0.264995180804,0.189446627087,0.208237891718,0.131155357214,-1.10484966121,0.212839834076,
1450287826.16,-0.716369027124,0.265378676001,0.188679636694,0.208237891718,0.130388366821,-1.10331568043,0.213223329272,
1450287826.16,-0.716752522321,0.264995180804,0.189063131891,0.208237891718,0.130771862018,-1.10101470925,0.212839834076,
1450287826.17,-0.715602036731,0.264611685608,0.188296141498,0.208237891718,0.130771862018,-1.09948072846,0.213223329272,
1450287826.18,-0.715985531927,0.265378676001,0.188679636694,0.208237891718,0.131155357214,-1.09756325248,0.213223329272,
1450287826.2,-0.715985531927,0.265378676001,0.189446627087,0.208237891718,0.130771862018,-1.0956457765,0.213606824469,
1450287826.2,-0.715602036731,0.264995180804,0.189063131891,0.208237891718,0.130388366821,-1.09334480532,0.213223329272,
1450287826.21,-0.715602036731,0.265762171198,0.189830122284,0.208237891718,0.131155357214,-1.09181082453,0.212072843683,
1450287826.22,-0.715985531927,0.264995180804,0.188679636694,0.207854396521,0.131538852411,-1.09027684374,0.212072843683,
1450287826.24,-0.715218541534,0.265378676001,0.189063131891,0.207854396521,0.131538852411,-1.08874286296,0.212072843683,
1450287826.24,-0.715985531927,0.264995180804,0.189063131891,0.208621386914,0.130771862018,-1.08874286296,0.212072843683,
1450287826.25,-0.715218541534,0.265378676001,0.189063131891,0.208237891718,0.131155357214,-1.08835936776,0.213223329272,
1450287826.26,-0.715602036731,0.264611685608,0.188296141498,0.208621386914,0.131155357214,-1.08835936776,0.211689348486,
1450287826.29,-0.715985531927,0.265762171198,0.189446627087,0.208237891718,0.130771862018,-1.08912635815,0.212072843683,
1450287826.29,-0.715218541534,0.265378676001,0.189063131891,0.208621386914,0.131155357214,-1.08989334855,0.213223329272,
1450287826.3,-0.715602036731,0.265378676001,0.188679636694,0.207854396521,0.130388366821,-1.09066033894,0.212072843683,
1450287826.31,-0.715985531927,0.265378676001,0.188679636694,0.207854396521,0.130388366821,-1.09219431973,0.212839834076,
1450287826.33,-0.715218541534,0.264611685608,0.188296141498,0.207854396521,0.129621376428,-1.09411179571,0.213223329272,
1450287826.33,-0.715218541534,0.265378676001,0.188296141498,0.208621386914,0.128854386035,-1.0956457765,0.212072843683,
1450287826.34,-0.715218541534,0.265378676001,0.189446627087,0.207470901324,0.128470890839,-1.09871373807,0.212072843683,
1450287826.35,-0.715218541534,0.264611685608,0.189063131891,0.208237891718,0.128470890839,-1.10101470925,0.212839834076,
1450287826.37,-0.714835046338,0.264228190411,0.189063131891,0.207087406128,0.127320405249,-1.10446616602,0.211689348486,
1450287826.37,-0.714451551141,0.264228190411,0.189063131891,0.207470901324,0.125786424463,-1.10676713719,0.212839834076,
1450287826.38,-0.714068055945,0.264995180804,0.188679636694,0.207087406128,0.125402929266,-1.10983509877,0.212839834076,
1450287826.39,-0.714068055945,0.264228190411,0.188296141498,0.207470901324,0.123485453284,-1.11213606995,0.212072843683,
1450287826.41,-0.714451551141,0.264611685608,0.189446627087,0.207087406128,0.121567977301,-1.11558752672,0.213223329272,
1450287826.41,-0.714068055945,0.264228190411,0.188679636694,0.207470901324,0.120800986908,-1.11865548829,0.212839834076,
1450287826.42,-0.713684560748,0.264611685608,0.188679636694,0.207087406128,0.119267006122,-1.12095645947,0.212072843683,
1450287826.43,-0.713301065552,0.263844695215,0.189063131891,0.207854396521,0.118883510925,-1.12364092584,0.212839834076,
1450287826.45,-0.712917570355,0.264611685608,0.188296141498,0.207854396521,0.116966034943,-1.12555840182,0.212839834076,
1450287826.45,-0.713684560748,0.264611685608,0.188296141498,0.207854396521,0.116582539746,-1.12670888741,0.212839834076,
1450287826.46,-0.712917570355,0.264995180804,0.188296141498,0.207470901324,0.116966034943,-1.1282428682,0.212839834076,
1450287826.48,-0.713301065552,0.264995180804,0.189446627087,0.207470901324,0.11619904455,-1.1282428682,0.213606824469,
1450287826.5,-0.713684560748,0.264611685608,0.188679636694,0.207470901324,0.11619904455,-1.127859373,0.213223329272,
1450287826.5,-0.713301065552,0.264228190411,0.189063131891,0.207470901324,0.116582539746,-1.12747587781,0.212839834076,
1450287826.51,-0.712917570355,0.264995180804,0.188296141498,0.208237891718,0.11619904455,-1.12709238261,0.212072843683,
1450287826.52,-0.712917570355,0.264995180804,0.189063131891,0.207854396521,0.11619904455,-1.12632539222,0.212072843683,
1450287826.54,-0.712534075159,0.264611685608,0.188679636694,0.208237891718,0.116582539746,-1.12517490663,0.212072843683,
1450287826.54,-0.712917570355,0.264995180804,0.188296141498,0.208621386914,0.11619904455,-1.12364092584,0.211689348486,
1450287826.55,-0.712150579962,0.264228190411,0.189063131891,0.207854396521,0.116582539746,-1.12287393545,0.212839834076,
1450287826.56,-0.713684560748,0.265378676001,0.188679636694,0.208237891718,0.11504855896,-1.12133995466,0.212072843683,
1450287826.58,-0.713684560748,0.264228190411,0.188296141498,0.209004882111,0.11619904455,-1.11980597388,0.212072843683,
1450287826.58,-0.712150579962,0.265378676001,0.188679636694,0.207854396521,0.115432054156,-1.11827199309,0.212839834076,
1450287826.59,-0.712917570355,0.264995180804,0.189063131891,0.207470901324,0.115815549353,-1.1171215075,0.212839834076,
1450287826.6,-0.712534075159,0.264611685608,0.189063131891,0.208237891718,0.115432054156,-1.11558752672,0.211689348486,
1450287826.62,-0.712917570355,0.264995180804,0.188679636694,0.208237891718,0.115432054156,-1.11405354593,0.21130585329,
1450287826.62,-0.712534075159,0.264995180804,0.189063131891,0.207470901324,0.11619904455,-1.11290306034,0.212072843683,
1450287826.63,-0.713301065552,0.264995180804,0.188296141498,0.208621386914,0.11619904455,-1.11175257475,0.212072843683,
1450287826.65,-0.712534075159,0.264611685608,0.189063131891,0.208237891718,0.117349530139,-1.11175257475,0.212072843683,
1450287826.67,-0.712534075159,0.265378676001,0.188296141498,0.208621386914,0.116582539746,-1.11098558436,0.212839834076,
1450287826.67,-0.712534075159,0.265378676001,0.188679636694,0.208237891718,0.117349530139,-1.11060208916,0.212839834076,
1450287826.68,-0.712534075159,0.265762171198,0.189063131891,0.207854396521,0.115815549353,-1.11021859396,0.211689348486,
1450287826.69,-0.713301065552,0.264611685608,0.189063131891,0.207470901324,0.11619904455,-1.11060208916,0.213223329272,
1450287826.71,-0.713301065552,0.264995180804,0.188296141498,0.207854396521,0.115815549353,-1.11098558436,0.212839834076,
1450287826.71,-0.713301065552,0.264995180804,0.188679636694,0.207854396521,0.115815549353,-1.11060208916,0.212839834076,
1450287826.72,-0.714068055945,0.264995180804,0.188296141498,0.207854396521,0.115432054156,-1.11060208916,0.212072843683,
1450287826.73,-0.713301065552,0.264228190411,0.188296141498,0.208237891718,0.115432054156,-1.11251956514,0.212072843683,
1450287826.75,-0.713684560748,0.264995180804,0.188679636694,0.208237891718,0.115815549353,-1.11213606995,0.212072843683,
1450287826.75,-0.712917570355,0.264611685608,0.188679636694,0.207087406128,0.114665063763,-1.11251956514,0.212839834076,
1450287826.76,-0.713301065552,0.264995180804,0.188296141498,0.207854396521,0.11504855896,-1.11251956514,0.212839834076,
1450287826.77,-0.712917570355,0.264611685608,0.187912646301,0.207470901324,0.115815549353,-1.11367005073,0.212072843683,
1450287826.8,-0.713301065552,0.264611685608,0.188296141498,0.207470901324,0.11619904455,-1.11251956514,0.211689348486,
1450287826.8,-0.713301065552,0.264995180804,0.189446627087,0.207854396521,0.11619904455,-1.11405354593,0.212839834076,
1450287826.81,-0.713684560748,0.264995180804,0.189063131891,0.208237891718,0.11504855896,-1.11443704113,0.212839834076,
1450287826.82,-0.713301065552,0.264995180804,0.188679636694,0.207854396521,0.11619904455,-1.11405354593,0.212072843683,
1450287826.84,-0.712917570355,0.264995180804,0.188296141498,0.207854396521,0.11619904455,-1.11443704113,0.212072843683,
1450287826.84,-0.713301065552,0.264228190411,0.188679636694,0.207854396521,0.115815549353,-1.11443704113,0.211689348486,
1450287826.85,-0.712917570355,0.264995180804,0.188296141498,0.208237891718,0.11619904455,-1.11443704113,0.213223329272,
1450287826.86,-0.712917570355,0.264611685608,0.188679636694,0.207854396521,0.115432054156,-1.11367005073,0.211689348486,
1450287826.88,-0.713684560748,0.264611685608,0.188679636694,0.207854396521,0.115815549353,-1.11482053632,0.211689348486,
1450287826.88,-0.713684560748,0.264611685608,0.188296141498,0.207854396521,0.115432054156,-1.11482053632,0.211689348486,
1450287826.89,-0.713301065552,0.265378676001,0.187912646301,0.207470901324,0.11619904455,-1.11405354593,0.213223329272,
1450287826.9,-0.714068055945,0.264995180804,0.188296141498,0.208237891718,0.11619904455,-1.11367005073,0.212072843683,
1450287826.92,-0.713301065552,0.264995180804,0.188679636694,0.208621386914,0.11619904455,-1.11251956514,0.212839834076,
1450287826.92,-0.714068055945,0.265378676001,0.188679636694,0.208237891718,0.115815549353,-1.11367005073,0.211689348486,
1450287826.93,-0.713684560748,0.264995180804,0.189063131891,0.207854396521,0.115815549353,-1.11328655554,0.212072843683,
1450287826.94,-0.713301065552,0.265378676001,0.188679636694,0.208237891718,0.115432054156,-1.11405354593,0.212072843683,
1450287826.96,-0.714451551141,0.265378676001,0.188296141498,0.207854396521,0.11619904455,-1.11405354593,0.212072843683,
1450287826.96,-0.713301065552,0.264611685608,0.188296141498,0.207854396521,0.115815549353,-1.11367005073,0.212839834076,
1450287826.97,-0.714068055945,0.264611685608,0.189063131891,0.207470901324,0.115815549353,-1.11367005073,0.212839834076,
1450287826.98,-0.713684560748,0.263844695215,0.187912646301,0.207470901324,0.11619904455,-1.11443704113,0.212839834076,
1450287827.0,-0.714068055945,0.265378676001,0.188296141498,0.207854396521,0.11504855896,-1.11290306034,0.212839834076,
1450287827.01,-0.713684560748,0.264611685608,0.188296141498,0.207854396521,0.115815549353,-1.11367005073,0.212072843683,
1450287827.02,-0.713684560748,0.264995180804,0.188296141498,0.207470901324,0.11619904455,-1.11328655554,0.212072843683,
1450287827.03,-0.713301065552,0.264611685608,0.188679636694,0.207470901324,0.115432054156,-1.11405354593,0.212839834076,
1450287827.05,-0.714068055945,0.264228190411,0.188296141498,0.208237891718,0.11619904455,-1.11405354593,0.212072843683,
1450287827.05,-0.714068055945,0.264611685608,0.188679636694,0.207854396521,0.115432054156,-1.11405354593,0.212072843683,
1450287827.06,-0.713301065552,0.264611685608,0.187529151105,0.207854396521,0.116582539746,-1.11482053632,0.212839834076,
1450287827.07,-0.713684560748,0.264611685608,0.188296141498,0.207470901324,0.115815549353,-1.11443704113,0.212839834076,
