1450287726.66,0.921653952969,0.342491286468,0.2562181595,0.0229253130893,0.00425365789927,-0.0121333524901,-0.0168770741876,0.0930398763232,0.028786842436,0.140787035227,-2.47003531456,-0.687181770802,-0.573426961899,0.623428165913,0.373392254114
1450287726.67,0.921628797946,0.342404753388,0.255734112263,0.0235894632577,0.0275479636852,0.010528921097,-0.0265829155687,0.0616686769277,0.0325804965417,-0.0196115951985,-2.20952510834,-0.917226433754,-0.482568621635,0.599257588387,0.325198143721
1450287726.68,0.922203147443,0.341806838278,0.256424858315,0.0137935295727,0.0149135911585,-0.00240538025234,-0.0043486274623,0.0531874041207,-0.000793552477726,-0.198739603162,-2.35028624535,-1.13097465038,-0.584549307823,0.604525566101,0.35587695241
1450287726.69,0.922429825941,0.34204970318,0.256432548648,0.0185574708075,-0.00713608193585,-0.016813975684,0.0174326873312,0.0891309027748,-0.0205997030026,-0.0716277807951,-2.38895225525,-1.04606163502,-0.535290300846,0.643214404583,0.328562051058
1450287726.7,0.922531820362,0.341780973547,0.255715113714,0.0240910660549,0.000980323180921,-0.0115203745852,0.0123926188273,0.0979431241111,0.0102263273135,0.0504847355187,-2.57726883888,-0.92008125782,-0.641220211983,0.71072435379,0.393999546766
1450287726.71,0.922440127121,0.342207267077,0.255420933631,0.0200240894638,0.00378530285873,-0.00897132533939,0.00290051732817,0.08093895359,0.00581348756182,0.192089572549,-2.7579395771,-0.7401445508,-0.645994961262,0.766153275967,0.410947978497
1450287726.72,0.922953281774,0.342065363703,0.25543594099,0.00908545597365,-0.00549995381386,-0.011765658589,-0.0229790903552,0.0464166111146,-0.00677116351358,0.20889121294,-2.59791469574,-0.602470397949,-0.633455753326,0.791244208813,0.425241589546
1450287726.73,0.922814474246,0.34258271472,0.255498236544,0.0209805090337,0.00599609194001,-0.0331721803289,-0.0290629399024,0.125193119884,0.017796406374,0.139681100845,-2.16694092751,-0.712467193604,-0.52866756916,0.775332450867,0.357682138681
1450287726.74,0.923205089423,0.341861708887,0.255630491765,0.0174729403158,0.0204916247102,-0.00373111543538,-0.0139175824235,0.0669403997211,0.0270315702416,0.0917651504278,-2.25455164909,-0.809807598591,-0.583709597588,0.754819869995,0.391886234283
1450287726.75,0.923238001984,0.341918555098,0.255275675048,0.0162612614803,0.00502361460056,-0.0120261886283,-0.0301979021536,0.0728206115941,-0.00573490701176,0.111561737955,-2.12229132652,-0.747672080994,-0.501879513264,0.782342255116,0.32422336936
1450287726.76,0.923132871287,0.342273941075,0.255151676563,0.0180096142548,-0.0101631530884,-0.0137081331773,0.0021873737549,0.079227583054,-0.0180777186752,0.118149578571,-2.2739610672,-0.727025568485,-0.618411719799,0.71921890974,0.383477330208
1450287726.77,0.923656451671,0.34256738732,0.25547552059,0.0116544604643,-0.00392765732812,0.000711542412442,0.0158920554392,0.035490193748,0.000388947815305,0.0433229282498,-2.33433198929,-0.849229335785,-0.596830844879,0.682848274708,0.36914908886
1450287726.78,0.923432782218,0.342506309009,0.254433620055,0.0123631935253,-0.000548449438245,0.000790566025267,0.0142383462988,0.0380358495002,0.0116462920903,0.0313620381057,-2.50451564789,-0.915631532669,-0.625060856342,0.663852095604,0.421379357576
1450287726.79,0.923723163064,0.342056659597,0.255288766535,0.00596257012783,0.00995733306199,-0.00706523104681,-0.0110801903805,0.0335087639012,0.0161517059794,-0.0337794460356,-2.28742575645,-0.900203108788,-0.573814272881,0.686444997787,0.356341928244
1450287726.8,0.923903620755,0.342245737538,0.255003472869,0.00995787771504,0.011056569081,0.0024027664835,-0.00898426563459,0.0293624388579,0.0204920602951,0.0252921804786,-2.01748228073,-0.868277072906,-0.520486235619,0.713712155819,0.346503645182
1450287726.81,0.923869942969,0.342941461971,0.25548800109,0.00710190193485,-0.00637739027487,0.0103264290193,0.00728020106141,0.00192851027405,0.00218327613714,0.0306682642549,-2.11862134933,-0.872510135174,-0.528893351555,0.731519520283,0.340082466602
1450287726.82,0.923606670424,0.343097995644,0.2554864461,0.00414849972264,0.00607286074149,0.016293055072,-0.00878601976807,-0.0159261331392,0.0196432560122,0.0193316824734,-2.03091359138,-0.851405322552,-0.584570586681,0.711224198341,0.374931186438
1450287726.83,0.923786219964,0.342918372661,0.254698883859,0.00595553392838,0.0103241855808,-0.0235935504971,-0.0115224707236,0.0633056361852,0.0208048672189,-0.134772345424,-2.17532515526,-1.11782503128,-0.560236632824,0.665146350861,0.369635254145
1450287726.84,0.923987352717,0.342455467732,0.255606061045,-0.0075368673225,-0.00713358187148,-0.038614566002,0.00276805279004,0.0443117750003,-0.01372657176,-0.256592810154,-2.02484130859,-1.22932934761,-0.532507956028,0.642908751965,0.351563900709
1450287726.85,0.923915740162,0.342885439973,0.254281759511,0.00837129427788,0.00023568563746,0.00906654173602,0.0339822279552,0.0120865215941,0.0175539034532,-0.156395122409,-2.19475245476,-1.14407396317,-0.550590395927,0.641526699066,0.354648143053
1450287726.86,0.923936767687,0.342467639751,0.254456738048,0.00282303800704,-0.00723516120528,-0.00983335910265,0.00481693135156,0.0260786432852,-0.0287145094025,-0.0469814054668,-1.99385154247,-0.94686883688,-0.532326459885,0.667883753777,0.344903916121
1450287726.87,0.923885385892,0.34293744165,0.255289861796,0.00264298022989,-0.000982023212089,0.000191626874032,-0.0115340987505,0.00682904427133,-0.00296401567829,0.222985371947,-1.95099675655,-0.514147698879,-0.518121123314,0.726022601128,0.338576555252
1450287726.88,0.923822454612,0.342389954694,0.254040569865,-0.0025216387976,-0.00731200136867,-0.00572857694511,0.0195606860713,0.00237810305571,-0.0177511560009,0.276649266481,-2.24043416977,-0.475494295359,-0.54035794735,0.733162224293,0.351899862289
1450287726.89,0.923984603963,0.343040811194,0.255922236914,0.000473729769908,0.00113162209233,0.004299989609,-0.0198407424708,-0.00804289017208,0.00848819511428,0.0860460400581,-2.0686852932,-0.71833562851,-0.520712554455,0.685449123383,0.33405610919
1450287726.9,0.923940150329,0.34225112121,0.254643092028,-0.00941354671106,0.00515880830798,0.00566066275775,0.0159138532996,-0.0374803677119,0.0128073608341,0.0638762712479,-2.09721231461,-0.80275195837,-0.559669613838,0.672252118587,0.379497766495
1450287726.91,0.923953450684,0.342489352339,0.255139449965,-0.000828405093933,-0.00359255547785,-0.00298483348979,-0.000391696406174,0.00156568540616,-0.00270282575001,0.169165313244,-2.1213285923,-0.622472822666,-0.525617003441,0.731074392796,0.359956562519
1450287726.92,0.923862833299,0.342675784318,0.255008848662,-0.000258738526803,-0.00900310829832,0.00771154324103,-0.016350105372,-0.018956138765,-0.0107491430593,0.116295658052,-2.01296639442,-0.594955265522,-0.539716780186,0.747153580189,0.350165963173
1450287726.93,0.923795801563,0.342453332243,0.255066622997,0.00258146900842,-0.00929588603243,-0.00632363514795,0.0149659954687,0.0173058000101,0.00279542732016,0.166981220245,-2.0712018013,-0.60551738739,-0.495864152908,0.757280826569,0.321547687054
1450287726.94,0.923866949298,0.342277194796,0.254519401376,0.00223933221545,0.0115045813765,0.00510479383786,-0.0112090649797,0.000947698978164,0.00357390736735,0.221389219165,-2.10892105103,-0.537683367729,-0.538819015026,0.74575817585,0.384457707405
1450287726.95,0.924065103069,0.342614468349,0.25471119053,0.0059613559318,0.0179917428987,0.0362845273637,-0.0112626110785,-0.0413361362365,0.00383712399035,0.203504800797,-2.00599551201,-0.588106393814,-0.531260490417,0.737111866474,0.354047298431
1450287726.96,0.923649217679,0.342045803035,0.25600892188,-0.0109623546711,0.00126362468613,0.0137269892009,0.0197029837158,-0.0576706757887,0.00528452673382,0.13527482748,-1.74482309818,-0.604275107384,-0.499908268452,0.716887831688,0.332219868898
1450287726.97,0.923978787984,0.342406274585,0.254953821652,-0.00225818559143,-0.0041258556449,-0.00956065283873,0.00187560005382,0.00889541752489,-0.00178473384922,0.113232292235,-2.11999845505,-0.742968201637,-0.556753218174,0.724652826786,0.378693670034
1450287726.98,0.92382472349,0.342305709281,0.255729344345,0.000724875258628,-0.00663319312128,-0.00492934865386,-0.00231607248393,0.00840761708259,0.00253442716911,-0.0839255675673,-2.5539188385,-1.06845414639,-0.634878098965,0.687284767628,0.392232656479
1450287726.99,0.923986583508,0.342674414663,0.255437389848,0.00125566940077,0.00493081606782,0.00860047259527,0.00422577161228,-0.00895976519197,-0.0075599611141,-0.0456200242043,-2.43545484543,-1.06855213642,-0.643951654434,0.712982237339,0.414523780346
1450287727.0,0.924021114345,0.341887808826,0.255774337667,0.00507292704795,-0.00412818804814,-0.0145377345656,0.0054942539119,0.0414913165651,-0.00376078797925,0.192998290062,-2.28066468239,-0.641269266605,-0.592364192009,0.769188702106,0.371946811676
1450287727.0,0.923915146592,0.343364772495,0.256282211406,-0.00239576153229,0.0185464003125,0.00658277094087,-0.014317218455,-0.0146694112958,0.0160643003358,0.362501263618,-2.04407405853,-0.235176429152,-0.46450740099,0.78173583746,0.319781720638
1450287727.02,0.923590659222,0.342861505562,0.255835082578,-0.0084047479095,0.021752331568,0.017672277473,-0.00241412884555,-0.052569054373,0.0344888507031,0.26884624362,-1.85287725925,-0.310637384653,-0.523402154446,0.68616181612,0.343462705612
1450287727.03,0.923891218315,0.34288191833,0.256152194709,0.0035847900022,-0.0166896353953,0.022656486621,0.00510777644396,-0.0342850261513,-0.0188516615368,0.128609806299,-1.83156549931,-0.527624964714,-0.485665202141,0.682368993759,0.322274148464
1450287727.04,0.924180046767,0.342301341944,0.25635064557,0.00842617779289,-0.0213254866687,0.0132896014644,-0.0197320363388,-0.00453450674026,-0.0422957090435,0.117947213352,-2.33056879044,-0.729874014854,-0.572331011295,0.685095489025,0.355059325695
1450287727.05,0.924040889887,0.341313522191,0.256141215208,-0.0023734260147,-0.0210605462699,-0.0062286514814,0.016703584646,-0.00151001201589,-0.0194323607161,0.0423374958336,-2.61950778961,-0.842695951462,-0.629924654961,0.682982981205,0.405664622784
1450287727.06,0.923822386164,0.341743318296,0.256262896492,0.00621712046525,-0.00857543884709,0.0218830000956,0.00252545567287,-0.0223928098302,-0.00669852690073,0.0301670990884,-2.39221310616,-0.742080807686,-0.616905808449,0.63859385252,0.411696314812
1450287727.07,0.923866770292,0.342399079875,0.256022286805,-0.00438599665453,0.00489677676346,-0.00814160893154,0.00990996781051,0.00406601116826,-0.00981523280655,0.131100609899,-1.62177658081,-0.396088927984,-0.455917209387,0.678944587708,0.292151749134
1450287727.08,0.923378483251,0.34247770702,0.255822812285,-0.00360196975802,0.0333343134293,0.0215859152131,-0.0248411378086,-0.0428484054521,0.0495136797676,0.27227216959,-1.64325690269,-0.169118404388,-0.483910799026,0.711383223534,0.320428729057
1450287727.09,0.923871147946,0.342520841961,0.256697309749,-0.0125300213978,0.0245246346719,0.0180628616567,-0.0155285468154,-0.0652891284742,0.016125857578,0.206429287791,-1.7143279314,-0.303312182426,-0.437104582787,0.757841348648,0.268963992596
1450287727.1,0.923844575945,0.341871182263,0.256754186261,0.00500579201703,-0.0388210935736,0.0435834902405,0.0110638372092,-0.0741983645042,-0.0333855212902,0.0978984162211,-2.37459373474,-0.54773914814,-0.614088118076,0.696752011776,0.377745628357
1450287727.11,0.923665912859,0.342383207063,0.257163535609,0.00015571877127,-0.0320511525482,0.0394727024717,-0.00342495086539,-0.0806255464881,-0.0388862297823,0.0142344515771,-2.59537577629,-0.677669107914,-0.635454177856,0.675572931767,0.413228988647
1450287727.12,0.92376394852,0.342896957241,0.256574026309,0.0011628308341,0.0048877533375,0.00482294096755,0.00951645409531,-0.00214681669943,-0.00269770390214,0.154582619667,-2.90976023674,-0.541432023048,-0.700358092785,0.669238507748,0.446742624044
1450287727.13,0.923872590206,0.342105254739,0.257052675455,0.00832199009646,0.00434371490365,0.0167003816357,0.0254041154942,-0.000438721536297,0.0106754435669,-0.0493807867169,-2.37964463234,-0.792870879173,-0.639102458954,0.627375125885,0.42788168788
1450287727.14,0.924161899447,0.342178328173,0.258220684144,0.00100483270165,0.00790934924083,0.00283172624681,-0.0106302546728,-0.000129034300958,0.00811816257332,-0.301442116499,-1.77604389191,-0.984472870827,-0.484933435917,0.591193020344,0.329233020544
1450287727.15,0.924335885282,0.341834995874,0.258470159842,0.0113159107242,0.0068168525243,0.0322888785106,-0.0174061634823,-0.0200480207921,-0.0136157769946,-0.34041544795,-1.57421469688,-0.992342829704,-0.462842702866,0.553526699543,0.309070467949
1450287727.16,0.923903870399,0.342232109242,0.258195782133,0.0159604991506,-0.00434119661255,0.0459296081637,0.020565119449,-0.031310683137,-0.00459022531364,-0.213599696755,-2.11012816429,-0.853765666485,-0.604355156422,0.52170664072,0.373889565468
1450287727.17,0.924420827955,0.342357086575,0.258691135915,0.00620043099963,-0.00346559136858,0.0277242833244,0.0230654197054,-0.0290344494758,-0.00170278744306,-0.131149917841,-2.44797205925,-0.757357120514,-0.62592881918,0.490540444851,0.403629124165
1450287727.18,0.924334127882,0.34167225076,0.25778729361,0.0148527494749,-0.0103682071532,0.0156224076487,-0.015924656732,0.0148339442019,-0.0110935206592,-0.257550656796,-2.7677500248,-0.936738073826,-0.732389569283,0.425202518702,0.471191734076
1450287727.19,0.924804640373,0.341280346938,0.259195607824,0.0144988277926,-0.00811552840304,0.0123553081841,0.017933921523,0.0227856755563,0.00351447459402,-0.621337115765,-2.82285547256,-1.43000018597,-0.706813752651,0.365623414516,0.46167743206
1450287727.2,0.92500394576,0.342045586564,0.25904744765,0.0272415947334,-0.00980060310882,0.0393869377874,0.0146064149941,0.0144757146244,-0.00603952026253,-0.647755861282,-2.45352840424,-1.41626238823,-0.626554369926,0.396247893572,0.420612931252
1450287727.21,0.925024858674,0.342546166331,0.259169261197,0.0198019654781,0.0025626948041,0.0164471562435,-0.0285473348002,0.0327315847435,-0.00334370045895,-0.335936397314,-2.04400682449,-0.868355572224,-0.501920163631,0.496104896069,0.326293647289
1450287727.22,0.925250503319,0.342443656932,0.25868826007,0.0258066667433,0.0212011248291,0.0353893467824,0.000453123860297,0.0264684683368,0.00914663127948,-0.0648886561394,-1.79407989979,-0.359455138445,-0.533645510674,0.581634819508,0.334205091
1450287727.23,0.925662832215,0.342336458982,0.25963040213,0.0343941910328,0.00528354393505,0.0472085544289,-0.0223876155583,0.0256995584495,-0.00248716335377,-0.16968293488,-1.86182308197,-0.392636954784,-0.48428851366,0.621291279793,0.332380861044
1450287727.24,0.926285437407,0.341975479122,0.259595623391,0.0291356649658,-0.0117653752269,-0.0070753321867,-0.0299008463774,0.0995287052613,-0.0079555027971,-0.174357876182,-2.26947426796,-0.544671237469,-0.598343014717,0.659616947174,0.373952567577
1450287727.25,0.926606523317,0.342170019872,0.259568738628,0.0435659424497,-0.0100765726908,-0.00595089272244,0.0196011095299,0.148239069445,-0.0077980597774,-0.283127874136,-2.44251036644,-0.764408648014,-0.597932755947,0.715937256813,0.397848457098
1450287727.26,0.92679021522,0.341873972784,0.259617175996,0.0427348374623,-0.00490589867851,0.013006510379,-0.0118415121226,0.111001053089,-0.00471721166256,-0.489118129015,-2.62638664246,-1.01015043259,-0.696651279926,0.713826298714,0.458601653576
1450287727.27,0.927808644082,0.341947143946,0.260159135088,0.0474330073667,0.00434981559727,0.00364658122922,-0.0342476715979,0.143148773701,0.0139369598993,-0.377940714359,-2.294246912,-0.782595038414,-0.575347602367,0.751491725445,0.385657787323
1450287727.28,0.928360423217,0.342298780257,0.260122379177,0.0542071452515,0.016812202766,0.0182291714676,-0.0182292707193,0.145198881204,0.00770951395044,-0.0598035082221,-1.8240531683,-0.270075559616,-0.521504819393,0.746336817741,0.347282856703
1450287727.29,0.928983912896,0.342513568556,0.259552390985,0.0535342348906,0.0201585597722,0.0174308783826,0.00624975634542,0.146059439448,0.0381016317241,-0.0761619061232,-1.77920925617,-0.242392927408,-0.473806291819,0.705141365528,0.317394584417
1450287727.3,0.929411784094,0.342589437232,0.260128070828,0.0547394097875,0.0162822530915,-0.00516147270792,-0.0272994090569,0.186200278445,0.0311661549437,-0.335056006908,-1.96236026287,-0.588406145573,-0.515285432339,0.622686028481,0.353246092796
1450287727.31,0.930009495453,0.34193654038,0.259790885182,0.0602550020613,-0.0279954796877,-0.018100298724,-0.0444111539158,0.213184978299,-0.0430426577699,-0.676098227501,-2.29097175598,-1.08481013775,-0.508827149868,0.553192257881,0.338111668825
1450287727.32,0.930758601588,0.341826881149,0.259818702743,0.059833769925,-0.00954825905395,-0.00418770071223,-0.016735261496,0.19449769728,-0.00505511653312,-0.809852004051,-2.68748188019,-1.32881450653,-0.651158988476,0.53576028347,0.442740261555
1450287727.33,0.93107104544,0.341866959419,0.259950643974,0.0586486094159,-0.012467410534,-0.0114432889443,0.0067526402922,0.20436054444,-0.00490543225062,-0.690541923046,-2.44035363197,-1.08016884327,-0.548630774021,0.591995179653,0.375778049231
1450287727.34,0.931562918396,0.342656649738,0.260755661892,0.0444418379854,0.0245466925972,0.00247547860348,-0.0269985985612,0.144205235919,0.0183289405839,-0.41904476285,-2.02129077911,-0.595410883427,-0.577941656113,0.651841163635,0.390276074409
1450287727.35,0.932095131592,0.342807818533,0.26111296393,0.0478955671527,0.0347706989239,0.00781484425352,-0.00514077796421,0.151085234531,0.0401312175197,-0.339957296848,-1.32680630684,-0.291504412889,-0.376799106598,0.737866342068,0.242591246963
1450287727.36,0.93259484604,0.342334273362,0.259103764934,0.0495443608269,0.0145780408817,-0.00268182843319,-0.0182959978025,0.165777604125,0.0390147984074,-0.424803316593,-1.48269164562,-0.290820211172,-0.527988016605,0.761818170547,0.37718179822
1450287727.37,0.933090004195,0.342512273168,0.260465471196,0.0454377832097,-0.0135347372369,-0.017360561747,-0.00017669259177,0.173037641987,-0.0154307062093,-0.505360603333,-2.40084218979,-0.466230809689,-0.647986650467,0.774083912373,0.434944391251
1450287727.38,0.933510455119,0.341994177308,0.260064531185,0.0387968052801,-0.0275388110206,0.00869711536436,0.00173927774437,0.103059594485,-0.0531667196984,-0.380185097456,-3.29858088493,-0.402171641588,-0.791341841221,0.818270027637,0.550103724003
1450287727.39,0.933817054456,0.342572026557,0.260502453851,0.0428902308907,-0.00525997110307,0.0112667452809,-0.0101253801428,0.115926591923,0.000904832830433,-0.236048713326,-3.53234744072,-0.199749216437,-0.839046657085,0.838877379894,0.582601428032
1450287727.4,0.933964554566,0.342644632613,0.260577633176,0.0376150193954,0.0140031675351,0.0226899534653,-0.01985119776,0.0845637561902,0.0210222950533,-0.389247506857,-2.72606158257,-0.0379477664828,-0.677568733692,0.849780976772,0.453744918108
1450287727.41,0.934206491944,0.342831442606,0.260394802701,0.0249615828225,0.0135895372343,0.0194566599689,-0.0203336890201,0.0494909210342,0.0150232773551,-0.612502157688,-1.8855304718,-0.0619737096131,-0.515841901302,0.841831564903,0.347048819065
1450287727.42,0.934489560844,0.342096121728,0.259903632484,0.0145214439614,0.0157728486455,0.0177401858088,-0.0309989983565,0.0177648003991,0.0407213956783,-0.769510388374,-1.37227833271,-0.144336387515,-0.372667968273,0.797600150108,0.262093394995
1450287727.43,0.934494027455,0.342673836965,0.260906944734,0.00316943617199,0.00522769061161,0.0202950766034,-0.0298679933488,-0.0243833813798,-0.0010372275878,-0.831727087498,-1.77489411831,-0.267974615097,-0.446941107512,0.808189809322,0.299375593662
1450287727.44,0.934196101631,0.342823982794,0.261275832805,0.00386198288698,-0.0208191040741,0.0482574994821,-0.00748954546715,-0.077231532616,-0.0437505781,-0.608431816101,-2.52752876282,-0.123845674098,-0.567048668861,0.838119447231,0.387352615595
1450287727.45,0.93418673607,0.342383215256,0.26250145048,-0.00802910480595,0.000103878355376,0.0696559542299,0.0108012252234,-0.145207256958,-0.0137494140934,-0.578311622143,-2.79665708542,0.068361543119,-0.538545608521,0.887843906879,0.354782879353
1450287727.46,0.933607462806,0.342707740996,0.262158719908,-0.0192002498781,0.00304321824698,0.0667424263333,0.0207277346026,-0.174998618066,0.006618925911,-0.535508394241,-2.62614369392,0.240306556225,-0.617690205574,0.973412156105,0.408595144749
1450287727.47,0.933456004196,0.342325039598,0.263151137555,-0.0290970049905,-0.00967598641844,0.0514425997537,-0.0303131276823,-0.188793118655,0.0129416162266,-0.807851910591,-2.28907799721,0.0100184734911,-0.561726570129,1.02153265476,0.367220520973
1450287727.48,0.93287553112,0.342889203161,0.264172409182,-0.0379984324137,-0.00201842248923,0.0470220362852,-0.00256744914774,-0.202346921079,-0.0133613219585,-1.07650077343,-2.28387737274,-0.289729565382,-0.550605714321,1.08146905899,0.36478883028
1450287727.49,0.932313021519,0.342839180563,0.264008351506,-0.0469918807435,0.0182140936424,0.0773732714958,0.0390269052085,-0.274391345088,-0.00230284884938,-1.1772043705,-2.3772342205,-0.370442211628,-0.637379169464,1.11458194256,0.422242432833
1450287727.5,0.931780405928,0.342890168542,0.265032911318,-0.0521627095387,-0.00336911147248,0.0660843418524,0.0377526792403,-0.277797071399,-0.0310603031978,-1.03038430214,-2.50532484055,-0.176342070103,-0.611597180367,1.13869905472,0.401743590832
1450287727.51,0.930908001932,0.342266855741,0.266623437058,-0.0631837825758,-0.0222256276861,0.0667815568854,0.0280613298375,-0.321490615372,-0.0369116374498,-0.670446395874,-2.41626548767,0.240553468466,-0.59212076664,1.13050830364,0.390291154385
1450287727.52,0.930352862079,0.342834298901,0.266618405365,-0.0779970295408,-0.0079160544841,0.0691525443314,0.0242173850163,-0.368944413969,-0.0219417848834,-0.657732725143,-2.83552336693,0.421850204468,-0.651914834976,1.11693954468,0.388583421707
1450287727.53,0.929700429899,0.341912394843,0.267241375654,-0.0648905352956,-0.00727364207345,0.0629386170746,0.0464320001133,-0.313872176953,-0.0159621418438,-0.904171705246,-2.82669997215,0.0976627022028,-0.671469867229,1.00845611095,0.443194955587
1450287727.54,0.928909712453,0.34212290832,0.267381287545,-0.066717928094,-0.00943360181434,0.092302935877,0.00293988346338,-0.37659451127,-0.00228455080831,-0.93808811903,-2.54551696777,-0.0198890026659,-0.647001504898,0.963912844658,0.409877806902
1450287727.55,0.928248008397,0.341816356727,0.269654850081,-0.0736826154464,-0.0022925613115,0.0899157350104,0.000283121968865,-0.391291816681,-0.00949245689904,-0.932820022106,-2.18755698204,0.0460243113339,-0.560266375542,0.996962189674,0.351705372334
1450287727.56,0.927442923075,0.342668453636,0.270090798463,-0.0738958574656,0.00791409270365,0.0767498019661,0.039072016904,-0.362747072341,-0.00772949207568,-0.927260398865,-2.27630376816,0.145160958171,-0.534273505211,0.984709858894,0.340726792812
1450287727.57,0.926639601041,0.342279077802,0.270098097611,-0.0745397418167,-0.00285932220033,0.0619995431431,0.0720181458577,-0.339899326277,-0.0121764294939,-1.14337575436,-2.11024951935,-0.0135733988136,-0.519140183926,0.959287285805,0.328746706247
1450287727.58,0.926114502809,0.342072004882,0.271752880423,-0.0658609155529,-0.0118297373894,0.0558203014888,0.025051876867,-0.309299731229,-0.0094918879329,-1.23849332333,-2.52859115601,-0.251769006252,-0.654392838478,0.902169644833,0.419379293919
1450287727.59,0.92541043312,0.341796304567,0.271505506292,-0.0587646105019,0.0101732343777,0.0780230774448,-0.00407639570582,-0.319652621385,-0.00352808546754,-1.12845349312,-2.84094834328,-0.342628270388,-0.715630471706,0.86861872673,0.45697453618
1450287727.6,0.924987286645,0.341427777947,0.271781041764,-0.0581228726959,-0.00845870665476,0.05416113849,0.0193097149344,-0.280194494393,-0.0081075059063,-0.985068321228,-2.65966725349,-0.181545346975,-0.652953147888,0.831952154636,0.410104602575
1450287727.61,0.924566730857,0.342489916749,0.272301453121,-0.0506358031673,-0.00516338910265,0.0470535369413,0.0572114339315,-0.238856815105,-0.0147115193585,-1.04597997665,-2.76998591423,-0.184615910053,-0.696705639362,0.774884819984,0.432754158974
1450287727.62,0.924067472254,0.342475071316,0.27293014691,-0.0497083250405,-0.000517173807487,0.0267436157778,0.0235107716609,-0.202596399638,-0.0136823043532,-1.44621157646,-2.61803627014,-0.497720867395,-0.633699953556,0.691216349602,0.389339387417
1450287727.63,0.92389811667,0.34251190984,0.272867013259,-0.0319154738376,0.00762596832063,0.0552519630198,0.00278826585269,-0.194532115542,0.00688435035605,-1.4463994503,-2.4440164566,-0.610572934151,-0.550172924995,0.616270244122,0.340901553631
1450287727.64,0.924242488767,0.34178578525,0.273343929029,-0.017822690144,-0.00670763530694,0.0089868669912,-0.0206957694823,-0.0742740448443,-0.0191442007933,-1.10401809216,-2.60117077827,-0.435780882835,-0.657160043716,0.587821602821,0.410695493221
1450287727.65,0.924254194065,0.342117812293,0.27366900017,0.000410553695988,0.00634663127444,0.0262029522818,-0.00208004470288,-0.0414477370437,0.00311779968324,-1.10294938087,-2.73323178291,-0.377363175154,-0.663146793842,0.574531674385,0.402407556772
1450287727.66,0.924168319788,0.342545297582,0.272045051282,0.00389221582155,-0.000492908336883,0.00578122806932,0.000790621594506,0.00342805049761,-0.00150930642497,-1.4664567709,-2.59896278381,-0.530404150486,-0.640226960182,0.522727251053,0.37260311842
1450287727.67,0.924721166786,0.342187517951,0.273208397053,0.0259070046084,-0.000901123806047,-0.0282306099844,0.0005690863281,0.132088803325,0.00503032239268,-1.38115501404,-2.51021146774,-0.676952064037,-0.57448220253,0.438204586506,0.350905060768
1450287727.68,0.925177331205,0.342213164802,0.272958233596,0.0393479297897,-0.00883435210258,-0.0033860981494,-0.0144415249439,0.127938185285,-0.00394507291299,-1.49149656296,-2.33598017693,-0.830011188984,-0.567444324493,0.357113331556,0.367333680391
1450287727.68,0.925682471206,0.341954876724,0.272509900467,0.0305827137629,0.00896444836489,0.0019701798065,-0.0255457413573,0.0953450109016,0.0194006208121,-1.54318523407,-2.28547596931,-0.905337631702,-0.545365512371,0.294418871403,0.322853147984
1450287727.7,0.926170157432,0.342244239541,0.273033466645,0.0501600653291,0.0112946822778,-0.0174795582635,-0.027292905307,0.192275748098,0.0200596126277,-1.37211859226,-2.67366027832,-0.826713562012,-0.634010314941,0.273009091616,0.368949502707
1450287727.71,0.926962039861,0.342297606144,0.27272534489,0.0601402446641,0.0180894388694,-0.0248280922275,-0.0354982355431,0.239000139035,0.0168489300932,-1.74708747864,-2.4207098484,-0.917019069195,-0.553328335285,0.258472979069,0.360343843699
1450287727.72,0.927236771192,0.342236333129,0.272575099194,0.0625675261193,-0.0066982421989,-0.0302699308644,-0.0205872157181,0.250667327141,-0.0317453108442,-1.87682676315,-2.13757133484,-1.06015443802,-0.461892277002,0.297493487597,0.271365046501
1450287727.73,0.928382540827,0.342058501238,0.271548644689,0.0631519790621,-0.0115069159358,-0.0343145814205,0.00803603950791,0.258156038568,0.0108921481142,-1.74857258797,-2.56610536575,-0.97710442543,-0.59917396307,0.325687378645,0.394125342369
1450287727.74,0.929118538585,0.342903754791,0.271053511796,0.0873919824298,0.00858802121024,-0.0507093600143,-0.0101342364693,0.368678226838,0.0360807707162,-1.52319216728,-2.59141898155,-0.768166840076,-0.629081070423,0.419354110956,0.406679272652
1450287727.75,0.929788452911,0.342661799955,0.269169118407,0.0804649038994,0.0125472111047,-0.0548434955723,-0.0534136453378,0.352958305615,0.008231990322,-1.55893957615,-2.54380774498,-0.530032098293,-0.618058979511,0.532830059528,0.39044123888
1450287727.76,0.930736942217,0.342343904809,0.26908415333,0.0790128296096,0.0115302731706,-0.0643416228412,-0.0307408953572,0.366613699179,0.0123502605277,-1.48896348476,-2.31696653366,-0.244535431266,-0.627272546291,0.682160437107,0.41044703126
1450287727.77,0.93171593308,0.343467899788,0.269097418778,0.0889403097124,0.00342699084703,-0.0739184671273,-0.0146933012051,0.413456030989,0.0103441069095,-1.49492073059,-2.38233804703,-0.0519278533757,-0.619304835796,0.836213767529,0.377580791712
1450287727.78,0.932510762018,0.343301200606,0.268760064704,0.0891424031822,0.0272643494435,-0.0462508933376,-0.0420450521344,0.37116319074,0.0390375835889,-1.23946857452,-2.37345838547,0.215509355068,-0.608503639698,0.974136352539,0.399107158184
1450287727.79,0.933360415828,0.343041778061,0.267415841999,0.0874488739764,0.0137131107126,-0.0823301294765,-0.0439650823037,0.42304969218,0.0344459399336,-0.993860423565,-2.52804613113,0.405776619911,-0.619868695736,1.04275286198,0.408760070801
1450287727.8,0.934195674027,0.34312213228,0.267211740555,0.0822257051439,0.00864938092312,-0.090898264977,-0.0417264340068,0.421088779867,0.0221189791573,-1.04535806179,-2.65167593956,0.359841108322,-0.691484212875,1.03676509857,0.469085484743
1450287727.81,0.934981420281,0.34347984465,0.266504211153,0.0748423935637,0.00657157861293,-0.0283916172033,-0.0458137425724,0.287154880191,0.022782467873,-1.41318845749,-2.63839435577,0.0595546215773,-0.632606208324,0.965410470963,0.430046975613
1450287727.82,0.935583313704,0.343260572048,0.266473048522,0.0724806292229,0.0213419436078,-0.0411516764114,-0.0503117106849,0.306324979313,0.0349480884414,-1.37243664265,-2.56723928452,0.0841905921698,-0.542656779289,0.926198482513,0.385814636946
1450287727.83,0.935849717473,0.344147972258,0.265573448256,0.049761844577,0.0103769381724,-0.0404332238953,-0.0323819337644,0.229666475855,0.0238912811148,-0.94590485096,-2.26719379425,0.437681049109,-0.496631920338,0.902408540249,0.34672537446
1450287727.84,0.936155922223,0.343864872635,0.2645393421,0.0435427532274,0.0237688427869,-0.0463286719104,-0.0331604622256,0.224814911988,0.0294048604793,-1.2416523695,-2.28126192093,0.379775881767,-0.500694215298,0.882662713528,0.327516257763
1450287727.85,0.936358321152,0.343776266956,0.265774002103,0.0264650469767,0.00405614797801,-0.0335520307739,-0.0265284064503,0.141722087006,0.0173969743507,-1.75277245045,-2.5563852787,-0.0567179061472,-0.565138101578,0.845655977726,0.384836673737
1450287727.86,0.936340593076,0.34433955103,0.265420945441,0.0123593338013,0.0159329946265,-0.00486219106329,-0.0300826737233,0.0510701729412,0.0138394465523,-1.76952958107,-2.48918890953,-0.0725314319134,-0.533383607864,0.887740910053,0.361910283566
1450287727.87,0.936176150959,0.34461245812,0.265165030971,-0.00168122384316,0.00768462011073,-0.0224152780002,-0.0391115556309,0.0327781923107,0.016187321299,-1.34717309475,-2.55289292336,0.199955463409,-0.60319519043,0.953146696091,0.393749594688
1450287727.88,0.935950385716,0.343727627137,0.265036638813,-0.0194737791086,0.0153924034964,0.0102142737296,-0.0314327232975,-0.0778359528472,0.0107778950629,-1.06464099884,-2.53494143486,0.599434792995,-0.596882760525,1.07648849487,0.407117515802
1450287727.89,0.935466413872,0.345105729303,0.265264904641,-0.0380282556878,0.0179731727286,0.0321852832908,-0.00031252058643,-0.172345815125,0.0121473497735,-1.075294137,-2.40142798424,0.755751490593,-0.581467807293,1.20264995098,0.371950268745
1450287727.9,0.934862685432,0.344723783191,0.265856995875,-0.0419316802129,0.0234941016696,0.0330744486346,-0.00568973354376,-0.186005119207,0.0290831904124,-1.00440716743,-2.64263010025,0.83647441864,-0.655818879604,1.23154556751,0.428548276424
1450287727.91,0.934189384232,0.344994809202,0.265765363031,-0.0504862325085,-0.0035879700693,0.0173527751257,0.0290575939843,-0.192076747293,0.0144094051891,-1.14245736599,-2.46177697182,0.81077247858,-0.670053303242,1.24981451035,0.409816652536
1450287727.92,0.933436427045,0.34468490255,0.266087660176,-0.0694936555618,0.0208705402978,0.0322718562497,0.0145127768172,-0.270632354169,0.0184717502946,-1.16301083565,-2.71394515038,0.674174845219,-0.72386687994,1.21408772469,0.477537482977
1450287727.93,0.932565283152,0.345375774703,0.266591006083,-0.0768929639879,0.00180440250339,0.0452615962708,0.025920566731,-0.321460540459,-0.0216334065674,-1.37874746323,-3.04366660118,0.379449129105,-0.783956050873,1.16486990452,0.493576169014
1450287727.94,0.931865658785,0.344335110888,0.267101774656,-0.0871250597392,-0.0010296664588,0.0571895922675,0.0511770785115,-0.374815620634,0.0052244394286,-1.39737892151,-2.75227880478,0.294044286013,-0.716635584831,1.09437358379,0.458645254374
1450287727.95,0.930663800918,0.345188966424,0.268157967345,-0.0879183057421,-0.000702253451193,0.054839864351,0.00226593806989,-0.377767358136,0.00139471248291,-1.22050476074,-2.8618915081,0.378690600395,-0.724718630314,1.02696382999,0.448957443237
1450287727.96,0.929821780468,0.344722989621,0.269381079133,-0.095507206434,-0.0224603057551,0.0824023364934,0.0543088267387,-0.450683168902,-0.0512819701556,-1.30242311954,-2.74590706825,0.333363056183,-0.707890272141,0.970793545246,0.43387106061
1450287727.97,0.928809324954,0.345341927092,0.269634922966,-0.0929244397641,-0.0133614355951,0.0815233890069,0.0430049280383,-0.439556870385,-0.0311771037267,-1.40220487118,-2.86388540268,0.295614004135,-0.735755980015,0.947841525078,0.456176102161
1450287727.98,0.927840324305,0.345107806137,0.269560520273,-0.10112268478,0.0137353886925,0.0568575633642,0.0277731982784,-0.415777096235,0.00779121164771,-1.65577960014,-2.74287819862,0.0901923179626,-0.750578999519,0.895256876945,0.471854537725
1450287727.99,0.926916562625,0.34464323898,0.271315136796,-0.096420291237,3.86998064694e-05,0.0544976175326,0.0375414286694,-0.400109012384,-0.00242502761857,-1.86209440231,-2.72090578079,-0.168030515313,-0.681216537952,0.913170874119,0.412297576666
1450287728.0,0.925879756378,0.344564317707,0.270945141635,-0.0977285351093,-0.0265095890119,0.0704453587442,0.041657963497,-0.438917668873,-0.0521715246743,-1.75660800934,-2.52118635178,-0.201387450099,-0.730348289013,0.906013250351,0.453910380602
1450287728.01,0.925069946515,0.344262626669,0.272284582812,-0.0855992760092,-0.0329176118784,0.0734977789799,0.0507298218515,-0.406551109634,-0.0561363667983,-1.36213564873,-2.78389191628,0.0426249541342,-0.739600718021,0.902674973011,0.447584807873
1450287728.02,0.924271874549,0.344020824781,0.27209378146,-0.0778930014029,-0.02090407289,0.0527664424761,0.04047247444,-0.345139057487,-0.0168549013128,-1.23286747932,-2.78738117218,0.248105987906,-0.818615138531,0.901299893856,0.505402684212
1450287728.03,0.923775591008,0.344438902166,0.273693821636,-0.0761734168564,-0.0199194635645,0.030235820186,0.0313297691942,-0.29991832654,-0.032417872664,-1.56097090244,-2.54660701752,0.0719118788838,-0.708274722099,0.851006150246,0.430430948734
1450287728.03,0.923436905688,0.343735060827,0.27292053867,-0.0703531724676,0.00289891838674,0.0187878542881,0.0227052428822,-0.254461486518,-0.0207694824814,-1.96764588356,-2.12882518768,-0.122251160443,-0.622470200062,0.784754276276,0.369511216879
1450287728.04,0.922936017183,0.343450760029,0.273721274072,-0.0469719168928,-0.00321037099617,0.0341970781323,0.0365308498667,-0.207618901029,-0.00757139826055,-1.99313271046,-2.04855823517,-0.351119697094,-0.57633471489,0.686357498169,0.341479182243
1450287728.05,0.922502178217,0.343675552674,0.273626790134,-0.0449833262259,-0.010656620759,0.0427709434291,0.0242878419088,-0.218428987752,-0.0283040341398,-1.72783029079,-2.16604304314,-0.339109897614,-0.650059223175,0.579148828983,0.398542493582
1450287728.06,0.922358881575,0.343269043833,0.273731247473,-0.0249990868809,-0.025309641451,0.0153749338428,0.0614313342151,-0.109193995008,-0.0288026212899,-1.61046528816,-2.29012441635,-0.32608038187,-0.653871119022,0.520378172398,0.368792265654
1450287728.07,0.922146195324,0.343577267825,0.273175926901,-0.0139115296572,-0.0304635864616,-0.00189939200214,0.0171473601183,-0.0494937017959,-0.0337541137052,-1.88651919365,-2.94766116142,-0.50722104311,-0.78942912817,0.464296281338,0.46686437726
1450287728.08,0.922443670484,0.343827087571,0.27396971221,-0.0119370195529,-0.0137586022109,-0.0136239371316,0.0363679458555,-0.0163219184892,-0.00923304993848,-2.16185331345,-2.80747365952,-0.720459401608,-0.739740908146,0.414206653833,0.44450840354
1450287728.09,0.922675708741,0.343278646,0.27319891543,0.0169940943893,-0.0140100446062,-0.0120617982077,0.0296338491903,0.0726265338176,-0.00976663554818,-1.98644948006,-2.29565286636,-0.516971826553,-0.64845097065,0.425852030516,0.3974801898
1450287728.1,0.922915792386,0.342698351333,0.273095086496,0.0220271561128,-0.011522807403,-0.0301099232285,-0.00703483128548,0.119771630987,-0.0304567543732,-1.91483843327,-2.00955033302,-0.43678766489,-0.598427176476,0.417145043612,0.370981067419
1450287728.11,0.92339093643,0.34276924,0.273311965061,0.0341854551657,-0.00760353659586,-0.00685535519281,-0.0136390969345,0.117999724312,-0.00855777736111,-1.91590094566,-1.85106706619,-0.506047546864,-0.580058276653,0.391563743353,0.36151689291
1450287728.12,0.924076752438,0.342749143823,0.273239538413,0.0432848288665,0.0116689425233,-0.00894673711191,0.00867867535456,0.157912387894,0.0262882302525,-2.11727786064,-2.26151895523,-0.802338659763,-0.638355374336,0.28446662426,0.363308280706
1450287728.13,0.924461261997,0.342073645396,0.272058755643,0.0539550874352,0.0151507155356,-0.0374684498914,-0.00823731754982,0.243171621799,-0.00821283483714,-2.10197901726,-2.3860244751,-0.843006670475,-0.613806426525,0.243956699967,0.383692413568
1450287728.14,0.925226503578,0.342828949655,0.271394891057,0.0725606290585,-0.0184425193046,-0.0519868101857,-0.0127172444792,0.31536399656,-0.0107530593772,-2.14203643799,-2.38259458542,-0.799988031387,-0.643608748913,0.266777098179,0.404635459185
1450287728.15,0.926132865564,0.343080035204,0.271348369481,0.0684049600512,-0.00183155288928,-0.0369795234941,-0.01458790571,0.281009173276,0.0127053503022,-2.30224370956,-2.34673309326,-0.76042419672,-0.6238899827,0.302540391684,0.391929090023
1450287728.16,0.9273034298,0.343443131673,0.270451699149,0.0810297869629,0.00621321117237,-0.0578716536872,-0.029016848297,0.359913840186,0.00791818975563,-2.07901406288,-2.67557001114,-0.700833618641,-0.665672063828,0.314921826124,0.42273542285
1450287728.17,0.928129465826,0.343046265664,0.270131786563,0.0794578299678,-0.00274491651823,-0.0615277343301,-0.032830785252,0.357454183047,0.0148210422462,-1.93273067474,-2.32920479774,-0.529934167862,-0.606462001801,0.365457594395,0.358551681042
1450287728.18,0.928866734774,0.342574808715,0.267877134088,0.100999007587,0.00519413597427,-0.0647151143768,-0.0311184634325,0.434141082621,0.0222369388738,-1.82281696796,-2.38883924484,-0.459296554327,-0.637560486794,0.431724727154,0.416629850864
1450287728.19,0.92957827975,0.343152833171,0.267746124459,0.0940554851077,0.0096520401302,-0.0504488504922,-0.0575718081118,0.387512240257,0.00818967962593,-1.81848955154,-2.22693610191,-0.252943426371,-0.648965477943,0.573566019535,0.424013197422
1450287728.2,0.931183313083,0.342852592938,0.267767333703,0.0981871332595,0.0171866473478,-0.0478617627643,-0.057585622751,0.399429335536,0.00867061952532,-1.81779444218,-2.14168453217,-0.0296032577753,-0.60512137413,0.723350584507,0.388309448957
1450287728.21,0.931992170643,0.343310606106,0.268243964302,0.115974044693,0.00596259596892,-0.057194378883,-0.029831602875,0.470551433578,0.0136111590245,-1.87807881832,-2.25746369362,-0.0550547465682,-0.615321934223,0.825700759888,0.394431382418
1450287728.22,0.933247663713,0.343160226284,0.26610563224,0.103931682634,0.0273952817399,-0.0654237977908,-0.034274407357,0.452415481518,0.0484448424639,-1.7736209631,-2.25160503387,-0.029940681532,-0.617137551308,0.875980913639,0.402021348476
1450287728.23,0.934425571633,0.343442523476,0.266344528477,0.112987473473,0.012331759786,-0.0670907253707,-0.0308601638158,0.480350514405,0.0357935481106,-1.7534173727,-2.41471123695,-0.116275884211,-0.692813813686,0.863892912865,0.447783619165
1450287728.24,0.935430366891,0.343628059387,0.265358933891,0.101219502674,0.0126527307527,-0.077339569767,-0.0300059297667,0.461292119619,0.0260205579057,-1.74900209904,-2.38210749626,-0.154753267765,-0.643065452576,0.816394805908,0.426180303097
1450287728.25,0.936375273935,0.343605091052,0.263346007238,0.0949204500646,0.0237255201759,-0.0940497379768,-0.072643284349,0.470560673665,0.0281777823368,-1.75315475464,-2.44237089157,-0.166534110904,-0.665948390961,0.748662889004,0.450812041759
1450287728.26,0.937360951053,0.343610154304,0.263393133066,0.0996433171082,0.00421328887249,-0.0944002419821,-0.0407363937858,0.481774839475,0.0218425877284,-1.80427980423,-2.39856719971,-0.269879072905,-0.648183882236,0.642833352089,0.440932810307
1450287728.27,0.938451863851,0.343480757647,0.263169379367,0.102430607828,0.00661607174783,-0.0442776663252,-0.0240164905975,0.405931486195,0.013981548996,-1.77864742279,-2.54578185081,-0.249312490225,-0.680387318134,0.582539558411,0.478839784861
1450287728.28,0.938854965449,0.344037159793,0.262029973724,0.100372724249,-0.00100322797876,-0.049114986048,-0.0322159152887,0.40480082977,0.0113646825644,-1.71048569679,-2.52516031265,-0.221744373441,-0.641815304756,0.593572795391,0.441941678524
1450287728.29,0.939876905475,0.34414424482,0.262174299919,0.071567444557,0.011413381552,-0.0458729241585,-0.0199671239497,0.312234948328,0.0126943612703,-1.72914266586,-2.44117283821,-0.119319245219,-0.634863436222,0.676605224609,0.430996417999
1450287728.3,0.940249583404,0.344092437288,0.261765025487,0.0674549810118,0.018686585333,-0.0537745020452,-0.0509652080329,0.31288433799,0.0141670128275,-2.09781241417,-2.61721944809,-0.325876623392,-0.649808168411,0.757053017616,0.455356746912
1450287728.31,0.940641088112,0.344459046507,0.260781367525,0.0566033037125,-0.00459059330035,-0.0420053278441,-0.0162963016002,0.252437938092,0.0102738469976,-2.13856339455,-2.50856876373,-0.347224861383,-0.722904264927,0.849258780479,0.498865246773
1450287728.32,0.9410388765,0.345326830141,0.260781153383,0.044523585248,0.00648729426408,-0.0385318055588,0.00291805446677,0.213260649922,0.0155086022109,-1.82418084145,-2.70260715485,-0.145365476608,-0.697570443153,0.924971818924,0.493525594473
1450287728.33,0.941190776896,0.344665664567,0.260721770448,0.0232442538404,0.0225311782515,-0.0400267468398,-0.00545920203478,0.151544774226,0.0330808142327,-1.40549480915,-2.65158963203,0.302781790495,-0.768301844597,0.995008826256,0.538320720196
1450287728.34,0.941346962062,0.344695517209,0.259916162488,0.0116312783205,0.00783899019688,-0.00124869245535,-0.0396725107099,0.0380704644071,0.0180118753585,-1.2451723814,-2.51704502106,0.571717023849,-0.687010586262,1.01031923294,0.447408676147
1450287728.35,0.941312840812,0.344481112505,0.260484377747,0.0104532116024,0.0117972019484,-0.0150507921575,-0.0132824777847,0.0629747691827,-0.00327529442567,-1.47989296913,-2.44486761093,0.542994856834,-0.684392929077,0.982095241547,0.476354658604
1450287728.36,0.941166628897,0.344641516952,0.260240481329,-0.00614975255896,-0.00747170961505,-0.0151703166077,0.00506855091604,0.00377798798541,-0.00132328445227,-1.50715661049,-3.02202892303,0.466567218304,-0.758174657822,0.902793347836,0.524065852165
1450287728.37,0.940979395183,0.344982216583,0.260170134031,-0.0108674002139,0.0101919494653,-0.00747585113077,-0.0110912220606,-0.0201858437212,0.0148359915896,-1.58879363537,-2.89797973633,0.41634234786,-0.75076520443,0.910789787769,0.527240276337
1450287728.38,0.940433272956,0.344504441619,0.260404615717,-0.0241293318238,-0.0141674973281,0.0082317329912,0.0103886336809,-0.0962939270347,-0.0117136029476,-1.55914127827,-2.75927853584,0.382051885128,-0.746326982975,0.93362647295,0.525170922279
1450287728.39,0.94001993276,0.344791598175,0.261013622087,-0.0426219168932,-0.0036431279932,0.00529028388241,0.0320503486718,-0.144811852832,-0.00171843609186,-1.46012806892,-2.61585450172,0.569836556911,-0.763542711735,0.981520295143,0.52533197403
1450287728.4,0.939652793723,0.34501512766,0.261243564862,-0.0463253208641,-0.0158560850329,0.0306261316422,0.0289301968521,-0.205243792533,-0.0233783689809,-1.36505889893,-2.61544203758,0.613605082035,-0.735310316086,1.01998722553,0.504101276398
1450287728.41,0.938998147369,0.344121937147,0.262085426639,-0.0517994539104,-0.0113664578964,0.0349188796318,0.0381807359546,-0.228811865961,-0.00146044461572,-1.4054787159,-2.65863394737,0.614758074284,-0.742040097713,1.02251493931,0.506492972374
1450287728.42,0.938271341038,0.344212757915,0.261206942677,-0.0600422075153,-0.00418701602989,0.0489509250374,0.00920846289474,-0.278901775749,-0.0150355583554,-1.32610213757,-2.51812529564,0.672983705997,-0.782259583473,1.00832796097,0.534118592739
1450287728.43,0.937601785034,0.344520454519,0.262667199689,-0.0635863600531,-0.0155594250432,0.0538948795264,0.00876794291299,-0.302706828964,-0.0326416108039,-1.40408408642,-2.41184663773,0.570982098579,-0.669849395752,1.00484335423,0.449924588203
1450287728.44,0.936727531279,0.344358592051,0.262574057823,-0.0753022228315,-0.0272630584682,0.0251969258805,0.0189221817688,-0.291434990929,-0.0661687097185,-1.50207138062,-2.43039369583,0.514628529549,-0.715655386448,0.970143198967,0.47913429141
1450287728.45,0.935806578439,0.343860201786,0.263210877696,-0.0786865873593,-0.0167825657282,0.0574001631972,0.0592704868477,-0.354767106125,0.00188238049895,-1.54736292362,-2.50686001778,0.44985768199,-0.72292137146,0.941480278969,0.480709403753
1450287728.46,0.93510741633,0.343380371667,0.264040060149,-0.0861896902033,-0.00758558819769,0.0555312506323,0.0322674774987,-0.373202912105,-0.0181416027646,-1.41212332249,-2.39170837402,0.454339325428,-0.677350699902,0.937198221684,0.459138989449
1450287728.47,0.933895725246,0.343907661677,0.264113313076,-0.0861022767071,-0.0132977204744,0.066574124968,0.0311245467744,-0.39363118224,-0.0325891305783,-1.30176603794,-2.17549204826,0.660879731178,-0.638907968998,0.940204679966,0.431014329195
1450287728.48,0.933073447652,0.343112063304,0.263994991308,-0.103746218879,-0.00333713063842,0.072039193851,0.045922923843,-0.455682959125,-0.0153141911402,-1.31550562382,-2.33802032471,0.655364632607,-0.627341747284,0.95454621315,0.422240227461
1450287728.49,0.931991530137,0.34321780722,0.265560291553,-0.098276673709,-0.0218423227689,0.0577804797248,0.0368210000854,-0.419351236234,-0.0359072185837,-1.48086333275,-2.45792126656,0.523122191429,-0.7005879879,0.932784736156,0.440453618765
1450287728.5,0.931154575622,0.343365559085,0.266243301213,-0.0977656969292,-0.0282338001186,0.0626423436931,0.0484291192786,-0.426536732398,-0.0486574415945,-1.44868004322,-2.60440349579,0.401486247778,-0.747331678867,0.921526730061,0.50215357542
1450287728.51,0.930349401201,0.342636584328,0.266625959386,-0.083018918484,-0.0167313873732,0.0415163537983,0.0197186491042,-0.341773093184,-0.0215428275846,-1.26120853424,-2.50402188301,0.493991166353,-0.759768128395,0.987642705441,0.462657511234
1450287728.52,0.929447980521,0.342900137535,0.266987699454,-0.0767209688914,-0.00103519451171,0.0465583177103,0.0154390290598,-0.326321979113,-0.00375354599263,-1.22026634216,-2.56246519089,0.621673047543,-0.732714891434,1.01521897316,0.456128060818
1450287728.53,0.928625904682,0.342015771498,0.26619516066,-0.0809801490012,-0.00862621458719,0.0465493084276,0.0312144143034,-0.340574374817,-0.026744911637,-1.31580448151,-2.26669383049,0.710295081139,-0.68465667963,1.00058948994,0.434077084064
1450287728.54,0.928066060223,0.34256999009,0.267699237477,-0.0782734738913,0.000493432239306,0.0281396254098,0.0386263770314,-0.29786882667,0.0131871530087,-1.49243426323,-2.29635572433,0.583201706409,-0.676250576973,0.930159747601,0.411857753992
1450287728.55,0.927533531266,0.343214166715,0.268823401244,-0.0734045009532,-0.0129174032737,0.0336290825298,0.011846565106,-0.296559460375,-0.016342350095,-1.45146167278,-2.31587266922,0.419737905264,-0.678285300732,0.877616047859,0.431500017643
1450287728.56,0.92668753625,0.342060347826,0.267712387313,-0.0662520851761,-0.0123013396535,0.031096095762,0.0275702685461,-0.267657043155,-0.014319197502,-1.33811676502,-2.5687046051,0.344883680344,-0.713282108307,0.830448329449,0.446450233459
1450287728.57,0.926443651692,0.342834340422,0.269172633223,-0.0520987629045,-0.0513027736216,0.0214972325134,0.0706028812348,-0.213774528394,-0.0659653630568,-1.3601706028,-2.61967992783,0.297356069088,-0.73556047678,0.775492966175,0.430416017771
1450287728.58,0.925730266675,0.34142943253,0.268497884387,-0.0373729077319,-0.00238107783599,0.0450458045451,0.0341825381441,-0.195436353295,-0.0301210186223,-1.39475440979,-2.66391825676,0.387323230505,-0.730673611164,0.71154910326,0.461018204689
1450287728.59,0.925747182418,0.342541066111,0.269578480153,-0.0302083996556,-0.01214863031,0.0181427481024,0.0429896129836,-0.128191390815,-0.0340354196471,-1.5523815155,-2.29374551773,0.208323672414,-0.627316474915,0.637229025364,0.377208501101
1450287728.61,0.925814918992,0.34156465572,0.268428813036,-0.022815781887,-0.00967517965561,-0.0336539621708,0.0338207577699,-0.0138317510462,-0.0360919798163,-1.49225008488,-2.3426861763,0.0465693697333,-0.664461672306,0.545174717903,0.423505932093
1450287728.61,0.92594746809,0.341332041744,0.267506218908,-0.000846253438445,-0.027781605686,-0.0292319102802,0.0518147631194,0.0425632983308,-0.0217719110618,-1.76103639603,-2.2565600872,-0.336174488068,-0.626122415066,0.454764991999,0.391791522503
1450287728.62,0.926197864024,0.340611451568,0.268041782349,0.0179286288342,-0.051481194721,-0.0105961007156,0.0656698817681,0.064270862516,-0.0610159519283,-1.99388349056,-2.80207920074,-0.644337117672,-0.689610779285,0.378307640553,0.438495725393
1450287728.63,0.926514090777,0.340332059739,0.26703194388,0.0260143988207,-0.0310755023449,-0.0394722559859,0.0520076459732,0.146744793158,-0.0420036853355,-1.76022481918,-2.81287193298,-0.483278900385,-0.696382522583,0.316273778677,0.446753144264
1450287728.64,0.926915944946,0.340968345705,0.267405616027,0.0289362642079,-0.00305209513283,-0.0448152261797,0.0649157963287,0.17499940351,-0.0117891171136,-1.58428299427,-2.44734358788,-0.335646063089,-0.677282691002,0.253460735083,0.419556498528
1450287728.65,0.927077851113,0.340644226314,0.267643211689,0.0322993104883,-0.00990043084189,-0.0521137294174,0.0680600997797,0.196085070238,-0.0152935469557,-1.93076992035,-1.8122471571,-0.507175385952,-0.552004635334,0.234646141529,0.361066699028
1450287728.66,0.928025111027,0.340407724269,0.266231959963,0.0373018097561,-0.0234659298216,-0.0612872840542,0.0594608296991,0.223785775519,-0.0318057095676,-1.88737940788,-1.83132755756,-0.66581684351,-0.543976008892,0.194981098175,0.327368617058
1450287728.67,0.928317611321,0.340452814534,0.264346642988,0.0482152412387,-0.00810884742742,-0.0691216497016,0.0276013884818,0.274647044207,-0.0196914646581,-1.7719014883,-1.98163998127,-0.707630574703,-0.560689210892,0.153733670712,0.375952631235
1450287728.68,0.929042862006,0.339759143139,0.264432924821,0.063472717548,-0.0149635004879,-0.0739284656412,0.0691581066258,0.332312805777,-0.0106751223869,-1.65563130379,-2.57722043991,-0.73696988821,-0.657919287682,0.151308432221,0.438647300005
1450287728.69,0.92991119127,0.339732552566,0.263373187761,0.0692467475085,-0.0242368861137,-0.0623671351496,0.0512173197899,0.326918050194,-0.0401988555832,-1.57618045807,-3.08643388748,-0.679134726524,-0.732478618622,0.197395280004,0.489803791046
1450287728.7,0.930501978125,0.340124686255,0.262951090864,0.068306502644,-0.0262356776728,-0.0762272782979,0.032746163614,0.34626213998,-0.0363943487216,-1.58451414108,-2.71526360512,-0.678606688976,-0.708658516407,0.185803905129,0.4775595963
1450287728.71,0.931307674835,0.339707824121,0.261282974372,0.0760418387343,-0.0066933524887,-0.107585622637,0.0162821717783,0.431146446505,-0.0115033844014,-1.47661828995,-2.44479870796,-0.669270098209,-0.675568819046,0.251918196678,0.443979412317
1450287728.72,0.932084435166,0.338976034166,0.260818397845,0.0783035424187,-0.0061413393231,-0.104055458991,-0.00844881392982,0.427770118904,0.0284113945319,-1.52313649654,-2.09387564659,-0.669600307941,-0.553847253323,0.385914891958,0.367275834084
1450287728.73,0.933094000792,0.339920315437,0.259086705597,0.0846216222392,-0.00416968450432,-0.0873454460011,-0.0340659577714,0.419091963053,0.00758321760735,-1.27505218983,-1.94892990589,-0.541012585163,-0.612072527409,0.526641011238,0.433021754026
1450287728.74,0.933763061296,0.339545721863,0.258495400699,0.0829827631882,-0.000659440812224,-0.075995605471,-0.032417446251,0.395118333265,0.0116530554433,-1.05445039272,-1.87017500401,-0.0982372388244,-0.556894898415,0.720069885254,0.390042155981
1450287728.75,0.934651894052,0.33953360524,0.257918655352,0.0861830741898,0.00810679373491,-0.0866705769435,-0.0150832864526,0.426802334632,0.0405266170214,-0.809387326241,-2.02811002731,0.119523100555,-0.635698080063,0.785226404667,0.44642573595
1450287728.76,0.935594102472,0.339834513089,0.257281029637,0.0804493707268,0.00807105766448,-0.109859119616,-0.0598817203732,0.448060574658,0.0161031205295,-0.900577008724,-1.85525727272,0.00707348296419,-0.581256091595,0.786969542503,0.410863995552
1450287728.77,0.936159569401,0.33923099715,0.256251427322,0.0804997516449,0.00412326546117,-0.0682244856828,-0.0592299569083,0.373020301671,0.025008046285,-0.973336398602,-1.90964782238,-0.19234380126,-0.60039973259,0.750076234341,0.393615752459
1450287728.78,0.93683656992,0.340087548301,0.25522667834,0.0717403894507,-0.00214430108477,-0.0851842508167,-0.0639012461534,0.373769260854,0.013090807181,-1.01229894161,-1.93949902058,-0.379624575377,-0.555125236511,0.673306524754,0.388667225838
1450287728.8,0.93749516176,0.339898991156,0.255289918021,0.0619943719031,0.00475371621031,-0.0830081935699,-0.0148342001759,0.344235358429,0.018883868089,-0.985780417919,-1.88205850124,-0.357386142015,-0.522870481014,0.592533409595,0.379620194435
1450287728.81,0.937854641552,0.340789964174,0.254149702049,0.062602955135,0.00731127594142,-0.0688074825361,-0.0167322954273,0.321965589669,0.0180995171462,-1.09012424946,-1.94690275192,-0.525543272495,-0.551813185215,0.497202455997,0.388406455517
1450287728.81,0.938395514441,0.340009889439,0.253466488291,0.0425976589668,0.0102137733615,-0.0647051142249,-0.0375249616139,0.250887761623,0.0111170616196,-1.01117908955,-1.8714069128,-0.534148693085,-0.508519113064,0.44381326437,0.372106939554
1450287728.82,0.938698220305,0.340080980917,0.251866624827,0.0537614030688,0.00655189490915,-0.0597053124775,-0.0242074111538,0.277953300525,0.00586988412532,-0.927769422531,-2.08870267868,-0.550288259983,-0.561506032944,0.470960408449,0.412876069546
1450287728.84,0.939166195449,0.339369876826,0.251924713435,0.0345309552538,-0.0020542235811,-0.0728061007993,-0.0149732455183,0.237826207088,0.00109715450017,-0.911620676517,-2.34411382675,-0.662218093872,-0.641628861427,0.489386081696,0.446196883917
1450287728.85,0.939264184534,0.339789620143,0.251308838651,0.0263006441777,0.00381571841161,-0.0280357070421,-0.0109777492544,0.132944229941,0.0155161504258,-0.736393868923,-2.55053520203,-0.480811715126,-0.695468425751,0.618594169617,0.510866105556
1450287728.85,0.939340122454,0.339743844817,0.251425573232,0.0130141650579,-0.00261865270585,-0.0283907344403,-0.0128926955998,0.0905859430738,-0.0150688906619,-0.650758445263,-2.45498585701,-0.383120149374,-0.687628030777,0.671369314194,0.495263576508
1450287728.86,0.939171013103,0.340313193394,0.251871256973,-0.00506251087057,0.00767652019789,-0.013152053786,0.0186803752476,0.010601033103,0.00666713690246,-0.575710535049,-2.31990265846,-0.208429187536,-0.662166178226,0.774842977524,0.4736559093
1450287728.87,0.938822693171,0.340492766534,0.251921969183,-0.0157098519109,-0.00422106709814,-0.017651512817,-0.00782413405477,-0.0211665460266,-0.00400236023726,-0.608980178833,-2.31615209579,-0.190784439445,-0.60738658905,0.834782540798,0.442848563194
1450287728.88,0.938392975624,0.339520894312,0.251423192618,-0.0324503350118,-0.0094752103201,-0.0299384410628,0.00797983394066,-0.0525177607792,-0.00944934977818,-0.592189788818,-2.25834274292,-0.266414999962,-0.655947327614,0.84553861618,0.477295666933
1450287728.89,0.937613456181,0.339525373977,0.251969034261,-0.056965086835,-0.012313168553,0.0113039146596,0.00756571456442,-0.206063509923,-0.00406730836069,-0.443124234676,-2.49337744713,-0.107165411115,-0.643622815609,0.894935190678,0.455406248569
1450287728.9,0.937114198197,0.339834768115,0.252621772047,-0.0575224202543,0.00317082416384,0.0167838774237,0.00712536296077,-0.211272272966,-0.0113935594067,-0.323991686106,-2.64756822586,0.0476229675114,-0.721170663834,0.885970950127,0.529335141182
1450287728.91,0.936264326165,0.34018441661,0.252671747808,-0.0721629096043,0.0119285019474,0.0284705130064,0.0325049820189,-0.273941784923,-0.00412788107612,-0.186586350203,-2.23971605301,0.337922215462,-0.642957866192,0.860450029373,0.46186631918
1450287728.92,0.93571779954,0.339880283401,0.25272698332,-0.0663668412382,0.0170408808779,0.0545221520525,0.0425592199766,-0.300342394101,0.00601728253362,-0.22756396234,-2.13477134705,0.342243731022,-0.618442475796,0.810406327248,0.432114899158
1450287728.93,0.934564953217,0.33985329117,0.252805866386,-0.0708720564672,-0.00110908067992,0.0339489505288,0.019482851383,-0.285759019612,-0.000740073141894,-0.250707924366,-2.23716235161,0.204718858004,-0.609436571598,0.734294950962,0.424221247435
1450287728.94,0.933789591105,0.339757597127,0.254214237568,-0.0966884774796,-0.0210996547106,0.0433919964061,0.048296456967,-0.388077690169,-0.0280084561464,-0.28450357914,-2.63646411896,0.0856128633022,-0.741402983665,0.684663116932,0.484088033438
1450287728.95,0.933012622233,0.339238859837,0.254246973833,-0.0920980000143,-0.0347369700667,0.0711860968288,0.0173835449523,-0.428653506818,-0.0569684123803,-0.414669722319,-3.15468978882,-0.179032996297,-0.791783511639,0.635425031185,0.523375988007
1450287728.96,0.93173696107,0.338916025053,0.25492740819,-0.0806425318431,-0.0175805582051,0.0539623157546,0.0107102489416,-0.356661850725,-0.0367773759372,-0.479873031378,-3.03610038757,-0.28210195899,-0.777003526688,0.624036490917,0.534022212029
1450287728.97,0.930989357132,0.339543877568,0.256066359511,-0.0903943055491,-2.90106676007e-05,0.0658231938988,0.0676209648407,-0.401036576381,0.00916158993273,-0.441336065531,-2.40841293335,-0.141408964992,-0.637446165085,0.687486171722,0.428300619125
1450287728.98,0.930030684459,0.339178198056,0.256884836173,-0.100291151289,0.00588183692193,0.0741059065627,0.0203700054351,-0.44739561363,-0.011829337518,-0.491640180349,-1.81202769279,-0.111072510481,-0.530370116234,0.723647236824,0.340823143721
1450287728.99,0.929129410929,0.338415180764,0.256661585868,-0.0976934372581,-0.00858501176873,0.0909381724021,0.00860049448448,-0.474351190247,-0.0251244057598,-0.519695878029,-1.66020345688,-0.159950166941,-0.534349322319,0.71199119091,0.356451869011
1450287729.0,0.928263463986,0.33899491875,0.258877913325,-0.0944906549038,-0.0190718061623,0.0539328415028,0.0362166200106,-0.398807627028,-0.034684677946,-0.549672961235,-2.08385491371,-0.319171875715,-0.677531599998,0.715249061584,0.464091986418
1450287729.01,0.927346834506,0.338581824017,0.258466942165,-0.0831779139996,-0.0387551940037,0.0685254223787,0.0868040625665,-0.390277844673,-0.0620561996599,-0.482602536678,-2.54981136322,-0.363143742085,-0.674419701099,0.72776722908,0.425917595625
1450287729.02,0.926678750636,0.338667995653,0.258365714497,-0.0797436183656,-0.0145312764741,0.0705192950902,-0.0127312134109,-0.383478249187,-0.0380200774865,-0.464569538832,-2.64762806892,-0.400577664375,-0.687416315079,0.743174314499,0.449065864086
1450287729.03,0.926066697015,0.338208019953,0.25977977347,-0.0867912416764,-0.00730977542193,0.0494467537918,0.0104109843409,-0.364151781982,-0.0306156163761,-0.400955557823,-2.58841252327,-0.328036367893,-0.65188062191,0.721582531929,0.409674197435
1450287729.04,0.925514259075,0.338592125025,0.259938578236,-0.0627543465385,-0.00634944605595,0.0319622948988,0.0345307703743,-0.255064744732,-0.0188608835029,-0.494954407215,-2.34171485901,-0.451236784458,-0.689835786819,0.639262199402,0.445481538773
1450287729.05,0.924979968977,0.33865017275,0.260944659915,-0.0495278673775,0.00862784990976,0.0542790895112,-0.0126429732371,-0.252818922723,0.00834700676818,-0.684214055538,-2.07140851021,-0.58873128891,-0.590766489506,0.584816157818,0.387903392315
1450287729.06,0.924383234524,0.338239888002,0.259800798879,-0.0534391404721,0.00383190584603,0.0328055302727,-0.00775031739524,-0.227965992562,0.00396835487669,-0.607099175453,-2.08435893059,-0.545901417732,-0.623960852623,0.56113666296,0.402027189732
1450287729.07,0.924013314657,0.338109098004,0.26170656236,-0.0396092924499,-0.0186049503143,0.0173347850497,0.0509871059334,-0.157860408445,-0.0268881019554,-0.674219727516,-2.19228696823,-0.623890519142,-0.560015797615,0.535770535469,0.344564527273
1450287729.08,0.923826585851,0.33826084905,0.260336320858,-0.029141643767,-0.008090711923,0.0245923212278,-0.00136583003447,-0.13814544578,-0.0211669442258,-0.734660446644,-2.60564565659,-0.845394432545,-0.716408729553,0.479550659657,0.439204752445
1450287729.09,0.923803913799,0.338251485438,0.260491318913,-0.0169124289461,-0.0258995432023,0.0117945399193,0.0128307754957,-0.0814696385449,-0.0269895381495,-0.712287962437,-2.61855244637,-0.902016460896,-0.662548720837,0.452338963747,0.431347191334
1450287729.1,0.923658990569,0.337597296217,0.260769980775,-0.0125992263922,0.00667364004686,0.000230480709119,0.0284544664922,-0.0373231645169,0.0244794712331,-0.60005903244,-2.75120544434,-0.745241343975,-0.762248039246,0.446351438761,0.485739350319
1450287729.11,0.924171317622,0.338532041097,0.260773410328,0.000644409175285,0.00498974429906,0.000249726478727,0.0126209746552,0.00413885783169,0.00502238852343,-0.732402741909,-2.06362175941,-0.820028066635,-0.599040985107,0.353705316782,0.38284739852
1450287729.12,0.924532492829,0.338057542518,0.260905863532,0.0289999981814,0.0178065419287,-0.0320400168081,-0.0245191915058,0.152308356806,0.0235488575346,-0.865321576595,-1.92436027527,-0.944376170635,-0.586656391621,0.255109965801,0.375700801611
1450287729.13,0.925006997246,0.337929582295,0.259790911341,0.0464803808048,0.0103747087335,-0.00630532314087,-0.00566335945696,0.162880735561,-0.010013100546,-0.972972273827,-1.97576856613,-1.13170075417,-0.559337794781,0.112813487649,0.358475297689
1450287729.14,0.925753513659,0.338271013504,0.26031352252,0.0515724576612,-0.00894431116967,-0.0317089781177,-0.0155378021344,0.215296689756,0.0110616763,-1.03911960125,-2.53063392639,-1.29097557068,-0.65546309948,0.0132005754858,0.428515583277
1450287729.15,0.926228560374,0.338278604438,0.259006921566,0.0603260173764,0.0140924198427,-0.0256299963894,-0.0291677245359,0.239049285328,0.020415705585,-1.03222811222,-2.70766806602,-1.34039604664,-0.651190757751,-0.00769180618227,0.438951969147
1450287729.16,0.926955155032,0.338381838463,0.258377961003,0.0739612751799,-0.0186174351881,-0.0446316794727,-0.0177514013662,0.307468067393,-0.0123033083183,-1.06385087967,-3.01246213913,-1.4515440464,-0.774627685547,-0.0297000650316,0.501331806183
1450287729.17,0.927941524047,0.338889408846,0.258062962603,0.0766004234709,0.00128031054445,-0.0557384103719,-0.0227662213505,0.341026928225,0.0171823425762,-1.10354650021,-2.32837915421,-1.35106241703,-0.600701570511,0.0302320737392,0.379496246576
1450287729.18,0.929088326075,0.339178141789,0.258006283922,0.0888859727324,0.0298523030121,-0.0531419351907,-0.0577625305216,0.381750640327,0.0391648518788,-1.10355973244,-2.24358391762,-1.33118569851,-0.62476670742,0.0701991021633,0.421843796968
1450287729.19,0.930234693411,0.338808277052,0.257599361081,0.0970640866246,0.00899712072323,-0.0534511923931,-0.0401673446444,0.403432337172,0.0195636889983,-1.05584311485,-2.0205051899,-1.22998774052,-0.534520208836,0.117718264461,0.368109047413
1450287729.2,0.930681047858,0.33888788935,0.255627746754,0.0989565002735,0.0090969754641,-0.0869513475583,-0.0257188482206,0.470510433306,0.0251286004593,-0.917918682098,-1.89099478722,-0.982499778271,-0.512835025787,0.199911415577,0.333282917738
1450287729.21,0.932258085426,0.338184630479,0.25616298539,0.10483414455,0.00688283505054,-0.0899148262021,-0.0356357729821,0.493304394573,0.0178370356773,-0.834052026272,-2.37246060371,-0.926130831242,-0.614603996277,0.273152559996,0.419006019831
1450287729.22,0.933366141303,0.339182767983,0.254870010285,0.113756846529,-0.00597552802588,-0.0797854946062,-0.0444925083338,0.500828822885,-0.0170719597521,-0.738088190556,-2.50001764297,-0.765246391296,-0.633446037769,0.403674274683,0.445686906576
1450287729.23,0.934660559807,0.339243116562,0.253319071219,0.114381070548,0.0210482715703,-0.070398764961,-0.0557626703771,0.491450974118,0.039936136871,-0.3570753932,-2.7000374794,-0.367333173752,-0.719256401062,0.592221617699,0.522732317448
1450287729.24,0.935773398029,0.339434794751,0.252534274584,0.123877658014,0.0115621148872,-0.0825673034579,-0.057328621615,0.540757781564,0.032268369781,-0.282284915447,-2.23543787003,-0.0898102372885,-0.653441309929,0.699899077415,0.464200049639
1450287729.25,0.936982389367,0.339566216496,0.25256414447,0.115745098279,-9.62183665926e-05,-0.0936548219586,-0.00774060437727,0.535169108561,0.0243038097224,-0.376463919878,-2.14318943024,-0.163576468825,-0.640400409698,0.724733293056,0.467489004135
1450287729.26,0.938195246337,0.338817093595,0.250736872855,0.122453735411,0.00792207747813,-0.0624887379567,-0.0272453618387,0.50091145247,0.0429553784987,-0.461978822947,-2.12654876709,-0.415189802647,-0.62167352438,0.70624679327,0.450218200684
1450287729.27,0.939181954007,0.339276991153,0.251930020676,0.112710236661,0.00445817434179,-0.0564968275234,-0.027955109037,0.459099538046,0.0253013227891,-0.577407717705,-2.07663583755,-0.518484652042,-0.51937943697,0.665479183197,0.387486994267
1450287729.28,0.940355627214,0.339643195556,0.25106670162,0.0885416501978,0.0203818804381,-0.0646500572096,-0.0551300598911,0.399721226318,0.0388665934419,-0.429711550474,-2.20798444748,-0.432021379471,-0.619101047516,0.626180887222,0.441210061312
1450287729.29,0.940824810892,0.339739160963,0.250208383701,0.0794947757421,0.0187066021781,-0.0638518480548,-0.0612299202184,0.369166718387,0.0262128945486,-0.596015155315,-2.13703274727,-0.58239287138,-0.524437904358,0.592085242271,0.407546699047
1450287729.3,0.941403356782,0.339714077443,0.24908866058,0.0851793093703,-0.00756170745804,-0.0588272169587,-0.0349206047841,0.37306811105,-0.00831131973608,-0.743922770023,-2.22072458267,-0.783166229725,-0.577069938183,0.54496049881,0.4284696877
1450287729.31,0.942162719524,0.338959945437,0.249455550716,0.0690485815151,-0.00172227128586,-0.054671197615,-0.0175100788058,0.316561127313,0.00430912813671,-0.629830598831,-2.31614089012,-0.663226008415,-0.564101099968,0.59458231926,0.407882988453
1450287729.32,0.942297783242,0.340093865322,0.248609666435,0.0472084752592,0.00981679200551,-0.0370688418347,-0.0329635396153,0.216280043554,0.0364428882385,-0.310042887926,-2.1708714962,-0.29311940074,-0.551584541798,0.697672605515,0.400601476431
1450287729.33,0.942422031824,0.340092240489,0.249046238454,0.0266623470947,-0.000916341008272,-0.018325775226,-0.0177040500261,0.115963357638,0.00759922362735,-0.304146289825,-2.31987476349,-0.275557518005,-0.626334369183,0.741188049316,0.489724963903
1450287729.34,0.942070727007,0.340116884685,0.248426900924,0.00712596693391,0.0075001932285,0.0180861741881,-0.00884879445562,-0.00801147779229,0.0071157714201,-0.398081451654,-2.15856719017,-0.313430130482,-0.602974057198,0.755003154278,0.460021555424
1450287729.35,0.94205227806,0.339962059546,0.248788966369,-0.0126790477152,0.0236468432803,0.0136960643899,-0.0254684576103,-0.0600569532077,0.0257727601184,-0.338619172573,-2.25841259956,-0.269342541695,-0.602384448051,0.798043310642,0.460280507803
1450287729.36,0.941509009697,0.339892307065,0.248683219039,-0.0335663185647,0.000425860682914,-0.00331152988582,-0.0378388906865,-0.103453666095,-0.0101378338138,-0.272825092077,-2.3049018383,-0.17536072433,-0.663792848587,0.857765555382,0.52745527029
1450287729.37,0.941312724414,0.339929000619,0.250053062869,-0.0447053160209,0.0161743234043,0.00193066641015,-0.0249494347114,-0.143033851736,0.00977401377054,-0.211290001869,-2.37385511398,-0.131991624832,-0.630607068539,0.924589753151,0.450134128332
1450287729.38,0.940447837524,0.340126646654,0.249630072807,-0.0494271629547,0.00924410300548,0.028582929153,-0.0171498983906,-0.207859260091,0.0072517465481,-0.209766581655,-2.45681166649,-0.10989343375,-0.650095582008,0.926855444908,0.484548926353
1450287729.39,0.939856303561,0.339713141934,0.251303477445,-0.0569053324183,-0.00158420704416,0.0538148697308,-0.0149680712043,-0.280857331681,0.012259209333,-0.0301686562598,-2.62587952614,0.126359224319,-0.642193734646,0.941615641117,0.476850867271
1450287729.4,0.939060754211,0.339915931239,0.250995760115,-0.0669858744481,-0.0112881808504,0.0648794257404,0.00411146143653,-0.333889549355,-0.00710462258373,0.142029464245,-2.62086558342,0.273263275623,-0.608320474625,0.922335267067,0.460594832897
1450287729.41,0.938258233845,0.34001951743,0.252588615657,-0.078231675975,-0.00108099488937,0.0630976016258,-0.0121579006188,-0.36321997724,-0.0153526422899,-0.234772205353,-2.27095079422,-0.0915260463953,-0.606257677078,0.811812281609,0.44344741106
1450287729.42,0.93729925969,0.340443216981,0.252888261135,-0.0879654249953,-0.00209831008227,0.0814175605029,0.0122998749782,-0.425268028987,-0.0167824790042,-0.59042429924,-2.36500811577,-0.628845691681,-0.6378916502,0.688260138035,0.460106700659
1450287729.43,0.936073558855,0.340327124237,0.253910105503,-0.0927647133113,0.00507084983705,0.0653875770067,-0.00130209868849,-0.412402776269,0.0190982353217,-0.834583818913,-2.28199219704,-0.970719695091,-0.61318397522,0.63005310297,0.427642464638
1450287729.44,0.935477640476,0.339793108143,0.254685209376,-0.0988318073123,0.00502254750353,0.0873266725256,0.0316586400731,-0.466170726725,-0.0103761782444,-0.706970512867,-2.28801035881,-0.924852311611,-0.593770325184,0.658064365387,0.414580106735
1450287729.45,0.934078641808,0.339742212187,0.254759819542,-0.0976256528702,-0.0159751839863,0.088791583655,0.0554566227484,-0.470078576664,-0.0155263881264,-0.504801392555,-2.35423946381,-0.72534006834,-0.543792307377,0.717180371284,0.380641937256
1450287729.46,0.933294628497,0.340085645775,0.2558043007,-0.110184766943,0.00398417184675,0.0659048157771,0.0615465230669,-0.461361513684,-0.0195440177314,-0.362109482288,-2.78855514526,-0.596008419991,-0.74987334013,0.749958455563,0.534468770027
1450287729.47,0.932309738141,0.340384130158,0.257100060998,-0.0993436349662,-0.000231873690814,0.0518617443252,0.0270732884839,-0.407029583447,-0.00632373957804,-0.453464716673,-2.67611956596,-0.612378656864,-0.702179551125,0.738738358021,0.486304223537
1450287729.48,0.931219030885,0.339649666375,0.256325410493,-0.0894595076337,-0.00838132521597,0.0640312320611,0.0430044829928,-0.397809134108,-0.021050736105,-0.393131315708,-2.4612429142,-0.493614554405,-0.675480425358,0.774651646614,0.457128554583
1450287729.49,0.930542810891,0.339434312404,0.257451932334,-0.0839161186192,-0.0239027016987,0.0513089491927,0.0186866441591,-0.364902028372,-0.0214265431552,-0.442358613014,-2.43517303467,-0.516558170319,-0.697202086449,0.769436717033,0.454233497381
1450287729.5,0.929880514706,0.33967142895,0.258037619167,-0.0819274873825,-0.0160028232892,0.0687863791781,0.0167674757114,-0.385768600456,-0.0360976052873,-0.421243220568,-2.6496617794,-0.581782281399,-0.711614847183,0.775042712688,0.461933493614
1450287729.51,0.929239338709,0.339928173915,0.258453281315,-0.0767570223364,-0.000952802326303,0.0545732929524,0.0276576917206,-0.339571199351,-0.00245895464339,-0.418409079313,-2.3874745369,-0.575442790985,-0.611999094486,0.75005710125,0.426674187183
1450287729.52,0.928759194139,0.339094452566,0.258945806814,-0.0613874006104,-0.00268155283116,0.0302198659423,-0.00525595702144,-0.249836800031,-0.0163489640157,-0.479145348072,-2.10660862923,-0.62157356739,-0.610356390476,0.731246173382,0.392546445131
1450287729.53,0.928450527665,0.339376209538,0.259314414355,-0.0602767481248,-0.0127268905983,0.0337385551037,0.0261200573601,-0.252086460914,-0.0420347768018,-0.523072123528,-2.04063558578,-0.624481201172,-0.585365891457,0.682977974415,0.38650855422
1450287729.54,0.927875064689,0.339255790145,0.259345219855,-0.0450843296358,-0.0139902476204,0.0306793300777,0.0154367581213,-0.200168672946,-0.0305352704005,-0.550362706184,-2.19955205917,-0.662428855896,-0.602937400341,0.650313735008,0.428930163383
1450287729.55,0.927441213427,0.339223982436,0.260295906558,-0.0331187218793,-0.0200412390177,0.0324530353147,0.0404333273744,-0.16600081865,-0.0234922859932,-0.554315268993,-2.38462686539,-0.70833337307,-0.62181854248,0.616036117077,0.406086236238
1450287729.56,0.927182839614,0.339210092946,0.259615425766,-0.0325952907969,-0.00467644668068,0.0276353874014,0.0291259934939,-0.152836020719,0.007207793883,-0.516100466251,-2.42619776726,-0.683806478977,-0.63471031189,0.605544447899,0.414687335491
1450287729.57,0.92732534656,0.338270216656,0.259054767203,-0.0163206509853,-0.00959913513337,0.00639817057849,0.00383163247167,-0.0667095915816,0.00269980955477,-0.578764736652,-2.22556948662,-0.755807816982,-0.612897455692,0.562674045563,0.389158129692
1450287729.58,0.927420952,0.338768737701,0.259311535337,0.00419282137113,5.38385974432e-05,-0.0368373264112,-0.014077746211,0.0788832800142,-0.0173185241099,-0.641227483749,-2.03792929649,-0.828923404217,-0.601711511612,0.500517904758,0.405271589756
1450287729.59,0.927877934772,0.339209245209,0.259337392269,0.0157512002493,-0.000969978163734,-0.00135914864616,-0.0145919929187,0.0512747675701,-0.00403920562534,-0.685543894768,-2.0755739212,-0.840212464333,-0.560156881809,0.442893624306,0.378006905317
1450287729.6,0.928087120989,0.339215530115,0.25971544077,0.0247836957966,0.00953755395218,-0.0229498549436,-0.00591624975551,0.121600681499,0.0174594806275,-0.713470101357,-2.41797685623,-0.90914773941,-0.64611017704,0.33954924345,0.423029601574
1450287729.62,0.928444457209,0.3389572866,0.258152265083,0.036076886845,-0.00986002214098,-0.0146143494271,0.00184429991999,0.137117250787,0.00410184138075,-0.676157295704,-2.33478593826,-0.871271312237,-0.596639215946,0.232837826014,0.394761949778
1450287729.63,0.929064420728,0.339371690428,0.25826279271,0.0425442899069,-0.00467903834503,-0.027014889421,-0.031336265311,0.179893066423,-0.00950666723327,-0.859226167202,-2.28303551674,-1.07809591293,-0.618295788765,0.155725032091,0.41787314415
1450287729.63,0.929476149935,0.338729829571,0.258016323338,0.0481084906425,0.00932776651428,-0.0297027405295,-0.0164913123049,0.207357591278,0.0139423300155,-1.02002978325,-2.15662074089,-1.26416778564,-0.535809755325,0.0573204904795,0.365452200174
1450287729.64,0.929865704679,0.339034927296,0.256404031323,0.0492143641997,-0.0100538531432,-0.0432653166773,-0.0138390233514,0.230385009388,-0.0170173129248,-1.04813158512,-2.25384950638,-1.27248692513,-0.592481076717,0.0127803813666,0.380450218916
1450287729.65,0.930745986476,0.338831889367,0.256850426525,0.0605917534057,0.0151400793356,-0.048700630863,-0.0198869968103,0.281731384145,0.0348679058485,-1.02239406109,-2.11970806122,-1.25588512421,-0.542554676533,0.0240161195397,0.36514467001
1450287729.66,0.931568010504,0.338962601423,0.255966018205,0.0704433093406,0.00796127659465,-0.0504210410626,-6.65205497051e-05,0.316726094937,0.0106375791499,-0.997920632362,-2.37172412872,-1.27971243858,-0.597347140312,0.00156920787413,0.403752446175
1450287729.67,0.932483929893,0.339478151503,0.256163836599,0.0762796540403,0.013904513442,-0.0487635480929,-0.021615101179,0.332406590134,0.0191869939717,-1.00120997429,-2.12752389908,-1.24579823017,-0.483618348837,-0.00316851539537,0.331348717213
1450287729.68,0.933495651044,0.339197457241,0.255342300632,0.0894712741737,0.017264548823,-0.054225715384,-0.0240908594589,0.383849854049,0.0412529860487,-1.01810538769,-2.25629878044,-1.28017604351,-0.561791956425,-0.0139778833836,0.397301077843
1450287729.7,0.934425891946,0.339614961773,0.254715581246,0.0908885748499,-0.00651938038558,-0.0836221583284,-0.0113921162223,0.436258984156,-0.00152087815418,-1.0441660881,-2.23270153999,-1.33509075642,-0.536917150021,-0.0127090569586,0.38327050209
1450287729.7,0.935151854913,0.339347026324,0.254238526393,0.102535607366,0.0192346767368,-0.0646529268373,-0.0559624663619,0.443184252818,0.0344362317606,-0.99683880806,-2.39283061028,-1.30460417271,-0.574175298214,0.00364979263395,0.401044368744
1450287729.71,0.936904050836,0.339056143968,0.253227569042,0.107516615781,0.00205477905249,-0.0591226630991,-0.0325792061351,0.44623103838,0.0171572791154,-1.02835142612,-2.10051178932,-1.3074003458,-0.515563249588,0.0842442587018,0.366963386536
1450287729.73,0.937762138648,0.338791374814,0.252999430665,0.115463989213,-0.000482984579442,-0.0825768947387,-0.0417658258714,0.512293551064,0.01075105099,-0.751445353031,-2.00799155235,-0.900167822838,-0.562809705734,0.269193381071,0.424431592226
1450287729.73,0.938909763235,0.340100007341,0.252472933482,0.118870226042,0.00949181226631,-0.0750744843545,-0.0503790539481,0.511599678115,0.0342287532989,-0.617571532726,-2.09989476204,-0.729098260403,-0.536035180092,0.476105093956,0.373297661543
1450287729.74,0.940178064273,0.338972197945,0.25024454351,0.111696828886,0.0398416531689,-0.0753978054597,-0.0680272575095,0.497804609293,0.0581913938854,-0.564318954945,-2.09065270424,-0.646406531334,-0.593293845654,0.643389582634,0.420273989439
1450287729.75,0.941230965841,0.34017000005,0.25083804891,0.109000435889,0.0242313426243,-0.0804870165831,-0.0589640893816,0.49539064688,0.0347760527418,-0.519959211349,-2.17826271057,-0.616662025452,-0.560019850731,0.748360872269,0.421701312065
1450287729.76,0.942162799923,0.340658455767,0.249790719511,0.10694624628,0.0116220689765,-0.0721388372685,-0.016215941841,0.471750338434,0.050949463791,-0.446850329638,-1.96591043472,-0.570611059666,-0.551307857037,0.791126012802,0.395513057709
1450287729.77,0.943217359632,0.341096295669,0.249166823139,0.102973655873,0.0263279648162,-0.0856006050054,-0.0415788460995,0.48777283351,0.0289807629333,-0.362760215998,-2.55047702789,-0.58225697279,-0.639920413494,0.797399222851,0.488765746355
1450287729.78,0.944215272893,0.340283553421,0.248676052069,0.0995827687454,0.00394444650121,-0.0695183592307,-0.0450037091777,0.44033091463,0.0204683481326,-0.322783172131,-2.5907638073,-0.51780807972,-0.680506706238,0.774752497673,0.523614883423
1450287729.8,0.944675445975,0.341468527689,0.24755579475,0.0820065567225,-0.00500988626446,-0.0457333340638,-0.0357581440344,0.339921582695,0.00828818920811,-0.391135543585,-2.35334348679,-0.557118475437,-0.573119461536,0.728986084461,0.445106774569
1450287729.8,0.945393429009,0.341472760837,0.247546481936,0.0640545804222,0.0086643224769,-0.0309299028513,-0.0242121242306,0.262103042767,7.736672766e-05,-0.524984657764,-2.39793610573,-0.736678659916,-0.563167393208,0.671044409275,0.438871353865
1450287729.81,0.94558656535,0.340457331861,0.24729700987,0.0588442741412,0.0330762632575,-0.0358421697252,-0.0456657359348,0.258193606824,0.0552001448609,-0.569353342056,-2.16838216782,-0.718815982342,-0.509707272053,0.651932477951,0.389748156071
1450287729.82,0.945836016092,0.341129834108,0.247434364305,0.0262438876864,0.00523660719878,-0.0377830404299,-0.0410190622441,0.149084380774,0.0291819573282,-0.496246337891,-2.08968615532,-0.694129526615,-0.523673057556,0.675593614578,0.421434134245
1450287729.83,0.945447055316,0.340951396417,0.246493907104,0.0105636333651,0.0018482847086,-0.0226297706602,-0.0422145597433,0.0725291961024,-0.00919893309071,-0.495479285717,-2.35146570206,-0.708347678185,-0.571847677231,0.687175750732,0.457611769438
1450287729.84,0.945211125584,0.341038155765,0.247379137674,-0.0115159426709,0.00774916777443,0.00632607293946,-0.0109053440887,-0.0466875090337,0.00104441154656,-0.413355499506,-2.38176774979,-0.56695318222,-0.555524051189,0.750764250755,0.432525485754
1450287729.85,0.945132899193,0.341115610001,0.247234920836,-0.0246424567743,-0.0146817214741,0.0156129004663,0.0120918241276,-0.110804778466,-0.0112913412832,-0.172588452697,-2.42021369934,-0.240615338087,-0.564982831478,0.814549744129,0.430368125439
1450287729.86,0.944809390151,0.340474863895,0.248056064105,-0.0347877305611,-0.000914079549664,0.0264616660701,0.000986610606048,-0.160122505934,0.0112213038644,-0.0304503683001,-2.3497197628,0.00847444590181,-0.596152067184,0.898319542408,0.461759418249
1450287729.87,0.943910451268,0.341557746421,0.24706806319,-0.046150759832,0.0126498865884,0.0509326591003,0.0155521265824,-0.234470880898,0.0169387376012,-0.111521668732,-2.23040819168,-0.0598652437329,-0.569259822369,0.926209330559,0.437178134918
1450287729.88,0.943062208551,0.341644469393,0.2474975613,-0.0648083348693,0.0158589536589,0.0111839346721,0.00329943888407,-0.222038959646,0.0124671843012,-0.364269375801,-2.13155984879,-0.286422580481,-0.573245108128,0.894818246365,0.446145355701
1450287729.89,0.942710752107,0.341303746349,0.248306237457,-0.0694990859261,-0.00689338126951,0.0370104748733,0.0282814072284,-0.288126203618,-0.0131687592846,-0.306677818298,-2.18488883972,-0.345068544149,-0.542420566082,0.860580980778,0.412933945656
1450287729.9,0.941902529494,0.341080369845,0.249627852808,-0.0693944002611,0.00560813724165,0.0593669623922,0.0179204791666,-0.325534372247,0.00544854593781,-0.247677564621,-2.57259654999,-0.357242822647,-0.635570168495,0.850854158401,0.478019416332
1450287729.91,0.940697484215,0.340354073642,0.250350633378,-0.0842886983776,-0.02121893679,0.0583912814051,0.0370023906296,-0.377097366302,-0.0322282046527,-0.0494659617543,-2.76412844658,-0.128599852324,-0.712894678116,0.823545336723,0.532662451267
1450287729.92,0.940231355858,0.340426656283,0.251033173653,-0.0857620733022,-0.0306567669501,0.0892935414882,0.0192012051149,-0.440359535026,-0.0612209755479,0.0107729695737,-2.69694900513,-0.00179301062599,-0.666185081005,0.764268994331,0.485200703144
1450287729.93,0.939287445418,0.339974317925,0.252059583587,-0.0879100182119,-0.00761406478814,0.0744280568539,0.0378539038312,-0.412625096815,-0.023266586797,-0.335140287876,-2.30000352859,-0.34248405695,-0.568875133991,0.674436986446,0.411572188139
1450287729.94,0.938217610527,0.340672871868,0.252417570133,-0.0957794512617,-0.00433002341682,0.0525509941527,0.0411784540415,-0.396811171217,-0.0245889409524,-0.599953830242,-2.06317472458,-0.714639723301,-0.534501135349,0.586422204971,0.368352413177
1450287729.95,0.937134349104,0.340169657666,0.25319944687,-0.103628515789,0.0114494523402,0.0742293130312,0.0252613143233,-0.4578646396,0.00908715140229,-0.7883233428,-1.99638032913,-1.00200426579,-0.522847950459,0.541441321373,0.382295399904
1450287729.96,0.936522260605,0.340395943774,0.253434412768,-0.0819550404966,-0.0189808845816,0.0724684548673,0.0342435731889,-0.392956094345,-0.0370519374755,-0.67751377821,-1.93651127815,-0.964575231075,-0.521468043327,0.57359033823,0.372764885426
1450287729.98,0.935830930078,0.339771569766,0.254467649315,-0.08142665997,-0.00756534627477,0.0662468254843,0.0224233966563,-0.377281512102,-0.0280162383859,-0.374658644199,-2.29131102562,-0.633348405361,-0.54403591156,0.635798156261,0.406597584486
1450287729.99,0.934560084303,0.339328987538,0.255357903286,-0.0775140911683,-0.0283668843024,0.0507154990852,0.0251376300876,-0.343787680188,-0.0389839669,-0.147155687213,-2.70202302933,-0.382712244987,-0.705196797848,0.678620874882,0.493634462357
1450287729.99,0.934424232567,0.339074532771,0.255278061413,-0.0720813126131,-0.037564928439,0.0712942003378,0.0469277778779,-0.364414232917,-0.0523383702331,-0.194753155112,-2.8410820961,-0.32930713892,-0.695787549019,0.706567168236,0.484056144953
1450287730.0,0.933628685567,0.340089797881,0.255752035611,-0.0580608178893,-0.0241214166507,0.0484419516077,0.0429975484105,-0.275403030969,-0.0324745214274,-0.247557133436,-2.45081591606,-0.265895277262,-0.654464304447,0.727502703667,0.470067799091
1450287730.01,0.933129587036,0.339206238138,0.256661209683,-0.0636890591021,-0.0103775636703,0.0476289455367,0.0226501062907,-0.28831045414,-0.0277357730178,-0.266972154379,-2.00500822067,-0.260395914316,-0.595695078373,0.771462619305,0.419345498085
1450287730.02,0.932654553605,0.339167860433,0.256443436936,-0.0565575508674,0.0118520958282,0.0262152989958,0.037028901028,-0.222094619884,0.0393486061933,-0.432358264923,-1.50605010986,-0.434671372175,-0.436378926039,0.815325737,0.323092758656
1450287730.03,0.932163037202,0.338990286484,0.256620320133,-0.0487937443359,-0.000492905043708,0.0291347923433,0.0229679346068,-0.205771114843,0.00619857524561,-0.570257723331,-1.57160925865,-0.693647325039,-0.479694128036,0.802330076694,0.330440282822
1450287730.04,0.931772740028,0.339752137211,0.257348616483,-0.0376486339543,-0.00662729642321,0.0136942396443,-0.00082148660097,-0.145330310793,-0.0227093101558,-0.395373046398,-1.89488995075,-0.546364784241,-0.558376908302,0.829080045223,0.381716549397
1450287730.05,0.931648274574,0.33904522632,0.256790064243,-0.0319051872488,-0.0193079465947,0.016709186319,0.0122750517843,-0.134568819862,-0.0491071154141,-0.100082807243,-2.45734882355,-0.227241203189,-0.617940366268,0.854721009731,0.407829105854
1450287730.06,0.931425985242,0.338511952736,0.257810835481,-0.0235807486315,-0.0209553305301,0.015634443152,-0.0276170690643,-0.111325935591,-0.029449877871,0.0910752117634,-3.09619522095,0.0220773350447,-0.786412775517,0.832686424255,0.531984210014
1450287730.07,0.931362817834,0.338906939949,0.257338963984,-0.0170387541253,-0.00788825022121,0.0238806995429,-0.000516855121215,-0.100630776694,0.00738158667929,0.0757990628481,-2.74662852287,0.0759263932705,-0.655873954296,0.78484338522,0.452607572079
1450287730.08,0.931038048649,0.339578637015,0.256658680443,-0.00410103693554,0.00080677216792,0.0269943986606,0.0161870805361,-0.0603837246335,0.00646746400452,-0.109957247972,-2.33083987236,-0.031634632498,-0.602685928345,0.731983959675,0.40614464879
1450287730.09,0.931487180809,0.339613465195,0.257897319633,-0.00406017561502,0.0126690586866,-0.00534934199582,-0.00927002799016,0.000240682836711,0.0055319114921,-0.44182151556,-1.67137527466,-0.409888535738,-0.443926811218,0.670117735863,0.310212284327
1450287730.1,0.931534005606,0.339147468494,0.257035650892,0.00505971614887,0.0177803015952,-0.0242190741061,0.00247684112078,0.0646859967836,0.0239799655238,-0.69787055254,-1.54695796967,-0.767092168331,-0.468422055244,0.623330295086,0.293361216784
1450287730.11,0.931505071409,0.339080642092,0.256541823536,0.00560918294888,0.0129148361371,-0.0346390393573,-0.0251943522647,0.0817178819894,0.0136445985792,-0.934989392757,-1.62800943851,-1.06020271778,-0.424494206905,0.553731560707,0.286801725626
1450287730.12,0.931460580756,0.339542614056,0.256532742031,0.0109335956281,-0.00765076618328,-0.019856294448,-0.00620328313627,0.0676750597263,-0.00792337869704,-0.631284534931,-2.53925776482,-0.807235002518,-0.642017662525,0.543933033943,0.418673396111
1450287730.13,0.932050595047,0.338941506283,0.256200039419,0.0147559558655,-0.00667551534594,-0.0324541465771,-0.0119546617475,0.102493744681,-0.0172156856912,-0.219727367163,-2.86306667328,-0.292812675238,-0.638006389141,0.537948250771,0.442481219769
1450287730.14,0.931876802702,0.338918897408,0.256319316588,0.0176273201638,-0.0241075987988,-0.0264509656478,-0.00464578078714,0.0953039814805,-0.0231809071029,0.0449418202043,-3.00545716286,0.172226816416,-0.704195439816,0.553879201412,0.485346436501
1450287730.15,0.931994588358,0.339573266924,0.255342304082,0.0134187501828,0.0103810968392,0.0183025197443,0.0011499285119,0.012794233545,0.0104849573659,-0.0247385539114,-2.50965929031,0.240191340446,-0.597965419292,0.540047585964,0.414410799742
1450287730.16,0.932432375749,0.33953953377,0.256763395043,0.0177475607475,0.00861450434874,-0.00609303753476,-0.0237156264165,0.067366800514,0.0214251140116,-0.324947416782,-2.44208312035,-0.0915641784668,-0.617604017258,0.489446163177,0.415042579174
1450287730.17,0.93273229064,0.339557390594,0.256217978094,0.0202149884744,0.0160996214604,-0.0295089008926,-0.00591157772615,0.121120991895,0.0234744724882,-0.639439463615,-1.6007373333,-0.491756677628,-0.419368267059,0.532987117767,0.283280968666
1450287730.18,0.93275635211,0.339852835467,0.255670269865,0.0200247590643,0.00126346002836,-0.0189292967902,-0.000177118505878,0.0977688970804,0.00830847222885,-0.978854119778,-1.75392997265,-0.929788827896,-0.478059887886,0.56357896328,0.320972502232
1450287730.19,0.933139817085,0.339294040534,0.256484610248,0.0235051815348,-0.00814707943511,-0.0127043605633,-0.0172800608828,0.0960128179254,-0.0389455926137,-0.946581602097,-2.15342187881,-1.01966309547,-0.535870790482,0.622541189194,0.370627135038
1450287730.2,0.933298268804,0.339306113765,0.255671341249,0.016343569193,-0.0033137451654,-0.00251387146828,0.0124811508892,0.0571909498,-0.00847509600207,-0.425121605396,-2.35828590393,-0.557546675205,-0.545958936214,0.725402474403,0.385883957148
1450287730.21,0.933343574353,0.339229720217,0.255318653313,0.0147813486473,0.023881270494,-0.0214361550018,-0.0279614931598,0.0887693945926,0.0463190645927,0.00195312942378,-2.75662255287,-0.0108152329922,-0.700561106205,0.814802646637,0.481893837452
1450287730.22,0.933124750698,0.339892353345,0.255251318198,0.00419489677033,0.016857821273,-0.0389052678744,-0.0471436347706,0.082845134378,0.0398576964211,0.0165216047317,-2.50604534149,0.156571134925,-0.650155544281,0.776019334793,0.445140421391
1450287730.23,0.933470253085,0.340172132156,0.254851185746,-0.00125186765506,0.0268819449748,0.0239458847456,-0.00616626421562,-0.0407566428121,0.0504221354957,-0.260758370161,-2.31452393532,-0.108021020889,-0.574718296528,0.683129310608,0.41107904911
1450287730.24,0.933451703322,0.340981193725,0.25432110513,0.0171675090838,0.0156843648497,-0.00850534478428,-0.0511572146598,0.0706038543619,0.0155958577021,-0.447264999151,-2.22979474068,-0.401606529951,-0.563234806061,0.621439933777,0.381747752428
1450287730.25,0.933791942621,0.34049877648,0.255489211471,0.0105610551811,0.0112194058178,0.00619845997172,-0.0423890789161,0.0219583519386,0.0252486315333,-0.412985622883,-2.30957174301,-0.497839152813,-0.574633300304,0.61577039957,0.403611212969
1450287730.26,0.933871135458,0.340220252982,0.255802332904,0.00986806984378,0.0238949259911,0.00186911306411,-0.0547335024797,0.0310509930751,0.0276535832351,-0.521986484528,-2.55308556557,-0.807204067707,-0.618690192699,0.569546043873,0.424977004528
1450287730.27,0.933462713067,0.34104994272,0.25500605093,-0.00209812236059,0.0346926207762,0.0259804201575,-0.0756681896955,-0.0491865610426,0.0465535100204,-0.570573687553,-2.5228703022,-0.903988659382,-0.622358798981,0.562888026237,0.393285423517
1450287730.28,0.933744025631,0.340898751401,0.255717397202,-0.00295599509729,0.00996238037431,-0.0143469868793,-0.067855766535,0.0133402905536,0.0194979829936,-0.530696451664,-2.31635689735,-0.819958508015,-0.570269525051,0.559799551964,0.376496225595
1450287730.29,0.933846991679,0.341146667716,0.255298113413,0.00614555952697,0.014095310118,-0.00384954878307,-0.068500335298,0.0235330648643,0.0432080056365,-0.574786782265,-2.23519182205,-0.843821406364,-0.60323369503,0.53880417347,0.411978453398
1450287730.3,0.933776906763,0.341694315471,0.256355784776,0.00278177631156,0.0188777422891,0.0288631346645,-0.0657530178145,-0.04345015968,0.036312105409,-0.730057299137,-2.4222111702,-0.995670616627,-0.554116725922,0.496957063675,0.383258253336
1450287730.31,0.934112816755,0.341733963799,0.255461623871,0.00791269683795,0.0177159325797,0.0100930198194,-0.039901401201,0.00736743071092,0.0555513379717,-0.573808550835,-2.38508749008,-0.850836515427,-0.54736661911,0.521642208099,0.371515035629
1450287730.32,0.933754826528,0.342115178315,0.256177957957,0.0164284844651,0.00789625234947,-0.0166880719889,-0.0756262135256,0.0782352810895,0.00945183424843,-0.573178887367,-2.1695253849,-0.845866262913,-0.526240229607,0.545101642609,0.392707973719
1450287730.33,0.93407252294,0.342507230748,0.255964130771,0.00405335082747,0.0393145262811,-0.00729393872226,-0.0707951813212,0.0310308002286,0.0643259673682,-0.706369519234,-2.43204474449,-1.12460780144,-0.572472929955,0.585148155689,0.388588547707
1450287730.34,0.933941435346,0.3426109694,0.255531457004,0.000236087891215,0.0284024286498,0.0134377614335,-0.0812390348067,-0.0216651523412,0.0336426377835,-0.69019973278,-2.32856154442,-1.15255618095,-0.53838801384,0.639086961746,0.365607559681
1450287730.35,0.934059605164,0.342270571428,0.256332213522,-0.00246775983893,-0.000606107595031,0.00537675641459,-0.00581927778559,-0.0175743851369,-0.00754723700053,-0.402604997158,-2.23217129707,-0.775081694126,-0.553508102894,0.70608317852,0.397517770529
1450287730.36,0.934343175027,0.342020319423,0.256146486206,0.0158621330938,-0.0124293488689,-0.0162549314206,0.0176758352734,0.0765751235376,-0.00058786758567,-0.197341382504,-2.58711791039,-0.494550287724,-0.575514614582,0.777933418751,0.394601076841
1450287730.37,0.934354238644,0.341899398547,0.255263130388,0.0192768158125,0.00406099331071,-0.0131715756249,0.0200071600286,0.0880627027426,0.00173689549081,-0.242401197553,-2.34047532082,-0.457902163267,-0.50811201334,0.780212938786,0.359169900417
1450287730.38,0.934578489275,0.341810445055,0.254805921284,0.0158510268292,-0.012833731413,-0.000717066733152,0.0141071781736,0.0485079615422,-0.00527168149256,-0.221339911222,-2.3797416687,-0.445607990026,-0.595261156559,0.759163737297,0.418077975512
1450287730.39,0.934702020922,0.34234909105,0.255553994955,0.0168735656315,0.000812010170733,-0.0131234729989,-0.0162046193294,0.0772640947301,-0.0224938794615,-0.241208001971,-2.08852887154,-0.424653470516,-0.542720317841,0.747227966785,0.381456464529
1450287730.4,0.934787819449,0.34217178023,0.255668047208,0.0131536537171,0.00720211426298,0.00138595248251,-0.0140313968513,0.0409722787869,0.000485991644526,-0.30552059412,-2.22463703156,-0.610352933407,-0.554935872555,0.684374690056,0.402060121298
1450287730.41,0.934628442084,0.342205217666,0.254747155243,-0.000724563702302,0.0207707766391,-0.00722110067197,-0.0327047779104,0.0142505567795,0.0214887893592,-0.448398381472,-2.10083651543,-0.777257621288,-0.504038214684,0.621067643166,0.348531097174
1450287730.42,0.935052412795,0.342152490646,0.255490776003,0.0130676536632,0.0127016171654,-0.0104570917109,0.00558498680879,0.0643819273116,0.0215067987481,-0.466088861227,-2.19051623344,-0.841310977936,-0.510607659817,0.571054518223,0.364317536354
1450287730.43,0.935314638217,0.34178147413,0.254821245985,0.0180451422039,0.00499599597867,-0.0182897979596,-0.0149378599564,0.0899613889328,0.0111741209524,-0.378315061331,-2.64971065521,-0.817800283432,-0.715013086796,0.528242170811,0.508482217789
1450287730.44,0.935357689368,0.341529038787,0.255497736674,0.0175128305107,-0.0255185469632,-0.00270728584222,0.0274092579344,0.0553337875884,-0.0287072100764,-0.374116271734,-2.33894300461,-0.714991509914,-0.551984608173,0.518723845482,0.384139955044
1450287730.45,0.935359961648,0.342238714041,0.255627213548,0.0105687208267,-0.0136342027334,0.017093901249,0.0101469526028,0.000816616777233,-0.0332835316616,-0.361463159323,-2.42835354805,-0.699313402176,-0.62575250864,0.532886266708,0.453388690948
1450287730.46,0.935540832988,0.342177328109,0.25464248001,0.0125511046248,-0.0080647283435,-0.0205112952791,0.0112981273552,0.0762162172218,-0.0273536943423,-0.44677951932,-2.13536119461,-0.732379555702,-0.500343859196,0.59439343214,0.356783509254
1450287730.47,0.935299852674,0.342304515834,0.255320320524,0.0115361940904,0.0101639944884,-0.0090427242869,0.00262062287805,0.056061288056,0.0166454034632,-0.405760377645,-2.10547995567,-0.652808070183,-0.545764088631,0.644360840321,0.386523991823
1450287730.48,0.935540832988,0.342177328109,0.25464248001,-0.00333723315059,0.00940160090648,-0.00518782165418,-0.0388474379443,-0.00154530361293,0.00909293090591,-0.279155701399,-1.85654461384,-0.512339353561,-0.512858271599,0.739695012569,0.366436004639
1450287730.49,0.935908451069,0.342357564582,0.254904570554,0.0167992255545,-0.0106461541089,-0.0302486559967,-0.0198431016274,0.10248701363,-0.0101060958701,-0.0771183222532,-2.09157133102,-0.234351485968,-0.52996045351,0.799916088581,0.377561122179
1450287730.5,0.936018770868,0.342116430079,0.255712665316,0.0232428257582,-0.00391820698965,0.00733747936506,-0.00305880537385,0.0597710917696,-0.00543475925214,-0.0627769678831,-2.23321318626,-0.197250202298,-0.53735268116,0.819971740246,0.380494534969
1450287730.51,0.936329089498,0.341239854207,0.254162747676,0.0133142448848,-0.00554050083684,-0.00802136028681,0.0130663451976,0.0559543321154,-0.00445746244339,-0.0251248124987,-2.36367630959,-0.180190488696,-0.575000762939,0.786432147026,0.400406181812
1450287730.52,0.936409650742,0.341302223634,0.254971871281,0.00209564278299,-0.00129675058031,-0.0144031716833,0.0177288257394,0.0330474662163,0.00818204606885,-0.162016823888,-2.10520648956,-0.292238920927,-0.496269017458,0.730082273483,0.355298012495
1450287730.53,0.936245060955,0.342499613639,0.254672244607,0.015384710337,0.00722706543278,0.00535344244173,-0.00607034628633,0.0411098212489,0.0100805322219,-0.400481164455,-1.95755410194,-0.613072037697,-0.471941262484,0.67613440752,0.326829403639
1450287730.54,0.936497519413,0.341822801822,0.254353519526,0.0084731215474,0.0199790718202,0.0048800102029,-0.00027985453887,0.0242893399748,0.0290170276403,-0.584557771683,-1.83782207966,-0.83959120512,-0.503428637981,0.624091207981,0.351397305727
1450287730.55,0.936405390395,0.341893480071,0.254412671512,0.00908384854696,-0.00755462684387,-0.0107974806296,0.00614262883815,0.0458676529272,0.00497484068357,-0.351561486721,-2.15908956528,-0.686302006245,-0.560772418976,0.650838017464,0.3787573874
1450287730.56,0.936464957853,0.342191239481,0.253506790617,0.00253101549277,-0.0135015150005,-0.0236392376087,-0.0287447415087,0.0440913886793,-0.0217334980317,-0.299331218004,-2.6488673687,-0.611192703247,-0.621355473995,0.644727408886,0.443279236555
