1450287838.4,-0.709466113586,0.275733046307,0.141126232324,0.511199096979,-0.121184482104,-1.260548711,0.040266995636,
1450287838.42,-0.709466113586,0.275733046307,0.140742737128,0.511199096979,-0.120417491711,-1.2609322062,0.040266995636,
1450287838.42,-0.709466113586,0.276116541504,0.141893222717,0.510815601782,-0.121184482104,-1.2609322062,0.0398835004395,
1450287838.43,-0.708699123193,0.276116541504,0.140742737128,0.510815601782,-0.121184482104,-1.26169919659,0.0398835004395,
1450287838.44,-0.708699123193,0.275733046307,0.141126232324,0.510432106586,-0.121184482104,-1.2613157014,0.0398835004395,
1450287838.46,-0.70908261839,0.275349551111,0.141509727521,0.511582592175,-0.121184482104,-1.2613157014,0.0398835004395,
1450287838.46,-0.708699123193,0.275349551111,0.140742737128,0.511199096979,-0.121184482104,-1.260548711,0.0395000052429,
1450287838.47,-0.709849608783,0.275349551111,0.141126232324,0.510432106586,-0.121184482104,-1.26016521581,0.040266995636,
1450287838.48,-0.70908261839,0.275733046307,0.140359241931,0.510815601782,-0.121184482104,-1.26016521581,0.0406504908325,
1450287838.5,-0.70908261839,0.2765000367,0.141126232324,0.511199096979,-0.121951472498,-1.2613157014,0.0398835004395,
1450287838.5,-0.708699123193,0.275349551111,0.141126232324,0.510815601782,-0.121184482104,-1.260548711,0.0391165100464,
1450287838.51,-0.708699123193,0.275349551111,0.141509727521,0.511582592175,-0.120800986908,-1.26016521581,0.040266995636,
1450287838.52,-0.709466113586,0.276116541504,0.140742737128,0.511199096979,-0.122334967694,-1.2609322062,0.040266995636,
1450287838.54,-0.710233103979,0.275349551111,0.140359241931,0.511199096979,-0.121951472498,-1.260548711,0.040266995636,
1450287838.54,-0.709849608783,0.2765000367,0.140742737128,0.511582592175,-0.121567977301,-1.260548711,0.040266995636,
1450287838.55,-0.709849608783,0.275349551111,0.141126232324,0.511199096979,-0.121951472498,-1.25978172061,0.040266995636,
1450287838.57,-0.709466113586,0.274966055914,0.140742737128,0.510815601782,-0.121184482104,-1.25978172061,0.0406504908325,
1450287838.59,-0.709466113586,0.276116541504,0.140742737128,0.511582592175,-0.122334967694,-1.260548711,0.0395000052429,
1450287838.59,-0.710233103979,0.276116541504,0.140742737128,0.511199096979,-0.121184482104,-1.25939822542,0.0395000052429,
1450287838.6,-0.709466113586,0.2765000367,0.141126232324,0.511582592175,-0.121567977301,-1.25901473022,0.0395000052429,
1450287838.61,-0.709849608783,0.275733046307,0.140742737128,0.510815601782,-0.121184482104,-1.25863123502,0.0398835004395,
1450287838.63,-0.70908261839,0.275733046307,0.140742737128,0.510815601782,-0.121567977301,-1.25824773983,0.0395000052429,
1450287838.63,-0.709849608783,0.2765000367,0.140742737128,0.511582592175,-0.121567977301,-1.25748074943,0.0398835004395,
1450287838.64,-0.709466113586,0.276116541504,0.140742737128,0.511582592175,-0.121567977301,-1.25748074943,0.0398835004395,
1450287838.65,-0.709849608783,0.276116541504,0.139975746735,0.511582592175,-0.121951472498,-1.25786424463,0.0395000052429,
1450287838.67,-0.710233103979,0.276116541504,0.140359241931,0.511582592175,-0.121567977301,-1.25709725424,0.0406504908325,
1450287838.67,-0.709849608783,0.276116541504,0.140359241931,0.512349582568,-0.121184482104,-1.25556327345,0.0410339860291,
1450287838.68,-0.709849608783,0.275733046307,0.140359241931,0.511582592175,-0.121567977301,-1.25671375904,0.040266995636,
1450287838.69,-0.710233103979,0.276116541504,0.139975746735,0.511966087372,-0.121951472498,-1.25594676865,0.0398835004395,
1450287838.71,-0.709849608783,0.276116541504,0.140742737128,0.511966087372,-0.121567977301,-1.25479628306,0.0395000052429,
1450287838.71,-0.710233103979,0.2765000367,0.139592251538,0.510815601782,-0.121951472498,-1.25441278786,0.0395000052429,
1450287838.72,-0.709466113586,0.2765000367,0.139592251538,0.512349582568,-0.121567977301,-1.25326230227,0.0395000052429,
1450287838.73,-0.710616599176,0.276116541504,0.139975746735,0.511966087372,-0.121567977301,-1.25172832148,0.040266995636,
1450287838.76,-0.710233103979,0.275733046307,0.139975746735,0.511582592175,-0.120800986908,-1.2501943407,0.040266995636,
1450287838.76,-0.710233103979,0.276116541504,0.140359241931,0.511582592175,-0.120800986908,-1.25057783589,0.0398835004395,
1450287838.77,-0.709466113586,0.276116541504,0.139975746735,0.511966087372,-0.121567977301,-1.24904385511,0.0395000052429,
1450287838.78,-0.710616599176,0.2765000367,0.139592251538,0.511199096979,-0.121184482104,-1.24789336952,0.0395000052429,
1450287838.8,-0.710233103979,0.2765000367,0.139975746735,0.511582592175,-0.121567977301,-1.24750987432,0.0395000052429,
1450287838.8,-0.710233103979,0.2765000367,0.139592251538,0.511582592175,-0.120417491711,-1.24559239834,0.0398835004395,
1450287838.81,-0.710233103979,0.275733046307,0.139975746735,0.511199096979,-0.120800986908,-1.24520890314,0.040266995636,
1450287838.82,-0.709849608783,0.275349551111,0.139975746735,0.510815601782,-0.121184482104,-1.24444191275,0.040266995636,
1450287838.84,-0.711000094373,0.276116541504,0.140359241931,0.510815601782,-0.120800986908,-1.24367492236,0.0406504908325,
1450287838.84,-0.709849608783,0.276116541504,0.140359241931,0.510815601782,-0.121567977301,-1.24329142716,0.0391165100464,
1450287838.85,-0.710233103979,0.275349551111,0.141126232324,0.511582592175,-0.120800986908,-1.24252443677,0.0395000052429,
1450287838.86,-0.710616599176,0.276116541504,0.139208756342,0.511199096979,-0.121567977301,-1.24175744637,0.0398835004395,
1450287838.88,-0.709849608783,0.275733046307,0.139592251538,0.511582592175,-0.121184482104,-1.24137395118,0.0395000052429,
1450287838.88,-0.709849608783,0.276116541504,0.139592251538,0.511199096979,-0.121184482104,-1.24175744637,0.0391165100464,
1450287838.89,-0.711000094373,0.276116541504,0.139975746735,0.511582592175,-0.121184482104,-1.24022346559,0.0398835004395,
1450287838.9,-0.710233103979,0.275733046307,0.139592251538,0.511199096979,-0.121184482104,-1.24060696078,0.040266995636,
1450287838.93,-0.709849608783,0.276116541504,0.140359241931,0.511199096979,-0.121567977301,-1.24060696078,0.040266995636,
1450287838.93,-0.710616599176,0.276116541504,0.140359241931,0.510815601782,-0.121184482104,-1.24099045598,0.040266995636,
1450287838.94,-0.710616599176,0.275733046307,0.140742737128,0.511582592175,-0.121184482104,-1.24137395118,0.0398835004395,
1450287838.95,-0.710616599176,0.275349551111,0.139975746735,0.511966087372,-0.121184482104,-1.24099045598,0.0398835004395,
1450287838.97,-0.710233103979,0.275733046307,0.139208756342,0.511582592175,-0.121184482104,-1.24175744637,0.0395000052429,
1450287838.97,-0.710616599176,0.276116541504,0.140359241931,0.511966087372,-0.121951472498,-1.24060696078,0.0395000052429,
1450287838.98,-0.710616599176,0.275733046307,0.139592251538,0.510815601782,-0.121184482104,-1.24214094157,0.0398835004395,
1450287838.99,-0.710233103979,0.276116541504,0.139592251538,0.511582592175,-0.121951472498,-1.24175744637,0.0398835004395,
1450287839.01,-0.709849608783,0.275733046307,0.139592251538,0.511966087372,-0.121184482104,-1.24099045598,0.0395000052429,
1450287839.01,-0.711000094373,0.276883531897,0.139208756342,0.511966087372,-0.121567977301,-1.24214094157,0.040266995636,
1450287839.02,-0.710233103979,0.276116541504,0.139975746735,0.511966087372,-0.122718462891,-1.24175744637,0.0398835004395,
1450287839.03,-0.709849608783,0.276116541504,0.139208756342,0.511582592175,-0.121951472498,-1.24214094157,0.0398835004395,
1450287839.05,-0.710233103979,0.276883531897,0.140359241931,0.511582592175,-0.123101958087,-1.24214094157,0.0398835004395,
1450287839.05,-0.710616599176,0.276116541504,0.139592251538,0.512349582568,-0.122718462891,-1.24137395118,0.0391165100464,
1450287839.06,-0.710233103979,0.2765000367,0.139592251538,0.511582592175,-0.12501943407,-1.24175744637,0.0391165100464,
1450287839.07,-0.709466113586,0.276883531897,0.139592251538,0.511966087372,-0.125402929266,-1.24175744637,0.0395000052429,
1450287839.09,-0.709849608783,0.2765000367,0.139975746735,0.511966087372,-0.124635938873,-1.24252443677,0.0398835004395,
1450287839.09,-0.709466113586,0.276883531897,0.139975746735,0.512349582568,-0.125402929266,-1.24290793196,0.0398835004395,
1450287839.1,-0.709466113586,0.2765000367,0.139592251538,0.512349582568,-0.125786424463,-1.24367492236,0.0391165100464,
1450287839.12,-0.710233103979,0.276883531897,0.139975746735,0.513116572961,-0.127703900446,-1.24444191275,0.040266995636,
1450287839.14,-0.709466113586,0.277267027094,0.139208756342,0.513116572961,-0.127703900446,-1.24405841755,0.0395000052429,
1450287839.14,-0.709849608783,0.276883531897,0.139208756342,0.512349582568,-0.128087395642,-1.24559239834,0.0406504908325,
1450287839.15,-0.709849608783,0.277267027094,0.139208756342,0.513500068158,-0.128854386035,-1.24635938873,0.0395000052429,
1450287839.16,-0.710616599176,0.277267027094,0.139208756342,0.514650553748,-0.129621376428,-1.24674288393,0.0391165100464,
1450287839.18,-0.710233103979,0.276883531897,0.139592251538,0.515034048944,-0.130004871625,-1.24866035991,0.0395000052429,
1450287839.18,-0.710233103979,0.276883531897,0.139592251538,0.516184534534,-0.130004871625,-1.24942735031,0.040266995636,
1450287839.19,-0.709466113586,0.27765052229,0.140359241931,0.516951524927,-0.130771862018,-1.2498108455,0.0395000052429,
1450287839.2,-0.710233103979,0.2765000367,0.139592251538,0.51771851532,-0.130771862018,-1.25134482629,0.0398835004395,
1450287839.22,-0.70908261839,0.277267027094,0.139592251538,0.518485505713,-0.130771862018,-1.25326230227,0.0395000052429,
1450287839.22,-0.710233103979,0.277267027094,0.139208756342,0.520019486499,-0.130004871625,-1.25402929266,0.0395000052429,
1450287839.23,-0.710616599176,0.276883531897,0.139208756342,0.521169972089,-0.130388366821,-1.25633026384,0.0395000052429,
1450287839.24,-0.710233103979,0.277267027094,0.138825261145,0.523087448071,-0.130388366821,-1.25709725424,0.0398835004395,
1450287839.26,-0.709849608783,0.276883531897,0.138825261145,0.524621428857,-0.130771862018,-1.25978172061,0.0395000052429,
1450287839.26,-0.709849608783,0.277267027094,0.139592251538,0.525004924054,-0.130388366821,-1.2613157014,0.0391165100464,
1450287839.27,-0.710233103979,0.2765000367,0.139208756342,0.526922400037,-0.131155357214,-1.26361667258,0.0395000052429,
1450287839.29,-0.710233103979,0.276116541504,0.139592251538,0.528456380823,-0.130388366821,-1.26591764376,0.0398835004395,
1450287839.31,-0.710616599176,0.2765000367,0.139208756342,0.530757352002,-0.129237881232,-1.26706812935,0.0391165100464,
1450287839.31,-0.710233103979,0.276883531897,0.139208756342,0.531907837592,-0.130004871625,-1.26975259572,0.0395000052429,
1450287839.32,-0.710616599176,0.276116541504,0.139592251538,0.533825313574,-0.129621376428,-1.2720535669,0.0391165100464,
1450287839.33,-0.710233103979,0.2765000367,0.139208756342,0.53535929436,-0.128470890839,-1.27473803328,0.0395000052429,
1450287839.35,-0.710233103979,0.277267027094,0.138825261145,0.536893275146,-0.127703900446,-1.27588851887,0.0391165100464,
1450287839.35,-0.710233103979,0.2765000367,0.139592251538,0.538427255933,-0.127703900446,-1.27857298524,0.0398835004395,
1450287839.36,-0.711000094373,0.276116541504,0.139975746735,0.539577741522,-0.126553414856,-1.28010696603,0.0395000052429,
1450287839.37,-0.710233103979,0.276116541504,0.138825261145,0.540344731915,-0.126169919659,-1.28240793721,0.0398835004395,
1450287839.39,-0.711000094373,0.276116541504,0.138441765948,0.541878712701,-0.12501943407,-1.28432541319,0.0391165100464,
1450287839.39,-0.710233103979,0.2765000367,0.138441765948,0.543412693488,-0.124635938873,-1.28585939398,0.040266995636,
1450287839.4,-0.710616599176,0.2765000367,0.138825261145,0.543796188684,-0.125402929266,-1.28739337476,0.0391165100464,
1450287839.41,-0.709849608783,0.276883531897,0.138825261145,0.54533016947,-0.124635938873,-1.29007784114,0.040266995636,
1450287839.43,-0.710616599176,0.276116541504,0.138441765948,0.546097159863,-0.122718462891,-1.29084483153,0.0398835004395,
1450287839.43,-0.711000094373,0.2765000367,0.138825261145,0.546864150256,-0.123101958087,-1.29122832673,0.0398835004395,
1450287839.44,-0.710616599176,0.275733046307,0.139592251538,0.548014635846,-0.122334967694,-1.29314580271,0.0395000052429,
1450287839.45,-0.710616599176,0.2765000367,0.139208756342,0.548781626239,-0.123101958087,-1.2939127931,0.0395000052429,
1450287839.48,-0.711383589569,0.275349551111,0.139208756342,0.548781626239,-0.121567977301,-1.2946797835,0.0395000052429,
1450287839.48,-0.710233103979,0.276116541504,0.139208756342,0.549548616632,-0.121951472498,-1.2939127931,0.0395000052429,
1450287839.49,-0.711000094373,0.2765000367,0.138825261145,0.549932111829,-0.122718462891,-1.2942962883,0.0383495196533,
1450287839.5,-0.710616599176,0.276116541504,0.138825261145,0.549932111829,-0.121567977301,-1.29276230751,0.0398835004395,
1450287839.52,-0.710616599176,0.275733046307,0.138825261145,0.549548616632,-0.123101958087,-1.29352929791,0.0395000052429,
1450287839.52,-0.711000094373,0.276883531897,0.138441765948,0.550315607025,-0.122334967694,-1.29276230751,0.0398835004395,
1450287839.53,-0.710616599176,0.275733046307,0.138058270752,0.550315607025,-0.122334967694,-1.29237881232,0.0398835004395,
1450287839.54,-0.710233103979,0.276116541504,0.138441765948,0.550315607025,-0.121951472498,-1.29237881232,0.0398835004395,
1450287839.56,-0.710616599176,0.276883531897,0.139208756342,0.550315607025,-0.122334967694,-1.29237881232,0.0398835004395,
1450287839.56,-0.710616599176,0.276116541504,0.138441765948,0.550315607025,-0.123485453284,-1.29122832673,0.0398835004395,
1450287839.57,-0.710616599176,0.275733046307,0.138058270752,0.550699102222,-0.121951472498,-1.29237881232,0.0395000052429,
1450287839.58,-0.709849608783,0.276116541504,0.138441765948,0.550315607025,-0.121567977301,-1.29199531712,0.0398835004395,
1450287839.6,-0.710616599176,0.275349551111,0.138441765948,0.551082597418,-0.121951472498,-1.29122832673,0.0398835004395,
1450287839.6,-0.710616599176,0.275733046307,0.138825261145,0.549548616632,-0.121951472498,-1.29199531712,0.0398835004395,
1450287839.61,-0.709849608783,0.2765000367,0.139208756342,0.550315607025,-0.122334967694,-1.29161182192,0.0398835004395,
1450287839.62,-0.710616599176,0.275349551111,0.138058270752,0.550315607025,-0.122334967694,-1.29199531712,0.0398835004395,
1450287839.64,-0.710616599176,0.276116541504,0.138825261145,0.549932111829,-0.122334967694,-1.29084483153,0.0395000052429,
1450287839.64,-0.709849608783,0.275733046307,0.138058270752,0.549932111829,-0.122334967694,-1.29199531712,0.0395000052429,
1450287839.65,-0.710233103979,0.276116541504,0.139208756342,0.550315607025,-0.123101958087,-1.29199531712,0.0395000052429,
1450287839.66,-0.710233103979,0.275733046307,0.138441765948,0.550315607025,-0.123485453284,-1.29237881232,0.040266995636,
1450287839.69,-0.709849608783,0.276116541504,0.138441765948,0.550315607025,-0.123485453284,-1.29122832673,0.040266995636,
1450287839.69,-0.709849608783,0.275733046307,0.137674775555,0.550315607025,-0.124252443677,-1.29122832673,0.0395000052429,
1450287839.7,-0.709849608783,0.276116541504,0.138441765948,0.550315607025,-0.123485453284,-1.29161182192,0.040266995636,
1450287839.71,-0.709466113586,0.2765000367,0.138441765948,0.550315607025,-0.123485453284,-1.29122832673,0.0398835004395,
1450287839.73,-0.710616599176,0.276116541504,0.138441765948,0.549932111829,-0.12386894848,-1.29007784114,0.0391165100464,
1450287839.73,-0.710616599176,0.276116541504,0.138441765948,0.550315607025,-0.123485453284,-1.29046133633,0.0395000052429,
1450287839.74,-0.710616599176,0.276116541504,0.138441765948,0.550315607025,-0.124252443677,-1.29122832673,0.0398835004395,
1450287839.75,-0.709849608783,0.276116541504,0.138825261145,0.550699102222,-0.124635938873,-1.29084483153,0.0398835004395,
1450287839.77,-0.710233103979,0.275733046307,0.139208756342,0.550315607025,-0.124635938873,-1.29046133633,0.0391165100464,
1450287839.77,-0.709849608783,0.276116541504,0.139208756342,0.549932111829,-0.124635938873,-1.29084483153,0.0391165100464,
1450287839.78,-0.710616599176,0.2765000367,0.138825261145,0.550315607025,-0.124635938873,-1.28931085074,0.0395000052429,
1450287839.79,-0.710233103979,0.2765000367,0.138058270752,0.550315607025,-0.124635938873,-1.29084483153,0.0383495196533,
1450287839.81,-0.710233103979,0.2765000367,0.138825261145,0.550315607025,-0.124635938873,-1.29007784114,0.0395000052429,
1450287839.81,-0.709849608783,0.275733046307,0.138825261145,0.549932111829,-0.125402929266,-1.29084483153,0.0398835004395,
1450287839.82,-0.709849608783,0.275733046307,0.138825261145,0.550315607025,-0.12501943407,-1.29084483153,0.0395000052429,
1450287839.83,-0.710233103979,0.275733046307,0.138825261145,0.549932111829,-0.124635938873,-1.29161182192,0.0391165100464,
1450287839.86,-0.710616599176,0.2765000367,0.138441765948,0.549548616632,-0.12386894848,-1.29007784114,0.040266995636,
1450287839.86,-0.710616599176,0.276116541504,0.138441765948,0.549932111829,-0.125402929266,-1.29084483153,0.0391165100464,
1450287839.87,-0.710616599176,0.275733046307,0.138441765948,0.550315607025,-0.124252443677,-1.29161182192,0.0398835004395,
1450287839.88,-0.709466113586,0.276116541504,0.138058270752,0.549932111829,-0.124252443677,-1.29084483153,0.0395000052429,
1450287839.9,-0.710616599176,0.275733046307,0.138058270752,0.550315607025,-0.124635938873,-1.29046133633,0.0398835004395,
1450287839.9,-0.710616599176,0.275733046307,0.138825261145,0.549548616632,-0.125402929266,-1.29046133633,0.0398835004395,
1450287839.91,-0.710233103979,0.275733046307,0.138058270752,0.550315607025,-0.124635938873,-1.29084483153,0.0398835004395,
1450287839.92,-0.710233103979,0.275733046307,0.138441765948,0.549932111829,-0.124252443677,-1.29122832673,0.0391165100464,
1450287839.94,-0.710233103979,0.275733046307,0.138441765948,0.550315607025,-0.124635938873,-1.29122832673,0.0395000052429,
1450287839.94,-0.710233103979,0.275733046307,0.138441765948,0.549932111829,-0.124252443677,-1.29122832673,0.040266995636,
1450287839.95,-0.710233103979,0.2765000367,0.139208756342,0.549548616632,-0.124252443677,-1.29161182192,0.040266995636,
1450287839.96,-0.709849608783,0.276116541504,0.138441765948,0.550315607025,-0.125402929266,-1.29122832673,0.0398835004395,
1450287839.99,-0.710233103979,0.276116541504,0.137674775555,0.550315607025,-0.124635938873,-1.29046133633,0.0395000052429,
1450287839.99,-0.710233103979,0.276116541504,0.138825261145,0.550315607025,-0.124252443677,-1.29199531712,0.0398835004395,
1450287839.99,-0.710616599176,0.275349551111,0.138441765948,0.549165121436,-0.124252443677,-1.29084483153,0.0398835004395,
1450287840.01,-0.710233103979,0.275733046307,0.138825261145,0.549548616632,-0.124635938873,-1.29084483153,0.0395000052429,
1450287840.03,-0.711000094373,0.275733046307,0.137674775555,0.550699102222,-0.124252443677,-1.29046133633,0.0391165100464,
1450287840.03,-0.710233103979,0.275349551111,0.138058270752,0.549548616632,-0.124252443677,-1.29046133633,0.0395000052429,
1450287840.04,-0.710616599176,0.276116541504,0.138058270752,0.550315607025,-0.124252443677,-1.29084483153,0.0395000052429,
1450287840.05,-0.709466113586,0.275733046307,0.137674775555,0.549932111829,-0.124635938873,-1.29007784114,0.0395000052429,
1450287840.07,-0.709849608783,0.275733046307,0.138825261145,0.549932111829,-0.125402929266,-1.29046133633,0.0395000052429,
1450287840.07,-0.709849608783,0.276116541504,0.138825261145,0.550699102222,-0.124635938873,-1.28892735555,0.0395000052429,
1450287840.08,-0.710233103979,0.276116541504,0.138058270752,0.550699102222,-0.12501943407,-1.29046133633,0.0398835004395,
1450287840.09,-0.710616599176,0.276116541504,0.137674775555,0.550315607025,-0.124252443677,-1.29046133633,0.0391165100464,
1450287840.11,-0.710233103979,0.276116541504,0.138058270752,0.549932111829,-0.124635938873,-1.29046133633,0.0395000052429,
1450287840.11,-0.710233103979,0.276883531897,0.138441765948,0.549932111829,-0.124635938873,-1.28931085074,0.0391165100464,
1450287840.12,-0.710616599176,0.276116541504,0.138058270752,0.550315607025,-0.125402929266,-1.28931085074,0.0395000052429,
1450287840.13,-0.710233103979,0.276116541504,0.137291280359,0.550315607025,-0.12501943407,-1.29046133633,0.0398835004395,
1450287840.16,-0.709849608783,0.2765000367,0.138058270752,0.549932111829,-0.124635938873,-1.28931085074,0.0398835004395,
1450287840.16,-0.709849608783,0.275733046307,0.138058270752,0.550699102222,-0.12501943407,-1.29007784114,0.0398835004395,
1450287840.17,-0.709466113586,0.276116541504,0.138441765948,0.550315607025,-0.125786424463,-1.29046133633,0.0395000052429,
1450287840.18,-0.710616599176,0.275733046307,0.137674775555,0.550315607025,-0.125402929266,-1.29007784114,0.0395000052429,
1450287840.2,-0.710616599176,0.276116541504,0.137674775555,0.551082597418,-0.125786424463,-1.28931085074,0.0398835004395,
1450287840.2,-0.710616599176,0.276116541504,0.137674775555,0.550699102222,-0.126169919659,-1.28892735555,0.0395000052429,
1450287840.21,-0.710233103979,0.276116541504,0.138058270752,0.550699102222,-0.126169919659,-1.28854386035,0.0398835004395,
1450287840.22,-0.709849608783,0.276116541504,0.138441765948,0.550315607025,-0.126553414856,-1.28931085074,0.0395000052429,
1450287840.24,-0.709466113586,0.276116541504,0.138441765948,0.550315607025,-0.126169919659,-1.28892735555,0.040266995636,
1450287840.24,-0.709466113586,0.276883531897,0.136907785162,0.550315607025,-0.126553414856,-1.28854386035,0.0398835004395,
1450287840.25,-0.709466113586,0.2765000367,0.138058270752,0.549548616632,-0.126169919659,-1.28816036516,0.040266995636,
1450287840.26,-0.710233103979,0.2765000367,0.138058270752,0.549932111829,-0.127320405249,-1.28892735555,0.0398835004395,
1450287840.28,-0.709849608783,0.276116541504,0.137674775555,0.549548616632,-0.126553414856,-1.28777686996,0.0395000052429,
1450287840.28,-0.710233103979,0.276116541504,0.137674775555,0.549932111829,-0.126553414856,-1.28816036516,0.0398835004395,
1450287840.29,-0.709849608783,0.276116541504,0.138441765948,0.549932111829,-0.127703900446,-1.28816036516,0.040266995636,
1450287840.3,-0.709849608783,0.275349551111,0.138441765948,0.550315607025,-0.126936910052,-1.28700987957,0.040266995636,
1450287840.33,-0.710233103979,0.276116541504,0.138058270752,0.550315607025,-0.126936910052,-1.28700987957,0.040266995636,
1450287840.33,-0.709466113586,0.2765000367,0.138058270752,0.549548616632,-0.127320405249,-1.28739337476,0.0398835004395,
1450287840.34,-0.709466113586,0.275733046307,0.138441765948,0.550315607025,-0.128087395642,-1.28662638437,0.0383495196533,
1450287840.35,-0.710233103979,0.276116541504,0.138441765948,0.549165121436,-0.127320405249,-1.28509240358,0.0383495196533,
1450287840.37,-0.709849608783,0.276116541504,0.137291280359,0.549548616632,-0.126936910052,-1.28585939398,0.0398835004395,
1450287840.37,-0.709849608783,0.275733046307,0.138058270752,0.550315607025,-0.127320405249,-1.28394191799,0.0395000052429,
1450287840.38,-0.709849608783,0.2765000367,0.138441765948,0.549548616632,-0.127703900446,-1.28509240358,0.0395000052429,
1450287840.39,-0.70908261839,0.275349551111,0.138441765948,0.550315607025,-0.126936910052,-1.28432541319,0.0395000052429,
1450287840.41,-0.710233103979,0.276883531897,0.138825261145,0.549165121436,-0.126936910052,-1.2831749276,0.0395000052429,
1450287840.41,-0.709466113586,0.2765000367,0.138825261145,0.549165121436,-0.126936910052,-1.2835584228,0.0395000052429,
1450287840.42,-0.709849608783,0.276116541504,0.137291280359,0.549932111829,-0.126553414856,-1.2835584228,0.0395000052429,
1450287840.43,-0.709466113586,0.276116541504,0.137674775555,0.549548616632,-0.127320405249,-1.28470890839,0.0406504908325,
1450287840.45,-0.70908261839,0.275733046307,0.138441765948,0.549548616632,-0.127320405249,-1.28394191799,0.0398835004395,
1450287840.45,-0.709849608783,0.275733046307,0.137674775555,0.550699102222,-0.126936910052,-1.28509240358,0.0391165100464,
1450287840.46,-0.709466113586,0.275349551111,0.137674775555,0.550315607025,-0.126936910052,-1.2835584228,0.0398835004395,
1450287840.47,-0.70908261839,0.276116541504,0.137674775555,0.549548616632,-0.127320405249,-1.28432541319,0.0391165100464,
1450287840.49,-0.709466113586,0.276116541504,0.137291280359,0.549932111829,-0.127320405249,-1.28470890839,0.0383495196533,
1450287840.49,-0.709466113586,0.276116541504,0.138058270752,0.549932111829,-0.126936910052,-1.28432541319,0.0398835004395,
1450287840.5,-0.70908261839,0.276116541504,0.138058270752,0.549548616632,-0.126936910052,-1.28432541319,0.040266995636,
1450287840.51,-0.709849608783,0.2765000367,0.137674775555,0.549932111829,-0.127703900446,-1.28394191799,0.040266995636,
1450287840.54,-0.709849608783,0.2765000367,0.137674775555,0.549932111829,-0.127703900446,-1.28432541319,0.0398835004395,
1450287840.54,-0.709466113586,0.275733046307,0.137291280359,0.549165121436,-0.126936910052,-1.28470890839,0.0391165100464,
1450287840.55,-0.70908261839,0.276883531897,0.137674775555,0.549932111829,-0.126936910052,-1.2835584228,0.0398835004395,
1450287840.56,-0.709849608783,0.2765000367,0.137291280359,0.549548616632,-0.126169919659,-1.28394191799,0.0395000052429,
1450287840.58,-0.709466113586,0.276116541504,0.137291280359,0.549548616632,-0.126936910052,-1.28394191799,0.0395000052429,
1450287840.58,-0.70908261839,0.276116541504,0.137674775555,0.549548616632,-0.126553414856,-1.28394191799,0.0395000052429,
1450287840.59,-0.709849608783,0.276116541504,0.138441765948,0.549932111829,-0.126553414856,-1.2835584228,0.0406504908325,
1450287840.6,-0.709466113586,0.2765000367,0.138441765948,0.550315607025,-0.126553414856,-1.2831749276,0.0398835004395,
1450287840.62,-0.709466113586,0.2765000367,0.138058270752,0.549932111829,-0.126936910052,-1.28394191799,0.0395000052429,
1450287840.62,-0.70908261839,0.276116541504,0.138058270752,0.549548616632,-0.126936910052,-1.28394191799,0.040266995636,
1450287840.63,-0.709849608783,0.276116541504,0.137674775555,0.549548616632,-0.126936910052,-1.28394191799,0.0391165100464,
1450287840.64,-0.709466113586,0.276883531897,0.138058270752,0.550315607025,-0.127320405249,-1.2831749276,0.040266995636,
1450287840.66,-0.70908261839,0.276116541504,0.137674775555,0.549932111829,-0.126936910052,-1.2835584228,0.040266995636,
1450287840.66,-0.709849608783,0.276116541504,0.137674775555,0.549932111829,-0.126936910052,-1.28394191799,0.040266995636,
1450287840.67,-0.708315627997,0.276116541504,0.137291280359,0.549548616632,-0.128087395642,-1.28394191799,0.0398835004395,
1450287840.68,-0.70908261839,0.2765000367,0.138058270752,0.549932111829,-0.126553414856,-1.28432541319,0.0398835004395,
1450287840.71,-0.710233103979,0.2765000367,0.137674775555,0.549932111829,-0.126553414856,-1.28394191799,0.040266995636,
1450287840.71,-0.709466113586,0.2765000367,0.138058270752,0.549165121436,-0.126936910052,-1.28202444201,0.0398835004395,
1450287840.72,-0.709466113586,0.2765000367,0.138441765948,0.549548616632,-0.126936910052,-1.2831749276,0.0391165100464,
1450287840.73,-0.709466113586,0.275733046307,0.138058270752,0.549548616632,-0.126936910052,-1.28470890839,0.0398835004395,
1450287840.75,-0.70908261839,0.2765000367,0.138058270752,0.549548616632,-0.126936910052,-1.28432541319,0.0391165100464,
1450287840.75,-0.709466113586,0.276116541504,0.138058270752,0.549548616632,-0.126936910052,-1.28470890839,0.0391165100464,
1450287840.76,-0.709849608783,0.2765000367,0.138058270752,0.550315607025,-0.126936910052,-1.28432541319,0.0395000052429,
1450287840.77,-0.709466113586,0.2765000367,0.138441765948,0.549548616632,-0.127320405249,-1.28394191799,0.040266995636,
1450287840.79,-0.709466113586,0.275349551111,0.138441765948,0.549548616632,-0.126936910052,-1.2835584228,0.0395000052429,
1450287840.79,-0.709849608783,0.2765000367,0.137291280359,0.549932111829,-0.126553414856,-1.2835584228,0.0391165100464,
1450287840.8,-0.709466113586,0.276883531897,0.137674775555,0.549548616632,-0.128470890839,-1.2835584228,0.040266995636,
1450287840.81,-0.709466113586,0.276116541504,0.137291280359,0.549548616632,-0.127320405249,-1.2831749276,0.0398835004395,
1450287840.84,-0.709849608783,0.2765000367,0.138058270752,0.550315607025,-0.126936910052,-1.2831749276,0.0398835004395,
1450287840.84,-0.709466113586,0.275733046307,0.137291280359,0.549548616632,-0.126553414856,-1.28240793721,0.0395000052429,
1450287840.85,-0.709466113586,0.275733046307,0.137674775555,0.549548616632,-0.128854386035,-1.2835584228,0.0383495196533,
1450287840.86,-0.709466113586,0.2765000367,0.137674775555,0.549165121436,-0.128087395642,-1.28432541319,0.0395000052429,
1450287840.88,-0.709466113586,0.275733046307,0.138441765948,0.549932111829,-0.126553414856,-1.28394191799,0.040266995636,
1450287840.88,-0.709849608783,0.276116541504,0.138441765948,0.549165121436,-0.126936910052,-1.2827914324,0.0398835004395,
1450287840.89,-0.70908261839,0.2765000367,0.137291280359,0.549932111829,-0.127320405249,-1.2835584228,0.040266995636,
1450287840.9,-0.709466113586,0.2765000367,0.137674775555,0.549932111829,-0.126936910052,-1.28394191799,0.0398835004395,
1450287840.92,-0.710233103979,0.276116541504,0.137291280359,0.550315607025,-0.126936910052,-1.28394191799,0.0398835004395,
1450287840.92,-0.709849608783,0.2765000367,0.138058270752,0.550315607025,-0.127320405249,-1.28394191799,0.040266995636,
1450287840.93,-0.709466113586,0.2765000367,0.138058270752,0.549548616632,-0.127320405249,-1.2831749276,0.040266995636,
1450287840.94,-0.709466113586,0.275733046307,0.138058270752,0.549932111829,-0.127320405249,-1.2835584228,0.0391165100464,
1450287840.96,-0.709849608783,0.275733046307,0.138058270752,0.549932111829,-0.128087395642,-1.2827914324,0.040266995636,
1450287840.96,-0.70908261839,0.2765000367,0.137674775555,0.549165121436,-0.128470890839,-1.2835584228,0.0398835004395,
1450287840.97,-0.709466113586,0.276116541504,0.137674775555,0.549932111829,-0.126553414856,-1.2831749276,0.040266995636,
1450287840.98,-0.70908261839,0.276116541504,0.138058270752,0.549548616632,-0.127320405249,-1.28240793721,0.0395000052429,
1450287841.0,-0.710233103979,0.275733046307,0.138058270752,0.549932111829,-0.126936910052,-1.2827914324,0.0398835004395,
1450287841.0,-0.709849608783,0.2765000367,0.137674775555,0.549932111829,-0.127320405249,-1.2835584228,0.0391165100464,
1450287841.01,-0.709849608783,0.275733046307,0.136524289966,0.550315607025,-0.126936910052,-1.2831749276,0.0391165100464,
1450287841.02,-0.709849608783,0.275733046307,0.138058270752,0.549548616632,-0.127320405249,-1.2827914324,0.0395000052429,
1450287841.04,-0.708699123193,0.276116541504,0.137674775555,0.549548616632,-0.127320405249,-1.2827914324,0.0398835004395,
1450287841.04,-0.709466113586,0.275733046307,0.137291280359,0.549932111829,-0.126553414856,-1.2831749276,0.0391165100464,
1450287841.05,-0.709466113586,0.276116541504,0.137674775555,0.549548616632,-0.127320405249,-1.2827914324,0.040266995636,
1450287841.07,-0.70908261839,0.2765000367,0.137291280359,0.549548616632,-0.128087395642,-1.2827914324,0.040266995636,
1450287841.09,-0.710233103979,0.2765000367,0.137291280359,0.549548616632,-0.127320405249,-1.28202444201,0.0395000052429,
1450287841.09,-0.709849608783,0.276116541504,0.137674775555,0.549548616632,-0.127320405249,-1.28202444201,0.0395000052429,
1450287841.1,-0.710233103979,0.2765000367,0.137674775555,0.549548616632,-0.127703900446,-1.28202444201,0.0398835004395,
1450287841.11,-0.709849608783,0.276116541504,0.137674775555,0.550315607025,-0.127320405249,-1.28125745162,0.040266995636,
1450287841.13,-0.709466113586,0.276116541504,0.137291280359,0.549165121436,-0.126936910052,-1.27972347083,0.0395000052429,
1450287841.13,-0.709849608783,0.2765000367,0.137674775555,0.549548616632,-0.127320405249,-1.28010696603,0.0391165100464,
1450287841.14,-0.710233103979,0.276116541504,0.136907785162,0.549932111829,-0.126936910052,-1.28010696603,0.0395000052429,
1450287841.15,-0.709849608783,0.276116541504,0.136907785162,0.550315607025,-0.127320405249,-1.27933997563,0.0398835004395,
1450287841.17,-0.709466113586,0.276116541504,0.137291280359,0.549548616632,-0.126936910052,-1.27857298524,0.0398835004395,
1450287841.17,-0.709849608783,0.276116541504,0.137674775555,0.550315607025,-0.128087395642,-1.27895648044,0.0398835004395,
1450287841.18,-0.709849608783,0.275349551111,0.137674775555,0.549548616632,-0.127320405249,-1.27857298524,0.0395000052429,
1450287841.2,-0.710233103979,0.275349551111,0.137674775555,0.549548616632,-0.127320405249,-1.27818949005,0.0395000052429,
1450287841.22,-0.709466113586,0.276116541504,0.137291280359,0.549165121436,-0.126936910052,-1.27818949005,0.0398835004395,
1450287841.22,-0.709849608783,0.2765000367,0.137291280359,0.549165121436,-0.126936910052,-1.27703900446,0.0395000052429,
1450287841.23,-0.709849608783,0.276116541504,0.138058270752,0.549165121436,-0.127703900446,-1.27742249965,0.0395000052429,
1450287841.24,-0.709466113586,0.275733046307,0.137674775555,0.549165121436,-0.126936910052,-1.27703900446,0.0395000052429,
1450287841.26,-0.709466113586,0.275349551111,0.137674775555,0.550315607025,-0.126936910052,-1.27742249965,0.0391165100464,
1450287841.26,-0.709466113586,0.275733046307,0.136907785162,0.549932111829,-0.126553414856,-1.27703900446,0.0398835004395,
1450287841.27,-0.70908261839,0.275733046307,0.137674775555,0.549165121436,-0.126553414856,-1.27742249965,0.0398835004395,
1450287841.28,-0.70908261839,0.275733046307,0.137674775555,0.549548616632,-0.126936910052,-1.27742249965,0.0398835004395,
1450287841.3,-0.710233103979,0.276116541504,0.137291280359,0.548398131042,-0.126553414856,-1.27780599485,0.0395000052429,
1450287841.3,-0.710233103979,0.275349551111,0.137674775555,0.549165121436,-0.127320405249,-1.27742249965,0.0395000052429,
1450287841.31,-0.710233103979,0.274966055914,0.137674775555,0.549548616632,-0.127703900446,-1.27818949005,0.0395000052429,
1450287841.32,-0.710233103979,0.274966055914,0.137674775555,0.549548616632,-0.126936910052,-1.27780599485,0.0395000052429,
1450287841.35,-0.710233103979,0.276116541504,0.137674775555,0.549165121436,-0.127703900446,-1.27818949005,0.0398835004395,
1450287841.35,-0.709849608783,0.275733046307,0.137291280359,0.549165121436,-0.127703900446,-1.27780599485,0.0391165100464,
1450287841.36,-0.710616599176,0.275349551111,0.136524289966,0.548781626239,-0.127703900446,-1.27780599485,0.0391165100464,
1450287841.37,-0.709466113586,0.276116541504,0.137674775555,0.549548616632,-0.126553414856,-1.27818949005,0.0398835004395,
1450287841.39,-0.709466113586,0.275733046307,0.137674775555,0.549165121436,-0.127320405249,-1.27780599485,0.0395000052429,
1450287841.39,-0.709466113586,0.276116541504,0.137674775555,0.549165121436,-0.127703900446,-1.27742249965,0.0398835004395,
1450287841.4,-0.709466113586,0.275349551111,0.136524289966,0.548781626239,-0.126553414856,-1.27780599485,0.0395000052429,
1450287841.41,-0.710616599176,0.275733046307,0.137291280359,0.548781626239,-0.127320405249,-1.27818949005,0.0395000052429,
1450287841.43,-0.709849608783,0.276116541504,0.137674775555,0.548781626239,-0.127703900446,-1.27818949005,0.0398835004395,
1450287841.43,-0.709466113586,0.2765000367,0.137291280359,0.549548616632,-0.126936910052,-1.27818949005,0.0395000052429,
1450287841.44,-0.709849608783,0.276116541504,0.136524289966,0.549165121436,-0.126936910052,-1.27857298524,0.0395000052429,
1450287841.45,-0.709466113586,0.2765000367,0.137291280359,0.549548616632,-0.127703900446,-1.27780599485,0.0391165100464,
1450287841.47,-0.70908261839,0.276116541504,0.137674775555,0.549165121436,-0.126936910052,-1.27780599485,0.0398835004395,
1450287841.47,-0.709849608783,0.2765000367,0.137291280359,0.549165121436,-0.127320405249,-1.27818949005,0.040266995636,
1450287841.48,-0.709849608783,0.275733046307,0.136524289966,0.549548616632,-0.127320405249,-1.27857298524,0.0391165100464,
1450287841.49,-0.709849608783,0.276116541504,0.136907785162,0.549548616632,-0.126936910052,-1.27818949005,0.0398835004395,
1450287841.52,-0.710233103979,0.275733046307,0.137291280359,0.549165121436,-0.127320405249,-1.27742249965,0.0391165100464,
1450287841.52,-0.70908261839,0.276116541504,0.136907785162,0.549165121436,-0.127703900446,-1.27818949005,0.0395000052429,
1450287841.53,-0.709466113586,0.275733046307,0.137291280359,0.549165121436,-0.127320405249,-1.27818949005,0.0406504908325,
1450287841.54,-0.709849608783,0.276116541504,0.136907785162,0.549548616632,-0.127320405249,-1.27780599485,0.0395000052429,
1450287841.56,-0.709849608783,0.275349551111,0.137674775555,0.549548616632,-0.127320405249,-1.27818949005,0.0398835004395,
1450287841.56,-0.709466113586,0.275733046307,0.138058270752,0.549548616632,-0.127320405249,-1.27818949005,0.040266995636,
1450287841.57,-0.709849608783,0.2765000367,0.136907785162,0.550315607025,-0.128087395642,-1.27857298524,0.0383495196533,
1450287841.58,-0.708699123193,0.276116541504,0.137291280359,0.549548616632,-0.127320405249,-1.27818949005,0.0398835004395,
1450287841.6,-0.709466113586,0.275349551111,0.136907785162,0.549165121436,-0.127703900446,-1.27857298524,0.0395000052429,
1450287841.6,-0.70908261839,0.2765000367,0.136907785162,0.549548616632,-0.128087395642,-1.27895648044,0.0395000052429,
1450287841.61,-0.708699123193,0.275733046307,0.137291280359,0.549165121436,-0.127703900446,-1.27780599485,0.0391165100464,
1450287841.62,-0.70908261839,0.276883531897,0.137291280359,0.549932111829,-0.128470890839,-1.27780599485,0.0395000052429,
1450287841.64,-0.70908261839,0.276116541504,0.136907785162,0.550315607025,-0.128470890839,-1.27857298524,0.0398835004395,
1450287841.64,-0.709849608783,0.276116541504,0.136907785162,0.550315607025,-0.128854386035,-1.27895648044,0.0395000052429,
1450287841.65,-0.709466113586,0.276116541504,0.137291280359,0.549548616632,-0.129621376428,-1.27818949005,0.0406504908325,
1450287841.66,-0.709849608783,0.2765000367,0.136524289966,0.550315607025,-0.130771862018,-1.27933997563,0.040266995636,
1450287841.68,-0.70908261839,0.276883531897,0.136907785162,0.550315607025,-0.131922347607,-1.28010696603,0.0395000052429,
1450287841.68,-0.709466113586,0.2765000367,0.137291280359,0.550315607025,-0.131922347607,-1.28049046122,0.0391165100464,
1450287841.69,-0.708699123193,0.276116541504,0.137674775555,0.550699102222,-0.132689338,-1.28087395642,0.0395000052429,
1450287841.7,-0.709466113586,0.275733046307,0.137674775555,0.550315607025,-0.132689338,-1.28125745162,0.0395000052429,
1450287841.73,-0.709466113586,0.276883531897,0.136907785162,0.549932111829,-0.133072833197,-1.28164094681,0.0398835004395,
1450287841.73,-0.708699123193,0.27765052229,0.136907785162,0.550315607025,-0.133456328394,-1.28202444201,0.0395000052429,
1450287841.74,-0.709466113586,0.276883531897,0.137674775555,0.550699102222,-0.13383982359,-1.28240793721,0.0398835004395,
1450287841.75,-0.708315627997,0.277267027094,0.136907785162,0.549932111829,-0.132689338,-1.2827914324,0.0395000052429,
1450287841.77,-0.708699123193,0.276883531897,0.136524289966,0.550315607025,-0.13383982359,-1.2827914324,0.0398835004395,
1450287841.77,-0.70908261839,0.276116541504,0.136524289966,0.549932111829,-0.133072833197,-1.28240793721,0.0395000052429,
1450287841.78,-0.708315627997,0.275733046307,0.136524289966,0.549548616632,-0.132689338,-1.28202444201,0.0398835004395,
1450287841.79,-0.70908261839,0.275733046307,0.136524289966,0.549548616632,-0.133072833197,-1.28202444201,0.0395000052429,
1450287841.81,-0.708315627997,0.276116541504,0.137674775555,0.549548616632,-0.132689338,-1.28125745162,0.0398835004395,
1450287841.81,-0.70908261839,0.276116541504,0.136524289966,0.548781626239,-0.132689338,-1.28087395642,0.0398835004395,
1450287841.82,-0.70908261839,0.275733046307,0.136524289966,0.549165121436,-0.132689338,-1.28087395642,0.0398835004395,
1450287841.83,-0.709466113586,0.275733046307,0.136140794769,0.547631140649,-0.133072833197,-1.28010696603,0.0391165100464,
1450287841.85,-0.70908261839,0.2765000367,0.136907785162,0.547631140649,-0.132689338,-1.27972347083,0.0395000052429,
1450287841.85,-0.709466113586,0.277267027094,0.136907785162,0.547631140649,-0.13383982359,-1.27972347083,0.040266995636,
1450287841.86,-0.709466113586,0.275733046307,0.136524289966,0.546097159863,-0.132305842804,-1.27972347083,0.0398835004395,
1450287841.87,-0.70908261839,0.2765000367,0.136907785162,0.545713664667,-0.133072833197,-1.27972347083,0.0398835004395,
1450287841.89,-0.709849608783,0.2765000367,0.136140794769,0.544946674274,-0.132689338,-1.27972347083,0.0395000052429,
1450287841.89,-0.70908261839,0.276116541504,0.137291280359,0.546097159863,-0.133456328394,-1.28010696603,0.0398835004395,
1450287841.9,-0.709466113586,0.2765000367,0.136907785162,0.544563179077,-0.133072833197,-1.28049046122,0.0395000052429,
1450287841.91,-0.708699123193,0.276116541504,0.136907785162,0.54533016947,-0.133456328394,-1.27972347083,0.0391165100464,
1450287841.94,-0.708699123193,0.275733046307,0.136524289966,0.544179683881,-0.13383982359,-1.28049046122,0.0398835004395,
1450287841.94,-0.70908261839,0.2765000367,0.136907785162,0.544946674274,-0.133072833197,-1.28010696603,0.0391165100464,
1450287841.95,-0.70908261839,0.275349551111,0.136140794769,0.544946674274,-0.134223318787,-1.28010696603,0.040266995636,
1450287841.96,-0.70908261839,0.276116541504,0.136524289966,0.544946674274,-0.132689338,-1.28125745162,0.040266995636,
1450287841.98,-0.70908261839,0.276116541504,0.136140794769,0.54533016947,-0.134606813983,-1.28240793721,0.0391165100464,
1450287841.98,-0.70908261839,0.276116541504,0.135757299573,0.544563179077,-0.133456328394,-1.28394191799,0.0398835004395,
1450287841.99,-0.708699123193,0.2765000367,0.136524289966,0.544563179077,-0.133072833197,-1.28547589878,0.0395000052429,
1450287842.0,-0.708315627997,0.275733046307,0.136524289966,0.544563179077,-0.133456328394,-1.28585939398,0.0398835004395,
1450287842.02,-0.708315627997,0.2765000367,0.136907785162,0.544563179077,-0.13383982359,-1.28892735555,0.0395000052429,
1450287842.02,-0.708699123193,0.275349551111,0.136907785162,0.544946674274,-0.133072833197,-1.29199531712,0.0398835004395,
1450287842.03,-0.708699123193,0.2765000367,0.136907785162,0.544563179077,-0.133072833197,-1.29314580271,0.0395000052429,
1450287842.04,-0.708699123193,0.275733046307,0.136140794769,0.544946674274,-0.13383982359,-1.29506327869,0.040266995636,
1450287842.06,-0.708315627997,0.276116541504,0.137291280359,0.544179683881,-0.133456328394,-1.29698075468,0.0395000052429,
1450287842.06,-0.7079321328,0.2765000367,0.135757299573,0.544179683881,-0.133072833197,-1.29928172585,0.0398835004395,
1450287842.08,-0.708315627997,0.277267027094,0.136524289966,0.544946674274,-0.133456328394,-1.30004871625,0.0395000052429,
1450287842.09,-0.708699123193,0.2765000367,0.136524289966,0.544179683881,-0.133456328394,-1.30196619223,0.0395000052429,
1450287842.11,-0.708699123193,0.2765000367,0.136524289966,0.54533016947,-0.13383982359,-1.30273318262,0.0395000052429,
1450287842.11,-0.70908261839,0.276883531897,0.135757299573,0.544563179077,-0.134223318787,-1.30311667782,0.0406504908325,
1450287842.12,-0.708699123193,0.276116541504,0.136140794769,0.544946674274,-0.13383982359,-1.30388366821,0.0391165100464,
1450287842.13,-0.708315627997,0.277267027094,0.136524289966,0.54533016947,-0.133456328394,-1.30350017302,0.0398835004395,
1450287842.15,-0.708315627997,0.27765052229,0.136907785162,0.544946674274,-0.133456328394,-1.30273318262,0.040266995636,
1450287842.15,-0.708699123193,0.278034017487,0.136907785162,0.544563179077,-0.133456328394,-1.30234968743,0.0391165100464,
1450287842.16,-0.708315627997,0.276116541504,0.136140794769,0.54533016947,-0.133072833197,-1.30196619223,0.0398835004395,
1450287842.17,-0.709466113586,0.276883531897,0.136907785162,0.544563179077,-0.134606813983,-1.30081570664,0.0398835004395,
1450287842.19,-0.708699123193,0.27765052229,0.136907785162,0.544946674274,-0.133456328394,-1.30043221144,0.0398835004395,
1450287842.19,-0.708315627997,0.276883531897,0.136524289966,0.544946674274,-0.132689338,-1.29813124026,0.0398835004395,
1450287842.2,-0.7079321328,0.2765000367,0.136524289966,0.544946674274,-0.133072833197,-1.29774774507,0.0398835004395,
1450287842.21,-0.7079321328,0.276883531897,0.136140794769,0.544563179077,-0.133072833197,-1.29583026909,0.0398835004395,
1450287842.24,-0.708315627997,0.2765000367,0.136524289966,0.544563179077,-0.130771862018,-1.2939127931,0.0398835004395,
1450287842.24,-0.708699123193,0.277267027094,0.136524289966,0.544946674274,-0.131155357214,-1.29237881232,0.040266995636,
1450287842.25,-0.708699123193,0.276883531897,0.136524289966,0.544563179077,-0.130388366821,-1.29046133633,0.0398835004395,
1450287842.26,-0.708315627997,0.276883531897,0.136524289966,0.544563179077,-0.129621376428,-1.28892735555,0.0395000052429,
1450287842.28,-0.708315627997,0.2765000367,0.136907785162,0.544179683881,-0.129621376428,-1.28700987957,0.0406504908325,
1450287842.28,-0.709466113586,0.2765000367,0.136140794769,0.544179683881,-0.128087395642,-1.28432541319,0.0395000052429,
1450287842.29,-0.70908261839,0.2765000367,0.136524289966,0.54533016947,-0.128087395642,-1.2831749276,0.0398835004395,
1450287842.3,-0.70908261839,0.2765000367,0.136524289966,0.544563179077,-0.128087395642,-1.28164094681,0.0395000052429,
1450287842.32,-0.70908261839,0.2765000367,0.136524289966,0.544179683881,-0.127703900446,-1.27972347083,0.0395000052429,
1450287842.32,-0.708699123193,0.276883531897,0.136524289966,0.544946674274,-0.128470890839,-1.27857298524,0.0398835004395,
1450287842.33,-0.70908261839,0.2765000367,0.136524289966,0.54533016947,-0.126936910052,-1.27627201406,0.0395000052429,
1450287842.34,-0.70908261839,0.276116541504,0.136140794769,0.544946674274,-0.126936910052,-1.27588851887,0.0395000052429,
1450287842.36,-0.70908261839,0.2765000367,0.136140794769,0.544179683881,-0.128087395642,-1.27358754769,0.0391165100464,
1450287842.36,-0.70908261839,0.277267027094,0.135757299573,0.544946674274,-0.127320405249,-1.27320405249,0.0410339860291,
1450287842.37,-0.709466113586,0.276883531897,0.135757299573,0.54533016947,-0.127320405249,-1.27358754769,0.0398835004395,
1450287842.38,-0.709466113586,0.2765000367,0.135757299573,0.544946674274,-0.127703900446,-1.27435453808,0.0391165100464,
1450287842.4,-0.709466113586,0.277267027094,0.136524289966,0.544946674274,-0.126936910052,-1.27550502367,0.0395000052429,
1450287842.4,-0.70908261839,0.277267027094,0.13499030918,0.54533016947,-0.127320405249,-1.27703900446,0.0395000052429,
1450287842.41,-0.708699123193,0.277267027094,0.135373804376,0.545713664667,-0.127703900446,-1.27703900446,0.0391165100464,
1450287842.42,-0.70908261839,0.277267027094,0.136140794769,0.54533016947,-0.127703900446,-1.27857298524,0.0391165100464,
1450287842.45,-0.70908261839,0.277267027094,0.135757299573,0.545713664667,-0.128470890839,-1.27972347083,0.0398835004395,
1450287842.45,-0.708699123193,0.278034017487,0.135757299573,0.54533016947,-0.128087395642,-1.28087395642,0.0395000052429,
1450287842.46,-0.70908261839,0.27765052229,0.136140794769,0.54533016947,-0.128470890839,-1.28240793721,0.0391165100464,
1450287842.47,-0.708699123193,0.27765052229,0.135757299573,0.546097159863,-0.127320405249,-1.28432541319,0.0391165100464,
1450287842.49,-0.70908261839,0.278034017487,0.135373804376,0.545713664667,-0.128470890839,-1.28547589878,0.0391165100464,
1450287842.49,-0.709466113586,0.278034017487,0.135757299573,0.54648065506,-0.127320405249,-1.28777686996,0.0391165100464,
1450287842.5,-0.70908261839,0.27765052229,0.135373804376,0.546097159863,-0.127703900446,-1.29046133633,0.0395000052429,
1450287842.51,-0.708699123193,0.278417512683,0.135373804376,0.547247645453,-0.128087395642,-1.29199531712,0.0395000052429,
1450287842.53,-0.70908261839,0.278034017487,0.135373804376,0.546864150256,-0.127320405249,-1.2946797835,0.0398835004395,
1450287842.53,-0.709466113586,0.278417512683,0.13499030918,0.547247645453,-0.127320405249,-1.29621376428,0.0395000052429,
1450287842.54,-0.70908261839,0.27880100788,0.135373804376,0.547247645453,-0.128087395642,-1.29813124026,0.0395000052429,
1450287842.55,-0.708699123193,0.278417512683,0.135373804376,0.547631140649,-0.128087395642,-1.29928172585,0.0395000052429,
1450287842.57,-0.708699123193,0.278034017487,0.135757299573,0.548398131042,-0.128854386035,-1.30043221144,0.0398835004395,
1450287842.57,-0.708699123193,0.27880100788,0.13499030918,0.548781626239,-0.127320405249,-1.30119920184,0.0395000052429,
1450287842.58,-0.710233103979,0.27880100788,0.134606813983,0.549165121436,-0.127703900446,-1.30273318262,0.0391165100464,
1450287842.59,-0.709849608783,0.279184503076,0.13499030918,0.550699102222,-0.128087395642,-1.30426716341,0.0398835004395,
1450287842.61,-0.709849608783,0.279184503076,0.13499030918,0.550315607025,-0.128087395642,-1.305417649,0.0398835004395,
1450287842.61,-0.709849608783,0.27880100788,0.135373804376,0.551466092615,-0.128470890839,-1.30656813459,0.0391165100464,
1450287842.62,-0.70908261839,0.279567998273,0.134223318787,0.552233083008,-0.128854386035,-1.30771862018,0.0395000052429,
1450287842.63,-0.709466113586,0.279951493469,0.134606813983,0.553383568597,-0.129237881232,-1.30886910577,0.0398835004395,
1450287842.66,-0.70908261839,0.279567998273,0.13499030918,0.554534054187,-0.129621376428,-1.31040308655,0.0395000052429,
1450287842.66,-0.70908261839,0.279951493469,0.134223318787,0.554917549384,-0.128854386035,-1.31117007695,0.0395000052429,
1450287842.67,-0.708315627997,0.279951493469,0.134606813983,0.556835025366,-0.130004871625,-1.31385454332,0.0395000052429,
1450287842.68,-0.70908261839,0.279567998273,0.13499030918,0.558369006152,-0.128087395642,-1.31462153372,0.040266995636,
1450287842.7,-0.708699123193,0.280718483862,0.134606813983,0.560286482135,-0.128470890839,-1.31768949529,0.0398835004395,
1450287842.7,-0.70908261839,0.280334988666,0.134606813983,0.561436967725,-0.129237881232,-1.31883998088,0.0391165100464,
1450287842.71,-0.709849608783,0.281101979059,0.134606813983,0.562970948511,-0.128470890839,-1.32152444725,0.0391165100464,
1450287842.72,-0.708699123193,0.280334988666,0.13499030918,0.564504929297,-0.128470890839,-1.32344192324,0.0391165100464,
1450287842.74,-0.709466113586,0.281101979059,0.134223318787,0.56642240528,-0.129237881232,-1.32497590402,0.0395000052429,
1450287842.74,-0.709466113586,0.280334988666,0.134606813983,0.568339881262,-0.127703900446,-1.3276603704,0.0395000052429,
1450287842.75,-0.70908261839,0.281101979059,0.134606813983,0.569873862048,-0.128470890839,-1.32919435118,0.0391165100464,
1450287842.76,-0.709849608783,0.280718483862,0.134223318787,0.571407842834,-0.128087395642,-1.33034483677,0.0398835004395,
1450287842.78,-0.709466113586,0.281101979059,0.134223318787,0.574859299603,-0.127703900446,-1.33264580795,0.0398835004395,
1450287842.79,-0.709466113586,0.280718483862,0.13499030918,0.5752427948,-0.127703900446,-1.33456328394,0.0398835004395,
1450287842.8,-0.709466113586,0.280334988666,0.13499030918,0.576776775586,-0.126936910052,-1.33609726472,0.0395000052429,
1450287842.81,-0.709849608783,0.280718483862,0.13499030918,0.579077746765,-0.126936910052,-1.33686425511,0.0395000052429,
1450287842.83,-0.710233103979,0.281101979059,0.13499030918,0.579844737158,-0.126553414856,-1.33763124551,0.040266995636,
1450287842.83,-0.710233103979,0.279951493469,0.134606813983,0.581762213141,-0.125402929266,-1.3383982359,0.0398835004395,
1450287842.84,-0.709466113586,0.280334988666,0.134606813983,0.582529203534,-0.124635938873,-1.3383982359,0.040266995636,
1450287842.85,-0.709849608783,0.279951493469,0.135373804376,0.58291269873,-0.123485453284,-1.3383982359,0.0398835004395,
1450287842.87,-0.710233103979,0.280334988666,0.13499030918,0.58291269873,-0.123101958087,-1.33763124551,0.0398835004395,
1450287842.87,-0.709466113586,0.279184503076,0.13383982359,0.582529203534,-0.121567977301,-1.33763124551,0.0395000052429,
1450287842.88,-0.709849608783,0.280718483862,0.134606813983,0.581762213141,-0.121951472498,-1.33609726472,0.0395000052429,
1450287842.89,-0.709466113586,0.279567998273,0.134223318787,0.580611727551,-0.121567977301,-1.33417978874,0.0391165100464,
1450287842.91,-0.709849608783,0.279184503076,0.135373804376,0.580611727551,-0.120800986908,-1.33341279835,0.0398835004395,
1450287842.91,-0.709849608783,0.279567998273,0.13499030918,0.579461241962,-0.121184482104,-1.33149532236,0.0406504908325,
1450287842.92,-0.709466113586,0.27880100788,0.135373804376,0.577543765979,-0.121567977301,-1.32996134158,0.0395000052429,
1450287842.93,-0.709466113586,0.278417512683,0.13499030918,0.576776775586,-0.121951472498,-1.3272768752,0.0395000052429,
1450287842.95,-0.709466113586,0.278417512683,0.134606813983,0.57409230921,-0.122334967694,-1.32420891363,0.0391165100464,
1450287842.95,-0.70908261839,0.278417512683,0.13499030918,0.572558328424,-0.124635938873,-1.32152444725,0.0398835004395,
1450287842.96,-0.709466113586,0.278417512683,0.13499030918,0.570640852441,-0.124635938873,-1.31845648568,0.0395000052429,
1450287842.97,-0.70908261839,0.278034017487,0.134223318787,0.567956386066,-0.12501943407,-1.31423803852,0.0398835004395,
1450287843.0,-0.70908261839,0.278034017487,0.13499030918,0.56642240528,-0.126553414856,-1.31001959136,0.0398835004395,
1450287843.0,-0.70908261839,0.278034017487,0.13499030918,0.562587453314,-0.128087395642,-1.30695162979,0.0395000052429,
1450287843.01,-0.708699123193,0.278034017487,0.134223318787,0.560286482135,-0.130771862018,-1.30158269703,0.0395000052429,
1450287843.02,-0.709849608783,0.27880100788,0.13499030918,0.557218520563,-0.131538852411,-1.29659725948,0.0395000052429,
1450287843.04,-0.708699123193,0.278417512683,0.13499030918,0.55415055899,-0.134223318787,-1.29122832673,0.0391165100464,
1450287843.04,-0.708699123193,0.27880100788,0.134606813983,0.550699102222,-0.135757299573,-1.28662638437,0.0398835004395,
1450287843.05,-0.708315627997,0.278034017487,0.134223318787,0.546864150256,-0.136140794769,-1.28202444201,0.040266995636,
1450287843.06,-0.708699123193,0.27765052229,0.135373804376,0.544179683881,-0.136907785162,-1.27703900446,0.0391165100464,
1450287843.08,-0.7079321328,0.278417512683,0.134606813983,0.540344731915,-0.138058270752,-1.27051958611,0.0395000052429,
1450287843.08,-0.707548637604,0.278417512683,0.13499030918,0.538427255933,-0.137291280359,-1.26630113895,0.0395000052429,
1450287843.09,-0.707548637604,0.27880100788,0.134606813983,0.535742789557,-0.138825261145,-1.2613157014,0.0395000052429,
1450287843.1,-0.7079321328,0.279184503076,0.13499030918,0.533441818378,-0.137674775555,-1.25748074943,0.0395000052429,
1450287843.12,-0.707548637604,0.27880100788,0.134223318787,0.531524342395,-0.137291280359,-1.25287880707,0.0398835004395,
1450287843.12,-0.706781647211,0.278417512683,0.134606813983,0.528839876019,-0.137674775555,-1.24904385511,0.0398835004395,
1450287843.13,-0.706014656818,0.279184503076,0.135373804376,0.526922400037,-0.138058270752,-1.24597589354,0.0395000052429,
1450287843.14,-0.706014656818,0.27880100788,0.134606813983,0.525771914447,-0.138058270752,-1.24329142716,0.0398835004395,
1450287843.17,-0.705631161621,0.27880100788,0.134606813983,0.524621428857,-0.138441765948,-1.24099045598,0.0395000052429,
1450287843.17,-0.705631161621,0.279184503076,0.134223318787,0.523087448071,-0.138825261145,-1.23983997039,0.0395000052429,
1450287843.18,-0.705247666425,0.27880100788,0.134223318787,0.523087448071,-0.138825261145,-1.23830598961,0.0395000052429,
1450287843.19,-0.704864171228,0.279567998273,0.134223318787,0.523087448071,-0.138825261145,-1.2386894848,0.0395000052429,
1450287843.21,-0.705631161621,0.27880100788,0.134606813983,0.524237933661,-0.138058270752,-1.23983997039,0.0395000052429,
1450287843.21,-0.704480676031,0.279567998273,0.13499030918,0.524621428857,-0.138441765948,-1.24022346559,0.0398835004395,
1450287843.22,-0.704480676031,0.280334988666,0.134223318787,0.52538841925,-0.138441765948,-1.24175744637,0.0398835004395,
1450287843.23,-0.704864171228,0.280334988666,0.13383982359,0.524621428857,-0.138441765948,-1.24367492236,0.0398835004395,
1450287843.25,-0.704480676031,0.280334988666,0.13383982359,0.525771914447,-0.138825261145,-1.24520890314,0.0398835004395,
1450287843.25,-0.704097180835,0.281101979059,0.13383982359,0.526922400037,-0.138441765948,-1.24904385511,0.0398835004395,
1450287843.26,-0.704480676031,0.280334988666,0.134606813983,0.528456380823,-0.137674775555,-1.25172832148,0.040266995636,
1450287843.27,-0.703713685638,0.281868969452,0.134606813983,0.529990361609,-0.137674775555,-1.25556327345,0.0398835004395,
1450287843.29,-0.704480676031,0.281868969452,0.134223318787,0.531140847198,-0.137674775555,-1.25863123502,0.0406504908325,
1450287843.29,-0.704480676031,0.283402950238,0.13383982359,0.533058323181,-0.136524289966,-1.26208269179,0.0398835004395,
1450287843.3,-0.704480676031,0.282635959845,0.133456328394,0.53535929436,-0.136524289966,-1.26553414856,0.0395000052429,
1450287843.32,-0.704097180835,0.283019455042,0.134223318787,0.537276770343,-0.136140794769,-1.27013609092,0.0395000052429,
1450287843.34,-0.704864171228,0.284169940631,0.13383982359,0.539961236719,-0.135373804376,-1.27473803328,0.0398835004395,
1450287843.34,-0.704864171228,0.283786445435,0.133456328394,0.541111722308,-0.134606813983,-1.27857298524,0.0398835004395,
1450287843.35,-0.705247666425,0.284169940631,0.13383982359,0.544179683881,-0.133456328394,-1.28240793721,0.0395000052429,
1450287843.36,-0.704480676031,0.284169940631,0.13383982359,0.54648065506,-0.131922347607,-1.28624288917,0.0395000052429,
1450287843.38,-0.705247666425,0.283786445435,0.134223318787,0.548781626239,-0.131155357214,-1.28931085074,0.0395000052429,
1450287843.38,-0.705247666425,0.284169940631,0.134606813983,0.551849587811,-0.129237881232,-1.29276230751,0.0391165100464,
1450287843.39,-0.704480676031,0.284169940631,0.13383982359,0.554534054187,-0.128087395642,-1.29544677389,0.040266995636,
1450287843.4,-0.705631161621,0.283019455042,0.13383982359,0.556835025366,-0.126169919659,-1.29851473546,0.0395000052429,
1450287843.42,-0.706014656818,0.284169940631,0.13383982359,0.559135996545,-0.124635938873,-1.30004871625,0.0395000052429,
1450287843.42,-0.705631161621,0.283402950238,0.13383982359,0.560286482135,-0.123485453284,-1.30273318262,0.0398835004395,
1450287843.43,-0.705247666425,0.283402950238,0.13383982359,0.562587453314,-0.121951472498,-1.3050341538,0.040266995636,
1450287843.44,-0.706014656818,0.283402950238,0.13383982359,0.564504929297,-0.121184482104,-1.3058011442,0.0398835004395,
1450287843.46,-0.706398152014,0.284169940631,0.13383982359,0.566038910083,-0.120033996515,-1.30618463939,0.0391165100464,
1450287843.46,-0.706398152014,0.283402950238,0.13383982359,0.566805900476,-0.118883510925,-1.30848561057,0.0395000052429,
1450287843.48,-0.706781647211,0.284169940631,0.132689338,0.568339881262,-0.118116520532,-1.30963609616,0.0395000052429,
1450287843.49,-0.7079321328,0.283786445435,0.13383982359,0.569106871655,-0.117733025336,-1.31040308655,0.0395000052429,
1450287843.51,-0.706781647211,0.283786445435,0.13383982359,0.569873862048,-0.115815549353,-1.30963609616,0.0383495196533,
1450287843.51,-0.707548637604,0.283019455042,0.13383982359,0.570257357245,-0.114665063763,-1.31193706734,0.0395000052429,
1450287843.52,-0.7079321328,0.283019455042,0.13383982359,0.570257357245,-0.111980597388,-1.31193706734,0.0398835004395,
1450287843.53,-0.707165142407,0.283019455042,0.133456328394,0.569873862048,-0.110446616602,-1.31155357214,0.0398835004395,
1450287843.55,-0.708315627997,0.283402950238,0.13383982359,0.570257357245,-0.108145645422,-1.31193706734,0.0398835004395,
1450287843.55,-0.708699123193,0.283402950238,0.13383982359,0.569873862048,-0.10622816944,-1.31232056254,0.0391165100464,
1450287843.56,-0.708699123193,0.283786445435,0.133456328394,0.569490366852,-0.104310693457,-1.31078658175,0.040266995636,
1450287843.57,-0.709466113586,0.283019455042,0.134223318787,0.569873862048,-0.102393217474,-1.31193706734,0.0395000052429,
1450287843.59,-0.710233103979,0.283402950238,0.13383982359,0.570257357245,-0.100475741492,-1.31117007695,0.0395000052429,
1450287843.59,-0.710616599176,0.283019455042,0.133072833197,0.570257357245,-0.098558265509,-1.31117007695,0.0395000052429,
1450287843.6,-0.711000094373,0.282635959845,0.132689338,0.569873862048,-0.0966407895264,-1.31117007695,0.040266995636,
1450287843.61,-0.710616599176,0.282635959845,0.133072833197,0.569490366852,-0.0943398183472,-1.31078658175,0.0383495196533,
1450287843.64,-0.711383589569,0.282252464648,0.133456328394,0.570257357245,-0.0924223423645,-1.31078658175,0.0395000052429,
1450287843.64,-0.711767084766,0.283019455042,0.132689338,0.569490366852,-0.0912718567749,-1.31078658175,0.0395000052429,
1450287843.65,-0.712534075159,0.283019455042,0.132305842804,0.569873862048,-0.0901213711853,-1.31155357214,0.0379660244568,
1450287843.66,-0.712917570355,0.283402950238,0.132305842804,0.569490366852,-0.0889708855957,-1.31155357214,0.0379660244568,
1450287843.68,-0.712917570355,0.283786445435,0.132689338,0.570257357245,-0.0882038952026,-1.31117007695,0.0391165100464,
1450287843.68,-0.713684560748,0.283402950238,0.133456328394,0.570640852441,-0.0882038952026,-1.31193706734,0.0383495196533,
1450287843.69,-0.713684560748,0.283786445435,0.131538852411,0.570640852441,-0.0885873903992,-1.31155357214,0.0379660244568,
1450287843.7,-0.714835046338,0.283019455042,0.131922347607,0.570640852441,-0.0889708855957,-1.31117007695,0.0383495196533,
1450287843.72,-0.714835046338,0.284169940631,0.131155357214,0.570640852441,-0.0889708855957,-1.31117007695,0.0383495196533,
1450287843.72,-0.714835046338,0.284936931024,0.131155357214,0.570640852441,-0.0901213711853,-1.31001959136,0.0375825292603,
1450287843.73,-0.714068055945,0.283019455042,0.130388366821,0.571407842834,-0.0897378759888,-1.31040308655,0.0379660244568,
1450287843.74,-0.714451551141,0.283019455042,0.131538852411,0.571024347638,-0.0912718567749,-1.31117007695,0.0383495196533,
1450287843.76,-0.714835046338,0.283019455042,0.130771862018,0.570257357245,-0.0931893327576,-1.31193706734,0.0383495196533,
1450287843.76,-0.714068055945,0.283786445435,0.130004871625,0.571407842834,-0.0951068087402,-1.31155357214,0.0383495196533,
1450287843.77,-0.715218541534,0.283019455042,0.130388366821,0.570640852441,-0.0974077799194,-1.31155357214,0.0383495196533,
1450287843.78,-0.714835046338,0.283019455042,0.130004871625,0.571024347638,-0.0993252559021,-1.31232056254,0.0379660244568,
1450287843.81,-0.714835046338,0.283402950238,0.130388366821,0.570257357245,-0.100475741492,-1.31193706734,0.0391165100464,
1450287843.81,-0.714451551141,0.283019455042,0.130771862018,0.570640852441,-0.102009722278,-1.31193706734,0.0383495196533,
1450287843.82,-0.714068055945,0.283402950238,0.129621376428,0.571024347638,-0.102393217474,-1.31270405773,0.0383495196533,
1450287843.83,-0.713301065552,0.283019455042,0.129621376428,0.570257357245,-0.103160207867,-1.31193706734,0.0379660244568,
1450287843.85,-0.712534075159,0.282635959845,0.128470890839,0.570257357245,-0.10392719826,-1.31270405773,0.0383495196533,
1450287843.85,-0.712150579962,0.282252464648,0.128470890839,0.570257357245,-0.104694188654,-1.31270405773,0.0383495196533,
1450287843.86,-0.711767084766,0.283786445435,0.128470890839,0.570257357245,-0.106611664636,-1.31308755293,0.0379660244568,
1450287843.87,-0.711767084766,0.282635959845,0.128854386035,0.569873862048,-0.107762150226,-1.31232056254,0.0391165100464,
1450287843.89,-0.711383589569,0.283019455042,0.128854386035,0.570640852441,-0.110063121405,-1.31270405773,0.0391165100464,
1450287843.89,-0.710616599176,0.282252464648,0.128087395642,0.570257357245,-0.110830111798,-1.31308755293,0.0391165100464,
1450287843.9,-0.709849608783,0.282635959845,0.128854386035,0.569873862048,-0.111597102191,-1.31308755293,0.0391165100464,
1450287843.91,-0.709466113586,0.282252464648,0.129621376428,0.570257357245,-0.112364092584,-1.31232056254,0.0383495196533,
1450287843.93,-0.708315627997,0.283019455042,0.128470890839,0.570257357245,-0.11389807337,-1.31270405773,0.0383495196533,
1450287843.93,-0.708699123193,0.282635959845,0.128087395642,0.570257357245,-0.112747587781,-1.31270405773,0.0383495196533,
1450287843.94,-0.708315627997,0.281868969452,0.128087395642,0.570257357245,-0.112747587781,-1.31232056254,0.0379660244568,
1450287843.95,-0.707165142407,0.283019455042,0.128470890839,0.570257357245,-0.112364092584,-1.31308755293,0.0391165100464,
1450287843.97,-0.706781647211,0.283019455042,0.128470890839,0.570640852441,-0.111980597388,-1.31155357214,0.0379660244568,
1450287843.97,-0.706398152014,0.282635959845,0.128470890839,0.571024347638,-0.111980597388,-1.31232056254,0.0383495196533,
1450287843.98,-0.706398152014,0.283019455042,0.128087395642,0.570257357245,-0.113131082977,-1.31155357214,0.0379660244568,
1450287844.0,-0.705247666425,0.282635959845,0.128854386035,0.570257357245,-0.112364092584,-1.31232056254,0.0383495196533,
1450287844.02,-0.705631161621,0.283402950238,0.128087395642,0.570640852441,-0.111213606995,-1.31193706734,0.0379660244568,
1450287844.02,-0.705247666425,0.283786445435,0.128470890839,0.570640852441,-0.108529140619,-1.31347104813,0.0383495196533,
1450287844.03,-0.704097180835,0.283019455042,0.129621376428,0.570640852441,-0.109679626208,-1.31270405773,0.0383495196533,
1450287844.04,-0.705631161621,0.283019455042,0.128470890839,0.571024347638,-0.108145645422,-1.31308755293,0.0375825292603,
1450287844.06,-0.703713685638,0.282635959845,0.128854386035,0.571407842834,-0.106995159833,-1.31385454332,0.0379660244568,
1450287844.06,-0.704480676031,0.283402950238,0.127703900446,0.571024347638,-0.104310693457,-1.31347104813,0.0383495196533,
1450287844.07,-0.704097180835,0.283019455042,0.128854386035,0.570640852441,-0.102393217474,-1.31270405773,0.0383495196533,
1450287844.08,-0.704097180835,0.283019455042,0.128854386035,0.571024347638,-0.100475741492,-1.31347104813,0.0379660244568,
1450287844.1,-0.704480676031,0.283019455042,0.128854386035,0.571791338031,-0.100092246295,-1.31308755293,0.0391165100464,
1450287844.1,-0.704480676031,0.283402950238,0.128087395642,0.571791338031,-0.0981747703125,-1.31308755293,0.0391165100464,
1450287844.11,-0.703713685638,0.283402950238,0.128854386035,0.572174833228,-0.0970242847229,-1.31270405773,0.0375825292603,
1450287844.12,-0.705247666425,0.283402950238,0.128087395642,0.572558328424,-0.0962572943298,-1.31155357214,0.0383495196533,
1450287844.14,-0.705247666425,0.283402950238,0.128470890839,0.572558328424,-0.0962572943298,-1.31270405773,0.0379660244568,
1450287844.14,-0.705631161621,0.283402950238,0.128087395642,0.57409230921,-0.0974077799194,-1.31193706734,0.0383495196533,
1450287844.15,-0.706781647211,0.283019455042,0.128854386035,0.573325318817,-0.0947233135437,-1.31193706734,0.0395000052429,
1450287844.16,-0.706398152014,0.283019455042,0.128854386035,0.57409230921,-0.0935728279541,-1.31117007695,0.0391165100464,
1450287844.19,-0.706014656818,0.284169940631,0.128470890839,0.574475804407,-0.0912718567749,-1.31117007695,0.0383495196533,
1450287844.19,-0.707165142407,0.284169940631,0.127703900446,0.574859299603,-0.0901213711853,-1.31155357214,0.0379660244568,
1450287844.2,-0.707165142407,0.284169940631,0.128470890839,0.576009785193,-0.0878204000061,-1.31078658175,0.0383495196533,
1450287844.21,-0.708315627997,0.283402950238,0.128470890839,0.576009785193,-0.08628641922,-1.31001959136,0.0379660244568,
1450287844.23,-0.70908261839,0.283402950238,0.127320405249,0.577160270782,-0.0859029240234,-1.31155357214,0.0383495196533,
1450287844.23,-0.709849608783,0.283786445435,0.127320405249,0.577927261176,-0.0847524384338,-1.31232056254,0.0383495196533,
1450287844.24,-0.709849608783,0.283786445435,0.128087395642,0.578694251569,-0.0847524384338,-1.31193706734,0.0379660244568,
1450287844.25,-0.711383589569,0.283786445435,0.128087395642,0.579077746765,-0.0836019528442,-1.31270405773,0.0383495196533,
1450287844.27,-0.711000094373,0.283786445435,0.127320405249,0.579461241962,-0.0839854480408,-1.31308755293,0.0383495196533,
1450287844.27,-0.711000094373,0.283019455042,0.127703900446,0.581378717944,-0.0839854480408,-1.31347104813,0.0375825292603,
1450287844.28,-0.711000094373,0.284169940631,0.127320405249,0.580611727551,-0.0836019528442,-1.31155357214,0.0375825292603,
1450287844.29,-0.712150579962,0.283019455042,0.126936910052,0.580995222748,-0.0847524384338,-1.31270405773,0.0379660244568,
1450287844.31,-0.712150579962,0.283402950238,0.127703900446,0.581378717944,-0.0866699144165,-1.31232056254,0.0379660244568,
1450287844.31,-0.711767084766,0.283402950238,0.128087395642,0.581378717944,-0.0882038952026,-1.31270405773,0.0383495196533,
1450287844.32,-0.712534075159,0.283402950238,0.127320405249,0.580995222748,-0.0905048663818,-1.31155357214,0.0379660244568,
1450287844.33,-0.712917570355,0.282635959845,0.126553414856,0.580995222748,-0.0931893327576,-1.31308755293,0.0375825292603,
1450287844.36,-0.712150579962,0.284169940631,0.127703900446,0.580611727551,-0.0943398183472,-1.31270405773,0.0383495196533,
1450287844.36,-0.712534075159,0.282635959845,0.126553414856,0.580228232355,-0.0958737991333,-1.31270405773,0.0383495196533,
1450287844.37,-0.711767084766,0.283786445435,0.125402929266,0.580611727551,-0.0981747703125,-1.31308755293,0.0379660244568,
1450287844.38,-0.711767084766,0.282252464648,0.125402929266,0.580228232355,-0.0989417607056,-1.31347104813,0.0383495196533,
1450287844.4,-0.710616599176,0.283402950238,0.12501943407,0.580611727551,-0.100859236688,-1.31423803852,0.0383495196533,
1450287844.4,-0.710233103979,0.282635959845,0.12501943407,0.580228232355,-0.102009722278,-1.31462153372,0.0383495196533,
1450287844.41,-0.710233103979,0.283019455042,0.124635938873,0.579844737158,-0.10392719826,-1.31423803852,0.0379660244568,
1450287844.42,-0.709466113586,0.282635959845,0.125402929266,0.579077746765,-0.106611664636,-1.31462153372,0.0383495196533,
1450287844.44,-0.709466113586,0.282252464648,0.125402929266,0.579844737158,-0.111213606995,-1.31500502891,0.0383495196533,
1450287844.44,-0.708315627997,0.281868969452,0.125402929266,0.578694251569,-0.113131082977,-1.31538852411,0.0379660244568,
1450287844.45,-0.707548637604,0.282635959845,0.124635938873,0.578694251569,-0.116966034943,-1.31730600009,0.0383495196533,
1450287844.46,-0.706014656818,0.282252464648,0.12501943407,0.577160270782,-0.119267006122,-1.3165390097,0.0379660244568,
1450287844.48,-0.705631161621,0.281868969452,0.124635938873,0.576776775586,-0.121184482104,-1.31960697127,0.0375825292603,
1450287844.48,-0.705247666425,0.281868969452,0.12386894848,0.576009785193,-0.123485453284,-1.32037396166,0.0395000052429,
1450287844.49,-0.704480676031,0.282252464648,0.123485453284,0.576393280389,-0.126553414856,-1.32190794245,0.0391165100464,
1450287844.5,-0.704864171228,0.281101979059,0.124635938873,0.5752427948,-0.130004871625,-1.32152444725,0.0379660244568,
1450287844.53,-0.703330190442,0.281868969452,0.12501943407,0.574859299603,-0.132689338,-1.32267493284,0.0383495196533,
1450287844.53,-0.702179704852,0.282252464648,0.12501943407,0.575626289996,-0.13499030918,-1.32344192324,0.0383495196533,
1450287844.54,-0.700645724066,0.283019455042,0.12501943407,0.574859299603,-0.136140794769,-1.32459240883,0.0391165100464,
1450287844.55,-0.700645724066,0.282635959845,0.124252443677,0.57409230921,-0.138058270752,-1.32382541843,0.0391165100464,
1450287844.57,-0.700645724066,0.282635959845,0.124252443677,0.57409230921,-0.138825261145,-1.32535939922,0.0379660244568,
1450287844.57,-0.699495238477,0.282635959845,0.124635938873,0.574475804407,-0.139208756342,-1.32612638961,0.0383495196533,
1450287844.58,-0.69911174328,0.282252464648,0.12501943407,0.574859299603,-0.139208756342,-1.32650988481,0.0379660244568,
1450287844.59,-0.698728248083,0.283402950238,0.125786424463,0.575626289996,-0.138441765948,-1.3272768752,0.0391165100464,
1450287844.61,-0.697577762494,0.282635959845,0.12501943407,0.574475804407,-0.137291280359,-1.32881085599,0.0383495196533,
1450287844.61,-0.697577762494,0.282635959845,0.125786424463,0.574475804407,-0.135373804376,-1.32919435118,0.0379660244568,
1450287844.62,-0.697194267297,0.282635959845,0.12501943407,0.5752427948,-0.132689338,-1.33034483677,0.0379660244568,
1450287844.63,-0.696427276904,0.282252464648,0.12501943407,0.5752427948,-0.129621376428,-1.33072833197,0.0391165100464,
1450287844.65,-0.696427276904,0.282635959845,0.125402929266,0.574859299603,-0.126936910052,-1.33111182717,0.0379660244568,
1450287844.65,-0.695660286511,0.282635959845,0.125786424463,0.576009785193,-0.125402929266,-1.33302930315,0.0383495196533,
1450287844.66,-0.695276791315,0.282252464648,0.125786424463,0.576009785193,-0.121951472498,-1.33456328394,0.0383495196533,
1450287844.68,-0.695276791315,0.283402950238,0.125786424463,0.575626289996,-0.120800986908,-1.33648075992,0.0375825292603,
1450287844.7,-0.695276791315,0.283019455042,0.125786424463,0.576776775586,-0.119267006122,-1.33571376953,0.0391165100464,
1450287844.7,-0.696810772101,0.282635959845,0.125786424463,0.577927261176,-0.117733025336,-1.3380147407,0.0391165100464,
1450287844.71,-0.696427276904,0.283402950238,0.125402929266,0.577927261176,-0.11619904455,-1.3387817311,0.0379660244568,
1450287844.72,-0.696043781708,0.283786445435,0.126169919659,0.579461241962,-0.11389807337,-1.33954872149,0.0391165100464,
1450287844.74,-0.696427276904,0.283402950238,0.125786424463,0.580995222748,-0.112364092584,-1.33993221669,0.0383495196533,
1450287844.74,-0.696810772101,0.283402950238,0.125402929266,0.580995222748,-0.109679626208,-1.34146619747,0.0383495196533,
1450287844.75,-0.696810772101,0.283402950238,0.12501943407,0.582145708337,-0.10622816944,-1.34184969267,0.0391165100464,
1450287844.76,-0.697577762494,0.283402950238,0.125402929266,0.582145708337,-0.103543703064,-1.34223318787,0.0379660244568,
1450287844.78,-0.69796125769,0.283786445435,0.124635938873,0.583679689124,-0.101242731885,-1.34261668306,0.0391165100464,
1450287844.78,-0.697577762494,0.283019455042,0.124635938873,0.58406318432,-0.0993252559021,-1.34300017826,0.0383495196533,
1450287844.79,-0.698728248083,0.283786445435,0.124252443677,0.58521366991,-0.0974077799194,-1.34261668306,0.0391165100464,
1450287844.8,-0.698728248083,0.284169940631,0.125402929266,0.585597165106,-0.0943398183472,-1.34338367346,0.0379660244568,
1450287844.82,-0.69911174328,0.284169940631,0.124635938873,0.585980660303,-0.092805837561,-1.34338367346,0.0379660244568,
1450287844.82,-0.699495238477,0.283786445435,0.124635938873,0.586747650696,-0.0912718567749,-1.34338367346,0.0383495196533,
1450287844.83,-0.699878733673,0.283786445435,0.124635938873,0.587514641089,-0.0905048663818,-1.34338367346,0.0391165100464,
1450287844.84,-0.700645724066,0.284169940631,0.124635938873,0.588281631482,-0.0889708855957,-1.34300017826,0.0391165100464,
1450287844.86,-0.700645724066,0.284553435828,0.12501943407,0.588281631482,-0.0885873903992,-1.34184969267,0.0379660244568,
1450287844.86,-0.701796209656,0.284169940631,0.124635938873,0.588665126678,-0.0878204000061,-1.34146619747,0.0383495196533,
1450287844.88,-0.700645724066,0.284169940631,0.125402929266,0.588665126678,-0.0882038952026,-1.34146619747,0.0391165100464,
1450287844.89,-0.701796209656,0.284169940631,0.124635938873,0.589815612268,-0.0885873903992,-1.34069920708,0.0383495196533,
1450287844.91,-0.702179704852,0.284553435828,0.124252443677,0.589432117072,-0.0889708855957,-1.33954872149,0.0383495196533,
1450287844.91,-0.701796209656,0.284169940631,0.124252443677,0.588281631482,-0.0905048663818,-1.33993221669,0.0391165100464,
1450287844.92,-0.702946695245,0.283786445435,0.12386894848,0.589048621875,-0.0931893327576,-1.3387817311,0.0395000052429,
1450287844.93,-0.702946695245,0.284169940631,0.124252443677,0.588281631482,-0.0924223423645,-1.34069920708,0.0391165100464,
1450287844.95,-0.702946695245,0.283786445435,0.124252443677,0.588665126678,-0.0931893327576,-1.34031571188,0.0391165100464,
1450287844.95,-0.702946695245,0.283786445435,0.124252443677,0.588665126678,-0.0943398183472,-1.34031571188,0.0383495196533,
1450287844.96,-0.702563200049,0.283786445435,0.123485453284,0.587898136285,-0.0954903039368,-1.34146619747,0.0391165100464,
1450287844.97,-0.702179704852,0.283786445435,0.12386894848,0.587514641089,-0.0974077799194,-1.33993221669,0.0379660244568,
1450287844.99,-0.701796209656,0.283402950238,0.12386894848,0.588281631482,-0.0989417607056,-1.34146619747,0.0379660244568,
1450287844.99,-0.701412714459,0.283402950238,0.12386894848,0.586747650696,-0.100092246295,-1.34069920708,0.0383495196533,
1450287845.0,-0.701796209656,0.283019455042,0.123101958087,0.587514641089,-0.102776712671,-1.34108270228,0.0383495196533,
1450287845.01,-0.700645724066,0.283402950238,0.12386894848,0.586364155499,-0.10507768385,-1.34184969267,0.0375825292603,
1450287845.04,-0.700645724066,0.283402950238,0.123485453284,0.586364155499,-0.107762150226,-1.34146619747,0.0383495196533,
1450287845.04,-0.70026222887,0.282252464648,0.122718462891,0.585980660303,-0.108145645422,-1.34108270228,0.0379660244568,
1450287845.05,-0.699878733673,0.282635959845,0.12386894848,0.585980660303,-0.111213606995,-1.34146619747,0.0383495196533,
1450287845.06,-0.699495238477,0.282635959845,0.12386894848,0.586364155499,-0.111980597388,-1.34069920708,0.0383495196533,
1450287845.08,-0.698344752887,0.281868969452,0.12386894848,0.586747650696,-0.112747587781,-1.34108270228,0.0383495196533,
1450287845.08,-0.699495238477,0.282252464648,0.124252443677,0.586364155499,-0.113514578174,-1.34069920708,0.0383495196533,
1450287845.09,-0.698728248083,0.282252464648,0.12386894848,0.586747650696,-0.114281568567,-1.34146619747,0.0383495196533,
1450287845.1,-0.697577762494,0.281485474255,0.124252443677,0.586364155499,-0.114281568567,-1.34108270228,0.0379660244568,
1450287845.12,-0.697194267297,0.281868969452,0.123485453284,0.586364155499,-0.113514578174,-1.34069920708,0.0379660244568,
1450287845.12,-0.697194267297,0.282252464648,0.12386894848,0.586364155499,-0.112364092584,-1.34223318787,0.0375825292603,
1450287845.13,-0.697194267297,0.282252464648,0.124252443677,0.585980660303,-0.110063121405,-1.34184969267,0.0383495196533,
1450287845.14,-0.697577762494,0.282252464648,0.123485453284,0.586364155499,-0.109679626208,-1.34300017826,0.0395000052429,
1450287845.16,-0.696810772101,0.283019455042,0.124635938873,0.586364155499,-0.108145645422,-1.34338367346,0.0395000052429,
1450287845.16,-0.697577762494,0.282252464648,0.12501943407,0.587514641089,-0.107762150226,-1.34338367346,0.0379660244568,
1450287845.17,-0.69796125769,0.283402950238,0.124252443677,0.586364155499,-0.106995159833,-1.34338367346,0.0383495196533,
1450287845.18,-0.69796125769,0.282635959845,0.124252443677,0.586747650696,-0.106611664636,-1.34338367346,0.0383495196533,
1450287845.21,-0.698344752887,0.282635959845,0.12386894848,0.586747650696,-0.105461179047,-1.34338367346,0.0383495196533,
1450287845.21,-0.69796125769,0.283402950238,0.123485453284,0.587131145892,-0.10507768385,-1.34338367346,0.0379660244568,
1450287845.22,-0.698728248083,0.283019455042,0.124635938873,0.587131145892,-0.104310693457,-1.34223318787,0.0383495196533,
1450287845.23,-0.698344752887,0.283019455042,0.12386894848,0.587514641089,-0.102776712671,-1.34223318787,0.0383495196533,
1450287845.25,-0.69911174328,0.283019455042,0.124252443677,0.586747650696,-0.102009722278,-1.34223318787,0.0383495196533,
1450287845.25,-0.699495238477,0.282635959845,0.12386894848,0.586747650696,-0.101242731885,-1.34223318787,0.0391165100464,
1450287845.26,-0.69911174328,0.282252464648,0.12386894848,0.586747650696,-0.100859236688,-1.34184969267,0.0379660244568,
1450287845.27,-0.69911174328,0.283019455042,0.12386894848,0.586747650696,-0.101242731885,-1.34184969267,0.0383495196533,
1450287845.29,-0.699878733673,0.282635959845,0.12386894848,0.585980660303,-0.102009722278,-1.34184969267,0.0383495196533,
1450287845.29,-0.70026222887,0.282635959845,0.12386894848,0.586364155499,-0.102393217474,-1.34069920708,0.0379660244568,
1450287845.3,-0.70026222887,0.282635959845,0.123485453284,0.586747650696,-0.102776712671,-1.34184969267,0.0375825292603,
1450287845.31,-0.701412714459,0.283019455042,0.123485453284,0.586364155499,-0.10392719826,-1.34184969267,0.0383495196533,
1450287845.33,-0.701029219263,0.282635959845,0.123485453284,0.586364155499,-0.104310693457,-1.34223318787,0.0375825292603,
1450287845.33,-0.701029219263,0.282635959845,0.12386894848,0.586364155499,-0.105461179047,-1.34184969267,0.0383495196533,
1450287845.34,-0.701796209656,0.281868969452,0.123101958087,0.587131145892,-0.10507768385,-1.34184969267,0.0383495196533,
1450287845.35,-0.700645724066,0.282252464648,0.122718462891,0.586747650696,-0.106995159833,-1.34184969267,0.0379660244568,
1450287845.37,-0.701029219263,0.281868969452,0.123485453284,0.586364155499,-0.106611664636,-1.34108270228,0.0395000052429,
1450287845.37,-0.70026222887,0.282252464648,0.123101958087,0.586747650696,-0.10622816944,-1.33954872149,0.0383495196533,
1450287845.38,-0.700645724066,0.283402950238,0.124252443677,0.587131145892,-0.105844674243,-1.34146619747,0.0383495196533,
1450287845.4,-0.701029219263,0.281868969452,0.122718462891,0.585980660303,-0.105844674243,-1.34146619747,0.0383495196533,
1450287845.42,-0.701412714459,0.282252464648,0.123101958087,0.586364155499,-0.105844674243,-1.34108270228,0.0395000052429,
1450287845.42,-0.701029219263,0.281868969452,0.12386894848,0.586364155499,-0.105461179047,-1.34146619747,0.0391165100464,
1450287845.43,-0.700645724066,0.282252464648,0.12386894848,0.586747650696,-0.10622816944,-1.34108270228,0.0383495196533,
1450287845.44,-0.700645724066,0.282252464648,0.123485453284,0.586364155499,-0.105461179047,-1.34108270228,0.0391165100464,
1450287845.46,-0.700645724066,0.282252464648,0.12386894848,0.586747650696,-0.105844674243,-1.34069920708,0.0379660244568,
1450287845.46,-0.701029219263,0.282252464648,0.123485453284,0.586747650696,-0.105461179047,-1.34108270228,0.0383495196533,
1450287845.47,-0.700645724066,0.283019455042,0.123485453284,0.586747650696,-0.10622816944,-1.34069920708,0.0379660244568,
1450287845.48,-0.70026222887,0.283019455042,0.12386894848,0.587131145892,-0.105461179047,-1.34108270228,0.0379660244568,
1450287845.5,-0.700645724066,0.283019455042,0.12386894848,0.586364155499,-0.105844674243,-1.33993221669,0.0383495196533,
1450287845.5,-0.700645724066,0.282635959845,0.124252443677,0.587131145892,-0.10507768385,-1.34069920708,0.0383495196533,
1450287845.51,-0.701029219263,0.282252464648,0.12386894848,0.585980660303,-0.105844674243,-1.34108270228,0.0379660244568,
1450287845.52,-0.70026222887,0.282252464648,0.123101958087,0.586747650696,-0.10622816944,-1.34069920708,0.0395000052429,
1450287845.54,-0.701029219263,0.282635959845,0.123101958087,0.586747650696,-0.105461179047,-1.34146619747,0.0383495196533,
1450287845.54,-0.701029219263,0.282252464648,0.124252443677,0.586364155499,-0.105844674243,-1.33993221669,0.0375825292603,
1450287845.56,-0.700645724066,0.282252464648,0.12386894848,0.586364155499,-0.105844674243,-1.34108270228,0.0383495196533,
1450287845.57,-0.701029219263,0.282252464648,0.123485453284,0.586364155499,-0.105461179047,-1.34146619747,0.0383495196533,
1450287845.59,-0.700645724066,0.282252464648,0.124252443677,0.586364155499,-0.104694188654,-1.33993221669,0.0383495196533,
1450287845.59,-0.701796209656,0.282635959845,0.123485453284,0.585980660303,-0.105461179047,-1.34108270228,0.0383495196533,
1450287845.6,-0.701412714459,0.282252464648,0.123101958087,0.586747650696,-0.105461179047,-1.34146619747,0.0383495196533,
1450287845.61,-0.700645724066,0.282252464648,0.123485453284,0.586747650696,-0.10622816944,-1.34031571188,0.0379660244568,
1450287845.63,-0.701029219263,0.282252464648,0.123485453284,0.586747650696,-0.105844674243,-1.34069920708,0.0379660244568,
1450287845.63,-0.701412714459,0.282252464648,0.122718462891,0.587131145892,-0.10507768385,-1.33954872149,0.0379660244568,
1450287845.64,-0.700645724066,0.283019455042,0.123485453284,0.587131145892,-0.104310693457,-1.34069920708,0.0379660244568,
1450287845.65,-0.701029219263,0.283019455042,0.123485453284,0.587131145892,-0.105461179047,-1.33954872149,0.0383495196533,
1450287845.67,-0.701029219263,0.282635959845,0.123485453284,0.586364155499,-0.105844674243,-1.34031571188,0.0383495196533,
1450287845.67,-0.701029219263,0.282252464648,0.123101958087,0.587131145892,-0.10507768385,-1.34069920708,0.0391165100464,
1450287845.68,-0.701029219263,0.282635959845,0.123485453284,0.586747650696,-0.10507768385,-1.34069920708,0.0383495196533,
1450287845.69,-0.701796209656,0.282252464648,0.123485453284,0.586747650696,-0.105461179047,-1.34069920708,0.0379660244568,
1450287845.71,-0.700645724066,0.282252464648,0.123485453284,0.585980660303,-0.105461179047,-1.34031571188,0.0379660244568,
1450287845.71,-0.701412714459,0.282252464648,0.123101958087,0.586364155499,-0.10507768385,-1.34069920708,0.0383495196533,
1450287845.72,-0.701029219263,0.282252464648,0.123485453284,0.586364155499,-0.104694188654,-1.34031571188,0.0379660244568,
1450287845.73,-0.701412714459,0.282635959845,0.123101958087,0.586364155499,-0.105844674243,-1.33993221669,0.0391165100464,
1450287845.76,-0.701412714459,0.281868969452,0.123485453284,0.585980660303,-0.105461179047,-1.34031571188,0.0375825292603,
1450287845.76,-0.701029219263,0.283019455042,0.123485453284,0.586364155499,-0.105461179047,-1.34146619747,0.0383495196533,
1450287845.77,-0.701412714459,0.282252464648,0.123101958087,0.586747650696,-0.10507768385,-1.34031571188,0.0383495196533,
1450287845.78,-0.701412714459,0.283019455042,0.122718462891,0.586364155499,-0.105461179047,-1.34031571188,0.0391165100464,
1450287845.8,-0.701412714459,0.282635959845,0.123101958087,0.586747650696,-0.10507768385,-1.34031571188,0.0383495196533,
1450287845.8,-0.701029219263,0.282635959845,0.123101958087,0.587131145892,-0.105461179047,-1.33993221669,0.0383495196533,
1450287845.81,-0.701029219263,0.282252464648,0.12386894848,0.586747650696,-0.10622816944,-1.33954872149,0.0391165100464,
1450287845.82,-0.701029219263,0.282635959845,0.12386894848,0.586747650696,-0.10507768385,-1.34031571188,0.0379660244568,
1450287845.84,-0.701412714459,0.282635959845,0.123485453284,0.587131145892,-0.105844674243,-1.34069920708,0.0379660244568,
1450287845.84,-0.701029219263,0.283019455042,0.123101958087,0.587514641089,-0.105461179047,-1.34031571188,0.0395000052429,
1450287845.85,-0.701412714459,0.283402950238,0.12386894848,0.586364155499,-0.105461179047,-1.33993221669,0.0379660244568,
1450287845.86,-0.701796209656,0.283402950238,0.123101958087,0.586747650696,-0.105461179047,-1.33916522629,0.0383495196533,
1450287845.88,-0.701412714459,0.283402950238,0.122718462891,0.586747650696,-0.105844674243,-1.33954872149,0.0379660244568,
1450287845.88,-0.701412714459,0.282635959845,0.12386894848,0.586747650696,-0.105461179047,-1.33954872149,0.0395000052429,
1450287845.89,-0.700645724066,0.282252464648,0.123485453284,0.587131145892,-0.105844674243,-1.34031571188,0.0379660244568,
1450287845.91,-0.701029219263,0.283402950238,0.122718462891,0.587514641089,-0.105461179047,-1.33954872149,0.0383495196533,
1450287845.93,-0.700645724066,0.283019455042,0.123101958087,0.586747650696,-0.105461179047,-1.33993221669,0.0379660244568,
1450287845.93,-0.701029219263,0.282635959845,0.12386894848,0.586747650696,-0.105461179047,-1.33993221669,0.0383495196533,
1450287845.94,-0.701029219263,0.282635959845,0.12386894848,0.586747650696,-0.10507768385,-1.3387817311,0.0383495196533,
1450287845.95,-0.702179704852,0.283019455042,0.123485453284,0.586747650696,-0.10507768385,-1.33916522629,0.0379660244568,
1450287845.97,-0.701029219263,0.282252464648,0.123101958087,0.587131145892,-0.105461179047,-1.3387817311,0.0383495196533,
1450287845.97,-0.701029219263,0.283019455042,0.123485453284,0.585980660303,-0.10507768385,-1.3383982359,0.0375825292603,
1450287845.98,-0.701412714459,0.283402950238,0.123101958087,0.587514641089,-0.105461179047,-1.3387817311,0.0383495196533,
1450287845.99,-0.701029219263,0.282635959845,0.123101958087,0.586747650696,-0.105461179047,-1.33724775031,0.0383495196533,
1450287846.01,-0.701029219263,0.282252464648,0.12386894848,0.586747650696,-0.10622816944,-1.3380147407,0.0391165100464,
1450287846.01,-0.700645724066,0.282252464648,0.123485453284,0.587898136285,-0.105461179047,-1.3380147407,0.0391165100464,
1450287846.02,-0.700645724066,0.282635959845,0.122718462891,0.587131145892,-0.10507768385,-1.3380147407,0.0391165100464,
1450287846.03,-0.701412714459,0.282252464648,0.123101958087,0.587131145892,-0.10507768385,-1.33609726472,0.0383495196533,
1450287846.05,-0.701412714459,0.282252464648,0.122718462891,0.586364155499,-0.104694188654,-1.33648075992,0.0375825292603,
1450287846.05,-0.701412714459,0.283019455042,0.123101958087,0.586747650696,-0.104694188654,-1.33648075992,0.0391165100464,
1450287846.06,-0.701029219263,0.282252464648,0.12386894848,0.586364155499,-0.105461179047,-1.33609726472,0.0383495196533,
1450287846.07,-0.701029219263,0.282252464648,0.123101958087,0.586364155499,-0.105461179047,-1.33609726472,0.0379660244568,
1450287846.09,-0.701029219263,0.282635959845,0.123485453284,0.586364155499,-0.10507768385,-1.33494677913,0.0391165100464,
1450287846.09,-0.700645724066,0.282635959845,0.12386894848,0.586364155499,-0.105461179047,-1.33571376953,0.0383495196533,
1450287846.1,-0.701412714459,0.282252464648,0.123485453284,0.587131145892,-0.105844674243,-1.33456328394,0.0383495196533,
1450287846.12,-0.700645724066,0.283019455042,0.123101958087,0.586364155499,-0.10507768385,-1.33533027433,0.0391165100464,
1450287846.14,-0.700645724066,0.283019455042,0.123101958087,0.586364155499,-0.105461179047,-1.33609726472,0.0383495196533,
1450287846.14,-0.701029219263,0.282635959845,0.123101958087,0.586364155499,-0.10507768385,-1.33571376953,0.0391165100464,
1450287846.15,-0.701029219263,0.283019455042,0.123101958087,0.586747650696,-0.10622816944,-1.33533027433,0.0383495196533,
1450287846.16,-0.701029219263,0.283019455042,0.123101958087,0.586747650696,-0.104694188654,-1.33609726472,0.0383495196533,
1450287846.18,-0.70026222887,0.283019455042,0.122718462891,0.586747650696,-0.10622816944,-1.33609726472,0.0379660244568,
1450287846.18,-0.700645724066,0.283786445435,0.12386894848,0.586364155499,-0.105461179047,-1.33571376953,0.0391165100464,
1450287846.19,-0.700645724066,0.282635959845,0.123485453284,0.587131145892,-0.105461179047,-1.33571376953,0.0395000052429,
1450287846.2,-0.700645724066,0.283402950238,0.123101958087,0.587514641089,-0.105461179047,-1.33533027433,0.0391165100464,
1450287846.22,-0.700645724066,0.282635959845,0.122718462891,0.586747650696,-0.105461179047,-1.33533027433,0.0391165100464,
1450287846.22,-0.701029219263,0.282635959845,0.123485453284,0.587514641089,-0.105461179047,-1.33417978874,0.0391165100464,
1450287846.23,-0.701029219263,0.282252464648,0.123101958087,0.586747650696,-0.106611664636,-1.33456328394,0.0383495196533,
1450287846.24,-0.701029219263,0.283019455042,0.123101958087,0.586747650696,-0.10622816944,-1.33456328394,0.0383495196533,
1450287846.27,-0.700645724066,0.283019455042,0.123485453284,0.586364155499,-0.10622816944,-1.33417978874,0.0383495196533,
1450287846.27,-0.700645724066,0.283786445435,0.12386894848,0.587131145892,-0.107378655029,-1.33417978874,0.0379660244568,
1450287846.28,-0.70026222887,0.283019455042,0.123101958087,0.586747650696,-0.106995159833,-1.33456328394,0.0391165100464,
1450287846.29,-0.701029219263,0.283019455042,0.123101958087,0.586364155499,-0.106995159833,-1.33264580795,0.0395000052429,
1450287846.31,-0.701029219263,0.283019455042,0.123485453284,0.586747650696,-0.106995159833,-1.33417978874,0.0383495196533,
1450287846.31,-0.70026222887,0.282635959845,0.123101958087,0.586747650696,-0.106995159833,-1.33417978874,0.0395000052429,
1450287846.32,-0.700645724066,0.282635959845,0.123485453284,0.586747650696,-0.106611664636,-1.33417978874,0.0383495196533,
1450287846.33,-0.700645724066,0.283402950238,0.12386894848,0.586364155499,-0.10622816944,-1.33379629354,0.0383495196533,
1450287846.35,-0.700645724066,0.283019455042,0.123101958087,0.585980660303,-0.10622816944,-1.33379629354,0.0391165100464,
1450287846.35,-0.701029219263,0.283019455042,0.122718462891,0.585980660303,-0.106611664636,-1.33456328394,0.0379660244568,
1450287846.36,-0.70026222887,0.283786445435,0.122718462891,0.58521366991,-0.106995159833,-1.33417978874,0.0379660244568,
1450287846.37,-0.701029219263,0.282635959845,0.12386894848,0.58521366991,-0.106995159833,-1.33379629354,0.0391165100464,
1450287846.39,-0.70026222887,0.282635959845,0.123101958087,0.585597165106,-0.107378655029,-1.33379629354,0.0383495196533,
1450287846.39,-0.700645724066,0.282635959845,0.12386894848,0.584446679517,-0.107762150226,-1.33379629354,0.0383495196533,
1450287846.4,-0.699878733673,0.283019455042,0.123485453284,0.583679689124,-0.108145645422,-1.33302930315,0.0383495196533,
1450287846.41,-0.700645724066,0.282635959845,0.123101958087,0.583296193927,-0.108145645422,-1.33264580795,0.0383495196533,
1450287846.43,-0.700645724066,0.283786445435,0.12386894848,0.58291269873,-0.109679626208,-1.33187881756,0.0391165100464,
1450287846.43,-0.699878733673,0.282635959845,0.123485453284,0.582529203534,-0.108529140619,-1.33149532236,0.0383495196533,
1450287846.44,-0.700645724066,0.283402950238,0.123485453284,0.581378717944,-0.109296131012,-1.33111182717,0.0379660244568,
1450287846.45,-0.700645724066,0.284169940631,0.123485453284,0.580995222748,-0.110830111798,-1.32957784638,0.0379660244568,
1450287846.47,-0.70026222887,0.283019455042,0.123101958087,0.579844737158,-0.110446616602,-1.32957784638,0.0379660244568,
1450287846.47,-0.700645724066,0.283019455042,0.124252443677,0.578694251569,-0.111597102191,-1.32804386559,0.0391165100464,
1450287846.48,-0.699878733673,0.283402950238,0.12386894848,0.577927261176,-0.111597102191,-1.32689338,0.0375825292603,
