1450287744.0,-1.12132994447,2.10946599225,-0.455160861385,-0.135430097997,0.201412875642,-2.7097209716,-0.00879192698615,
1450287744.01,-1.26190490245,2.4463874948,-0.518871996966,-0.121929868656,0.19287111935,-2.70092005645,-0.00935368752794,
1450287744.03,-1.37398736575,2.30621700441,-0.451370850263,-0.117435784322,0.187217561258,-2.71848593408,-0.0106359995914,
1450287744.03,-1.33493377289,1.78858837078,-0.428990310278,-0.121162878263,0.193173721029,-2.72129473679,-0.0129010180959,
1450287744.04,-1.31232852869,1.58702868838,-0.569385504884,-0.124551417851,0.165121646614,-2.71335818386,-0.0101671167925,
1450287744.05,-1.17202321577,1.78939730596,-0.466441013065,-0.137284656799,0.192799214001,-2.72766135627,-0.00924133541958,
1450287744.07,-1.50880989578,2.28374658274,-0.442098056253,-0.130169023269,0.185273120769,-2.7330557555,-0.00941810273674,
1450287744.07,-1.39097500454,2.54804368244,-0.477721164744,-0.142902262217,0.171452313413,-2.73009565195,-0.0111782857677,
1450287744.08,-1.65513728171,2.17139447438,-0.580575774877,-0.135019638294,0.191301185889,-2.71770096735,-0.00844438446429,
1450287744.09,-1.07652392366,1.81748533305,-0.490783969876,-0.126816436356,0.201182179313,-2.72148199031,-0.0118059595464,
1450287744.11,-1.28985810701,1.99176592353,-0.511471738095,-0.149643388718,0.211935025097,-2.73593646356,-0.00905408190565,
1450287744.12,-1.34055137831,2.06452514891,-0.487038899597,-0.127921981102,0.200289354558,-2.74196452868,-0.0094001263994,
1450287744.13,-1.26163525739,2.16029408607,-0.385832120387,-0.13842615422,0.182010415542,-2.71739836568,-0.0100637528528,
1450287744.14,-1.58183876622,2.08164761022,-0.561895364327,-0.148930327337,0.207440940762,-2.70777653112,-0.0102614925635,
1450287744.16,-1.23903001319,2.0082142722,-0.50576425099,-0.137659163827,0.163479807803,-2.71080854001,-0.00822117827568,
1450287744.16,-0.952801781936,1.91846740804,-0.400812401502,-0.122286399347,0.142579319592,-2.72956984408,-0.00892225543184,
1450287744.17,-1.24491726367,1.89051420348,-0.500101704729,-0.119290343124,0.197667805363,-2.73728319083,-0.01064498776,
1450287744.18,-1.40221021537,1.96327342885,-0.490783969876,-0.142545731526,0.201038368614,-2.73934297948,-0.00978362159593,
1450287744.2,-1.25053486909,2.00300113437,-0.470096201657,-0.151515923858,0.176731364477,-2.72934663789,-0.0092038847168,
1450287744.2,-1.31246335122,1.78926248343,-0.468223666517,-0.121555361628,0.199504387828,-2.73908382062,-0.00906307007432,
1450287744.21,-1.30671092327,1.79488008884,-0.494349276781,-0.139924182331,0.193994640434,-2.73859396543,-0.00984054666417,
1450287744.22,-1.34001208819,2.08713039311,-0.453288326246,-0.139924182331,0.200325307233,-2.72923128973,-0.0110854080248,
1450287744.24,-1.36261733239,1.89064902601,-0.616198883367,-0.129455961888,0.201484780991,-2.73582111539,-0.0123871944536,
1450287744.24,-1.29520606737,2.0193146605,-0.578838062267,-0.142189200836,0.186879006904,-2.72301597109,-0.00728341267791,
1450287744.25,-0.99760780275,1.89599698637,-0.49822916959,-0.132434041774,0.192388754298,-2.72298001842,-0.00879192698615,
1450287744.26,-1.36823493781,2.07589518227,-0.425155358313,-0.116722722941,0.186094040174,-2.72095618244,-0.00963381878479,
1450287744.29,-1.4074233532,2.05355958313,-0.46073352596,-0.142527755189,0.200699814261,-2.72223100436,-0.00954094104187,
1450287744.29,-1.37947014864,1.615251538,-0.462695942786,-0.163518125087,0.196652142304,-2.72575286845,-0.00880091515481,
1450287744.3,-1.1265430823,1.87366138723,-0.507591845286,-0.145541787749,0.196616189629,-2.71945815433,-0.00955891737921,
1450287744.31,-1.01980857936,2.09836560394,-0.48882155305,-0.122322352021,0.184524106713,-2.73758579251,-0.0094660396363,
1450287744.33,-0.868268055606,1.84530371508,-0.539469883498,-0.142171224498,0.187181608583,-2.73219139328,-0.00810882616732,
1450287744.33,-1.19943713021,2.12645363103,-0.428945369435,-0.115973708885,0.183026078602,-2.72357773164,-0.0107573398684,
1450287744.34,-1.04776178392,2.12070120309,-0.541297477794,-0.143687228947,0.187217561258,-2.72548621945,-0.0103918210092,
1450287744.35,-1.09256780473,1.99149627847,-0.447580839141,-0.129420009214,0.20781544779,-2.73960213834,-0.0107288773343,
1450287744.37,-1.1883367419,1.89051420348,-0.428990310278,-0.131328497028,0.207138339084,-2.74421157084,-0.0102510063667,
1450287744.37,-1.32850723229,1.75034371309,-0.509419439582,-0.143651276272,0.175874492398,-2.72619928083,-0.0129384687987,
1450287744.38,-1.01378650635,2.21620049519,-0.530017326115,-0.126405976653,0.157934107735,-2.71548987786,-0.0108981545109,
1450287744.39,-1.01940411177,1.93532022429,-0.47954875904,-0.141047703415,0.17182682044,-2.71870914027,-0.00695684254961,
1450287744.41,-1.23300794018,1.91298462515,-0.501929299025,-0.130936013662,0.182277064546,-2.71923494814,-0.00545881443815,
1450287744.41,-0.946240418808,2.13768884187,-0.440135639427,-0.13353958652,0.200361259907,-2.72503980707,-0.00850130953252,
1450287744.42,-1.22163790682,1.92408501346,-0.494529040154,-0.126459905665,0.202874951079,-2.73275315382,-0.011142333093,
1450287744.43,-1.32248515928,1.73870403466,-0.483248888475,-0.135055590969,0.195384810521,-2.73241459947,-0.0120681144659,
1450287744.45,-0.839371093336,2.00848391726,-0.46086834849,-0.138390201545,0.175607843394,-2.7342871346,-0.0112816497074,
1450287744.45,-0.957340807114,1.83995575472,-0.554360282926,-0.133201032167,0.204408931865,-2.75136315705,-0.00793954899073,
1450287744.46,-1.12038618676,1.87941381517,-0.468223666517,-0.140673196387,0.180404529407,-2.74949062191,-0.0080803636332,
1450287744.47,-1.32235033675,1.94107265224,-0.483338770162,-0.141458163117,0.197739710712,-2.73701654182,-0.00689092931271,
1450287744.5,-1.05832288211,1.93518540176,-0.440135639427,-0.143330698257,0.181297354161,-2.73679333564,-0.00917542218268,
1450287744.5,-1.17602295082,2.04753751012,-0.531934802098,-0.157579941653,0.184934566416,-2.73495675317,-0.0124516096624,
1450287744.51,-1.01872999912,1.62073432089,-0.516954520983,-0.136571595418,0.165460200967,-2.7242473502,-0.0115438046269,
1450287744.52,-0.861437047418,1.5811414379,-0.462740883629,-0.126459905665,0.226166292155,-2.71166541209,-0.00726543634057,
1450287744.54,-1.06928844788,1.73281678419,-0.468223666517,-0.142938214891,0.199950800205,-2.73035481081,-0.00907205824299,
1450287744.54,-1.32756347458,1.18188698564,-0.509509321269,-0.137695116501,0.190624077183,-2.73435903995,-0.00997986327853,
1450287744.55,-1.10285925786,2.03603265423,-0.500056763886,-0.13885459026,0.170364745004,-2.73608027425,-0.00936267569661,
1450287744.56,-1.17588812829,1.99684423883,-0.472058618483,-0.141083656089,0.180368576732,-2.74660242371,-0.00770585660534,
1450287744.58,-1.01284274864,1.96327342885,-0.48694901791,-0.139585627978,0.182687524249,-2.76461471372,-0.00855823460076,
1450287744.58,-1.08065848125,1.92929815129,-0.511247033878,-0.141458163117,0.201751429995,-2.77034017716,-0.00799647405896,
1450287744.59,-1.33318108,1.86777413675,-0.436480450835,-0.14445421934,0.205978865325,-2.80037264474,-0.0126193888109,
1450287744.6,-1.67572018796,2.16002444101,-0.470186083343,-0.140316665696,0.205301756619,-2.79239264899,-0.0127332389474,
1450287744.62,-1.13643006784,1.985609028,-0.501929299025,-0.125746844284,0.191747598267,-2.8016759292,-0.0104577342461,
1450287744.63,-1.33866386289,2.10344391924,-0.440225521114,-0.120129238866,0.186504499876,-2.80256875395,-0.00797699969351,
1450287744.63,-1.32208069169,1.78858837078,-0.548832559195,-0.124212863498,0.187966575313,-2.81604351682,-0.00758451632831,
1450287744.64,-1.28275745377,1.67677555254,-0.481286471649,-0.127244872396,0.188751542044,-2.83888095537,-0.0112157364705,
1450287744.67,-1.42881519463,2.13180159139,-0.471968736796,-0.136215064727,0.181671861189,-2.84284923184,-0.0131916355495,
1450287744.67,-1.23781661042,1.97985660005,-0.486993958754,-0.150071824758,0.217588583189,-2.85310473229,-0.00703174395518,
1450287744.68,-0.877885396082,2.13728437428,-0.500056763886,-0.126459905665,0.180440482081,-2.86976280489,-0.00751860309141,
1450287744.69,-1.03544799285,2.02506708845,-0.432735380557,-0.134360505925,0.181225448812,-2.88226534751,-0.00887581656039,
1450287744.71,-1.41731033874,1.80571083209,-0.545042548073,-0.143705205284,0.202233795047,-2.90083190792,-0.00915744584534,
1450287744.71,-1.60282614006,1.51921295577,-0.528189731819,-0.137713092839,0.207707589766,-2.90659332404,-0.00954094104187,
1450287744.72,-1.21507654369,2.02493226592,-0.470186083343,-0.12082432391,0.169687636297,-2.93227551798,-0.00830506784992,
1450287744.73,-1.03531317032,2.22154845555,-0.473886212779,-0.122019750343,0.173771260929,-2.92593736104,-0.00950349033909,
1450287744.75,-0.945566306158,1.50797774494,-0.479458877353,-0.144846702705,0.201859288019,-2.93806539663,-0.00778974617958,
1450287744.75,-1.13067763989,1.53633541709,-0.436435509992,-0.14668328517,0.190624077183,-2.95644470353,-0.0115542908237,
1450287744.76,-1.08025401366,2.12043155803,-0.473886212779,-0.138105576204,0.204142282861,-2.97272826911,-0.00916643401401,
1450287744.77,-1.11944242905,1.86750449169,-0.546915083212,-0.127583426749,0.204444884539,-2.97256947813,-0.00905408190565,
1450287744.79,-1.05764876946,1.85078649796,-0.468268607361,-0.123874309145,0.211863119747,-2.97132311874,-0.0104951849489,
1450287744.79,-1.33291143494,1.60895981993,-0.531934802098,-0.166568110321,0.187663973635,-2.97839530945,-0.0084069337615,
1450287744.8,-1.17575330576,1.8444947799,-0.383959585248,-0.128760876845,0.201520733666,-2.97984240461,-0.0103828328405,
1450287744.81,-0.871998145604,2.31704774766,-0.496266752764,-0.133593515532,0.189536508774,-2.9693921605,-0.0102899550976,
1450287744.84,-0.79923892023,2.14851958512,-0.427072834296,-0.15536885216,0.187253513932,-2.94736815121,-0.0101955793266,
1450287744.84,-1.33250696735,1.91819776298,-0.533762396394,-0.162448533015,0.1797274207,-2.93279832979,-0.00898816866875,
1450287744.85,-1.2990709799,1.78899283837,-0.531934802098,-0.159131898776,0.2025723494,-2.92122456461,-0.00980309596138,
1450287744.86,-1.27673538076,2.32266535307,-0.522572126401,-0.167335100715,0.175946397747,-2.90605702998,-0.0100278001781,
1450287744.88,-1.11917278399,2.22168327808,-0.413920147477,-0.170385085949,0.187966575313,-2.88239118187,-0.00971920638714,
1450287744.88,-0.91145620606,2.27210690431,-0.398939866362,-0.143010120241,0.200735766935,-2.87212819128,-0.00704972029252,
1450287744.89,-0.815822091424,1.97396934957,-0.533807337237,-0.175235700974,0.203695870484,-2.88123170811,-0.00971770835903,
1450287744.9,-1.05162669645,1.6429350975,-0.479503818197,-0.147522180912,0.205193898595,-2.88741107407,-0.0115063539241,
1450287744.92,-1.16411362734,1.96313860632,-0.50763678613,-0.145293115083,0.180512387431,-2.8864748065,-0.0092038847168,
1450287744.92,-1.25359084644,1.99149627847,-0.51690958014,-0.139675509665,0.174520274985,-2.89381364622,-0.00712462169809,
1450287744.93,-1.05724430187,1.83968610966,-0.503846775008,-0.154281283751,0.190962631536,-2.89055843114,-0.00914845767667,
1450287744.94,-0.927769732193,1.95203821802,-0.410175077198,-0.132934383163,0.194333194787,-2.90332762276,-0.011142333093,
1450287744.96,-1.00093342516,2.50804633187,-0.410175077198,-0.130312833968,0.189090096397,-2.91557100651,-0.00785565941648,
1450287744.96,-1.05122222886,1.78364487801,-0.436345628305,-0.148289171305,0.202910903753,-2.91755888982,-0.0101491404551,
1450287744.97,-0.837888045506,1.95190339549,-0.449453374281,-0.137428467497,0.184596012063,-2.90276586222,-0.00973718272448,
1450287744.98,-1.16919194264,1.77160073199,-0.561895364327,-0.16291292173,0.202982809103,-2.90343548078,-0.0101671167925,
1450287745.0,-1.25359084644,2.10357874177,-0.539380001812,-0.131436355052,0.192122105294,-2.90452304919,-0.0064984459475,
1450287745.0,-0.82651801214,2.0585030759,-0.449543255967,-0.174951075633,0.178978406645,-2.88460227136,-0.0107019128283,
1450287745.01,-1.24770359596,1.81654157534,-0.546915083212,-0.151695687231,0.193281579053,-2.87651441759,-0.0118344220805,
1450287745.02,-1.07917543342,1.82845089882,-0.563767899466,-0.174951075633,0.211221963716,-2.87202033326,-0.0100457765154,
1450287745.05,-1.07917543342,2.18784282304,-0.479458877353,-0.174202061577,0.197365203685,-2.89565022869,-0.00831405601859,
1450287745.05,-0.719648686669,2.07549071468,-0.501974239868,-0.158472766407,0.202644254749,-2.91130012837,-0.00782719688237,
1450287745.06,-1.05081776127,1.9464206126,-0.387794537213,-0.183618666286,0.195046256168,-2.90130378678,-0.008642124175,
1450287745.07,-0.983406496253,2.19359525099,-0.447580839141,-0.201987486989,0.190731935207,-2.91073836783,-0.00893274162862,
1450287745.09,-1.18015750841,1.95217304055,-0.458860990821,-0.205750533605,0.180476434756,-2.90729589922,-0.00827810334392,
1450287745.09,-1.06191814957,2.14317162476,-0.539380001812,-0.200543387889,0.174109815282,-2.91804125487,-0.00673213833289,
1450287745.1,-0.955318469163,2.02520191098,-0.522662008088,-0.207694974093,0.182651571574,-2.89737146299,-0.00614341328509,
1450287745.11,-1.07877096583,1.82845089882,-0.361399281889,-0.2167011191,0.20703048106,-2.88710847239,-0.00803392476175,
1450287745.13,-1.1741354354,1.75528720586,-0.473886212779,-0.203272795108,0.192122105294,-2.88460227136,-0.0105625962139,
1450287745.13,-1.11809420375,1.31149637784,-0.500101704729,-0.211475997047,0.206389325028,-2.88029544054,-0.00861515966899,
1450287745.14,-0.938465652909,2.05863789843,-0.560022829187,-0.173686739907,0.185416931468,-2.8762912114,-0.00820170391023,
1450287745.15,-0.859549531998,1.80611529968,-0.451415791107,-0.214205404266,0.192424706973,-2.88842673713,-0.00903610556831,
1450287745.18,-1.36526884214,1.54181819998,-0.457033396525,-0.211994314773,0.192122105294,-2.89508846814,-0.00830506784992,
1450287745.18,-1.01122487828,2.15413719053,-0.483248888475,-0.217986427219,0.169990237976,-2.90516420522,-0.0109835421132,
1450287745.19,-0.937926362789,2.00219219919,-0.501974239868,-0.211673736757,0.174894782013,-2.89636329007,-0.00803392476175,
1450287745.2,-1.15126054614,1.7384343896,-0.415792682616,-0.224050445014,0.196544284279,-2.89433945409,-0.00769686843667,
1450287745.22,-0.926691151953,1.81721568799,-0.481376353336,-0.24060065959,0.219050658626,-2.89190515841,-0.00871702558057,
1450287745.22,-1.31430592579,2.12618398597,-0.48694901791,-0.222249815224,0.180779036435,-2.88568983977,-0.00813728870144,
1450287745.23,-1.20784106791,1.93505057923,-0.548742677508,-0.221911260871,0.179424819022,-2.87063765331,-0.0115168401209,
1450287745.24,-1.35376398625,2.27210690431,-0.382087050108,-0.229062847075,0.202982809103,-2.86435042933,-0.0104861967802,
1450287745.26,-1.14591258578,2.02493226592,-0.496311693607,-0.245541156301,0.177890838236,-2.84255711636,-0.00793056082206,
1450287745.26,-1.08411892619,2.10933116972,-0.486993958754,-0.250107145985,0.188823447393,-2.84563256807,-0.00863313600633,
1450287745.27,-1.08384928113,1.69911115168,-0.586238321138,-0.233272306068,0.20515794592,-2.82724577103,-0.00746317605128,
1450287745.28,-0.954509533983,1.74405199502,-0.42323788233,-0.220164560093,0.174966687362,-2.81552819515,-0.00664824875865,
1450287745.3,-1.12879012447,1.99684423883,-0.413920147477,-0.23742783605,0.190249570155,-2.79168258367,-0.0104487460774,
1450287745.3,-1.13440772989,1.66527069664,-0.49822916959,-0.24122683534,0.202946856428,-2.78183754292,-0.00876496248014,
1450287745.31,-1.21318902827,1.53620059456,-0.515126926687,-0.251766961133,0.210508902334,-2.76989676084,-0.00444914349103,
1450287745.32,-1.20195381743,2.15427201306,-0.440180580271,-0.247290853135,0.194707701815,-2.74908315826,-0.000302601678514,
1450287745.34,-1.14564294072,1.8782004124,-0.526272255836,-0.24466930394,0.189875063127,-2.71842451493,0.00246875032768,
1450287745.34,-1.01095523322,1.76665723922,-0.443880709706,-0.26535707216,0.192050199945,-2.70543211712,0.00370312549152,
1450287745.35,-1.07274889282,2.23264884386,-0.531934802098,-0.286044840379,0.178265345263,-2.6753067718,0.00731487126825,
1450287745.36,-1.30855349784,2.06439032638,-0.490694088189,-0.305198627812,0.18864368402,-2.65558073763,0.00770735463345,
1450287745.39,-1.29745310954,2.4463874948,-0.516954520983,-0.283102713168,0.190321475504,-2.65933329805,0.00448659419382,
1450287745.39,-1.2018189949,2.01369705509,-0.436390569149,-0.274542980539,0.207512846112,-2.65709374602,0.0064984459475,
1450287745.4,-1.10645452533,1.64855270292,-0.393277320101,-0.257690164285,0.163249111474,-2.67579063488,0.00779873434825,
1450287745.41,-1.2636126545,1.74966960044,-0.481286471649,-0.232259639065,0.187699926309,-2.67946379981,0.00864062614689,
1450287745.43,-1.16236093445,2.14838476259,-0.49635663445,-0.267142721669,0.208974921548,-2.67516445913,0.0104472480493,
1450287745.43,-1.05576125404,2.0585030759,-0.516954520983,-0.230459009275,0.184257457709,-2.69104505514,0.00746017999506,
1450287745.44,-1.05027847115,1.77775762753,-0.479458877353,-0.228604450473,0.193173721029,-2.71138378281,0.00777776195469,
1450287745.45,-1.19633621202,1.63704784702,-0.41570280093,-0.23272402778,0.175643796068,-2.72284219983,0.00277884214675,
1450287745.47,-1.27484786534,1.53606577203,-0.419537752895,-0.23085149264,0.217624535864,-2.74299367399,0.00164483486638,
1450287745.47,-1.45488088377,2.08083867504,-0.51690958014,-0.191153747687,0.198524677443,-2.75579881829,0.00199237738824,
1450287745.48,-1.11768973616,1.95176857296,-0.464478596239,-0.199054347947,0.187556115611,-2.76613371423,0.000410459702539,
1450287745.49,-1.19085342913,2.12056638056,-0.488866493893,-0.221863323972,0.201448828316,-2.77481928122,0.00604604145784,
1450287745.51,-1.19085342913,2.12056638056,-0.488866493893,-0.221863323972,0.201448828316,-2.77481928122,0.00604604145784,
1450287745.51,-1.48296891086,1.79995840414,-0.471968736796,-0.202799418225,0.183918903356,-2.76283505632,0.00214218019938,
1450287745.53,-1.4715988775,1.72719917877,-0.522572126401,-0.195701761033,0.178639852291,-2.7522769542,0.00388438689301,
1450287745.54,-1.09535413702,1.79461044378,-0.455070979699,-0.167185297903,0.195420763196,-2.7459462874,0.00295560946391,
1450287745.56,-0.881615486079,2.30581253682,-0.535679872376,-0.169450316408,0.201448828316,-2.75489850339,0.00143061684644,
1450287745.56,-0.926691151953,2.33390056391,-0.539335060968,-0.186695616027,0.199237738824,-2.74856783659,0.000531799979568,
1450287745.57,-1.36499919708,1.85613445832,-0.543170012933,-0.197127883795,0.178301297938,-2.74197801093,-0.000422443927431,
1450287745.58,-1.24114223283,1.96889103427,-0.425065476626,-0.193775296882,0.184934566416,-2.7466233961,0.00406115421016,
1450287745.6,-1.18510100118,2.06412068132,-0.481421294179,-0.189281212547,0.19467174914,-2.74759561635,0.00342449226279,
1450287745.6,-1.44364567294,1.78337523295,-0.498184228746,-0.189655719575,0.173396753901,-2.77260819172,0.00392932773635,
1450287745.61,-1.29156585906,2.43515228396,-0.440180580271,-0.185518165931,0.204070377511,-2.7698787845,0.00143960501511,
1450287745.62,-0.887367914027,2.57010963652,-0.458905931664,-0.188139715126,0.210436996985,-2.75062762524,0.00175868500285,
1450287745.64,-1.05562643151,2.35102302522,-0.492566623328,-0.207257549885,0.173432706576,-2.74838058308,0.0024312996249,
1450287745.64,-1.20757142285,1.63758713714,-0.526272255836,-0.181042057934,0.182010415542,-2.76455629062,0.00328367762032,
1450287745.65,-1.31978870868,1.98026106764,-0.492566623328,-0.175442428854,0.222082667524,-2.76938892931,0.00356530690527,
1450287745.66,-1.48845169375,1.94588132248,-0.516864639296,-0.185554118606,0.186129992849,-2.76785494853,0.000494349276781,
1450287745.69,-1.16249575698,2.19934767894,-0.43264549887,-0.187372724733,0.195939080922,-2.74853188392,0.00228299484186,
1450287745.69,-0.988484811551,2.1881124681,-0.447535898298,-0.23085149264,0.191337138564,-2.73538818527,0.00221708160496,
1450287745.69,-1.05041329368,2.08151278769,-0.374596909551,-0.192633799461,0.202644254749,-2.74575903388,0.000128830417585,
1450287745.7,-1.25799504908,1.93545504682,-0.503801834164,-0.192651775798,0.195939080922,-2.7705124504,0.00301253453214,
1450287745.73,-1.24114223283,1.80049769426,-0.548697736665,-0.186303132662,0.183508443654,-2.77646861017,0.00279681848409,
1450287745.73,-1.28033064823,1.94682508019,-0.543080131247,-0.184412621185,0.197667805363,-2.76489484498,0.00116846192694,
1450287745.74,-1.10618488027,1.96354307391,-0.438263104288,-0.199410878637,0.190695982532,-2.76017755445,0.00308743593771,
1450287745.75,-1.19606656696,1.98026106764,-0.561850423483,-0.223361352083,0.190588124508,-2.74598224007,0.00105610981858,
1450287745.77,-1.03342565489,1.78364487801,-0.475668866231,-0.206883042857,0.222118620198,-2.7539981885,0.000710065324831,
1450287745.77,-1.42665803415,2.19934767894,-0.425155358313,-0.186267179987,0.205640310972,-2.75965174659,0.0012808140353,
1450287745.78,-1.06699646487,1.81186772763,-0.537552407516,-0.181024081597,0.16924122392,-2.76605431874,0.00279681848409,
1450287745.79,-1.07261407029,1.991631101,-0.413920147477,-0.192651775798,0.171596124111,-2.77260819172,0.00145907938056,
1450287745.81,-1.11193730822,1.84543853761,-0.43264549887,-0.188888729182,0.182759429598,-2.76799875922,0.00237587258477,
1450287745.81,-1.32005835374,1.76679206175,-0.531844920411,-0.187390701071,0.192532564997,-2.75444460087,0.000897318838763,
1450287745.82,-1.36472955202,1.9579254685,-0.533762396394,-0.187070123055,0.195492668545,-2.75568347012,0.00200136555691,
1450287745.83,-1.00506798274,2.26114133854,-0.518737174436,-0.204243517325,0.181261401486,-2.74826523491,0.000456898573995,
1450287745.85,-1.17948339576,2.21633531772,-0.460778466803,-0.19004820294,0.188074433337,-2.75991090545,0.0025631260987,
1450287745.85,-1.41515317826,1.91284980262,-0.447580839141,-0.202424911197,0.207851400465,-2.75661973769,0.0021047294966,
1450287745.86,-1.21305420574,1.66580998676,-0.490694088189,-0.188888729182,0.205265803944,-2.75665569036,0.00459445221784,
1450287745.87,-1.22428941658,1.9238153684,-0.473796331092,-0.19414980391,0.190660029858,-2.76537721003,0.000316083931518,
1450287745.9,-1.33677634746,2.09247835347,-0.520699591262,-0.189299188885,0.20342922148,-2.75444460087,0.00218861907084,
1450287745.9,-1.20168417237,2.06439032638,-0.470096201657,-0.193829225894,0.165460200967,-2.75275931925,0.000952745878887,
1450287745.91,-0.960127139401,2.12618398597,-0.389622131509,-0.206544488504,0.185755485821,-2.74534857418,0.000981208413005,
1450287745.92,-1.38733479623,1.87887452505,-0.445753244845,-0.188532198492,0.193692038755,-2.75968769926,0.00296609566069,
1450287745.94,-1.20743660032,1.71048118505,-0.509374498739,-0.179936513188,0.196688094978,-2.76530530468,0.00209574132793,
1450287745.94,-0.892715874385,1.92956779635,-0.479458877353,-0.188550174829,0.201520733666,-2.75403414117,0.00318181170874,
1450287745.95,-1.2636126545,1.89051420348,-0.539380001812,-0.189299188885,0.201592639015,-2.7420139636,0.00459445221784,
1450287745.96,-1.26923025992,1.96889103427,-0.518737174436,-0.205028484055,0.181189496137,-2.7539981885,0.00311589847183,
1450287745.98,-1.15701297409,1.6881455859,-0.451370850263,-0.196360893402,0.184329363059,-2.75287466741,0.00039098533709,
1450287745.98,-1.10083691991,1.86215653133,-0.57121309918,-0.179544029823,0.194707701815,-2.76912977045,0.00125235150118,
1450287745.99,-1.20168417237,2.27264619443,-0.470051260813,-0.208381070968,0.202269747721,-2.75968769926,0.00267547820706,
1450287746.0,-0.892985519445,2.03095433893,-0.457033396525,-0.215532657173,0.195831222898,-2.7705124504,0.00139316614366,
1450287746.02,-1.15112572361,1.73322125178,-0.42511041747,-0.218474784383,0.195154114192,-2.76564385903,0.00324622691753,
1450287746.02,-1.56696334707,1.64333956509,-0.46073352596,-0.173195386687,0.176428762799,-2.7561298825,0.000364020831084,
1450287746.03,-1.19606656696,1.95203821802,-0.47941393651,-0.199374925962,0.19818612309,-2.75818967115,0.00212270583394,
1450287746.04,-1.37034715744,1.92970261888,-0.515081985844,-0.177671494684,0.190998584211,-2.73422871151,0.00421994518998,
1450287746.07,-1.24662501572,1.94588132248,-0.443835768863,-0.17920547547,0.18684305423,-2.73976692144,0.00221708160496,
1450287746.07,-1.32527149157,2.09823078141,-0.488866493893,-0.203137972578,0.17792679091,-2.75122533846,0.000326570128298,
1450287746.08,-1.30841867531,1.73308642925,-0.533807337237,-0.192687728473,0.205640310972,-2.78287118232,-0.000404467590094,
1450287746.09,-0.859010241878,2.07589518227,-0.447625779985,-0.213980700049,0.216429109431,-2.77021733886,0.0025631260987,
1450287746.11,-1.44912845582,2.18824729063,-0.477586342214,-0.183681583467,0.170847110056,-2.75122533846,0.00413605561574,
1450287746.11,-1.27471304281,1.57579347754,-0.460778466803,-0.179579982498,0.187325419282,-2.76085466316,0.0017122461314,
1450287746.12,-1.28033064823,1.61498189294,-0.4701411425,-0.204618024353,0.211935025097,-2.75628118334,0.00304998523493,
1450287746.13,-1.2862178987,1.77802727259,-0.449363492594,-0.199785385665,0.204855344242,-2.75212565336,0.00275037961264,
1450287746.15,-1.06110921439,1.96367789644,-0.500056763886,-0.16829084265,0.194333194787,-2.73298984226,-0.00140664839666,
1450287746.15,-1.11768973616,2.51941636523,-0.582448310016,-0.200908906749,0.189536508774,-2.73669895986,-0.00209873738415,
1450287746.16,-1.15674332903,1.74405199502,-0.477586342214,-0.1993929023,0.185755485821,-2.74718515664,0.00198338921957,
1450287746.17,-1.30307071496,1.78926248343,-0.391404784962,-0.194880841628,0.184293410384,-2.76725723531,0.00440719870391,
1450287746.19,-1.49955208206,1.85680857097,-0.447580839141,-0.18703417038,0.166245167697,-2.76931702396,0.00393082576447,
1450287746.2,-0.932039112311,2.02533673351,-0.543080131247,-0.217369239637,0.210847456688,-2.76223734311,0.00240433511889,
1450287746.2,-1.13440772989,2.53092122113,-0.507457022756,-0.19752036716,0.178229392589,-2.75661973769,0.00173022246873,
1450287746.22,-1.16263057951,1.84543853761,-0.567468028901,-0.171697358575,0.169277176595,-2.75752005259,0.00140215431232,
1450287746.24,-1.34225913035,1.81748533305,-0.501884358182,-0.21512219747,0.19552862122,-2.75025311822,0.00297508382936,
1450287746.24,-1.30868832037,1.66567516423,-0.45132590942,-0.192633799461,0.204178235535,-2.74403779958,0.00179613570564,
1450287746.25,-1.23565944994,2.10384838683,-0.48694901791,-0.176191442909,0.200735766935,-2.74827272505,0.00219760723951,
1450287746.26,-1.06137885945,2.2384012718,-0.483248888475,-0.179954489525,0.193620133406,-2.74718515664,-1.04861967802e-05,
1450287746.28,-0.949026751095,1.89532287372,-0.483159006788,-0.212126141247,0.182651571574,-2.75280276206,-0.00159390191059,
1450287746.28,-1.03890843778,1.63745231461,-0.440090698584,-0.197876897851,0.17792679091,-2.76302230984,0.00250769905858,
1450287746.29,-1.51092211542,1.9690258568,-0.376379563004,-0.186267179987,0.208261860167,-2.77197452583,0.00189051147666,
1450287746.3,-1.23031148958,1.92408501346,-0.481331412493,-0.196807305779,0.200361259907,-2.76133702821,0.00168378359728,
1450287746.32,-1.40953557284,1.95752100091,-0.546825201525,-0.208773554334,0.190249570155,-2.749655405,0.000317581959629,
1450287746.32,-0.965609922289,2.04205472724,-0.479458877353,-0.179936513188,0.187325419282,-2.74887043827,0.00233842188199,
1450287746.33,-1.24675983825,1.96889103427,-0.468178725674,-0.193739344207,0.195384810521,-2.74100579068,0.00239534695022,
1450287746.34,-1.15139536867,2.23867091686,-0.485031541928,-0.18402013782,0.185755485821,-2.76156772454,0.00291965678923,
1450287746.37,-1.17934857323,2.31143014224,-0.509374498739,-0.19004820294,0.200807672285,-2.73651170635,0.00347991930292,
1450287746.37,-1.46049848919,1.97999142258,-0.50763678613,-0.204653977027,0.1797274207,-2.73463917121,0.00136470360954,
1450287746.37,-1.33664152493,1.67129276965,-0.492566623328,-0.210253606108,0.204070377511,-2.75291811023,0.00229198301053,
1450287746.38,-1.24689466078,2.13166676886,-0.481331412493,-0.175424452516,0.207138339084,-2.75317726909,0.000990196581674,
1450287746.41,-1.35362916372,1.76679206175,-0.51690958014,-0.175067921826,0.185755485821,-2.75186649449,0.0010845723527,
1450287746.41,-1.11768973616,1.89051420348,-0.473841271935,-0.219634258142,0.160289007926,-2.74871913743,0.000241182525945,
1450287746.42,-0.926556329423,2.14878923018,-0.546870142369,-0.206901019194,0.188002527988,-2.74583842937,7.49014055729e-06,
1450287746.43,-1.0671312874,1.69308907867,-0.44191829288,-0.177296987656,0.186540452551,-2.75145603479,0.00345295479691,
1450287746.45,-1.33664152493,1.91846740804,-0.380214514969,-0.18179107199,0.181297354161,-2.75389033047,0.0041450437844,
1450287746.45,-1.60080380211,1.93518540176,-0.539424942655,-0.208024540278,0.203090667127,-2.76538470017,0.00281629284954,
1450287746.46,-1.12303769652,1.6770451976,-0.51690958014,-0.199374925962,0.216126507752,-2.75411353666,0.0023668844161,
1450287746.47,-0.847775031042,2.15440683559,-0.513164509861,-0.191528254715,0.189197954421,-2.74748775832,0.000888330670094,
1450287746.49,-1.4715988775,1.85667374844,-0.524399720697,-0.200159892693,0.215413446371,-2.7442250531,0.00188901344855,
1450287746.49,-1.0445260432,2.06385103626,-0.432690439713,-0.206562464841,0.205301756619,-2.7687912161,0.00253466356459,
1450287746.5,-1.30320553749,2.06452514891,-0.412047612338,-0.202763465551,0.173468659251,-2.75501385155,0.00169277176595,
1450287746.51,-1.48845169375,2.16537240137,-0.466261249691,-0.19192073808,0.181225448812,-2.74643614259,0.0011504855896,
1450287746.53,-1.03342565489,1.76117445634,-0.554405223769,-0.190012250266,0.184898613741,-2.749655405,0.000831405601859,
1450287746.53,-1.30895796544,2.1263188085,-0.511247033878,-0.181773095653,0.188751542044,-2.75404163131,0.00316233734329,
1450287746.54,-1.22469388417,2.01396670015,-0.514947163314,-0.212126141247,0.21751667784,-2.74175480474,0.00150551825202,
1450287746.55,-1.3088231429,1.94026371706,-0.464523537082,-0.209148061362,0.172950341524,-2.75437269552,0.000560262513685,
1450287746.58,-1.33102391952,2.08699557058,-0.440180580271,-0.19192073808,0.192496612322,-2.76388667206,0.000936267569661,
1450287746.58,-1.34252877541,1.99136145594,-0.483248888475,-0.18969167225,0.183882950681,-2.74849593124,0.00224404611096,
1450287746.59,-1.34266359794,1.67691037507,-0.485166364458,-0.205741545436,0.192158057969,-2.74340413369,0.00298407199802,
1450287746.6,-1.44912845582,1.91298462515,-0.481331412493,-0.172410419956,0.193353484402,-2.75186649449,0.0021047294966,
1450287746.62,-0.88188513114,2.05328993807,-0.447625779985,-0.201657920804,0.204142282861,-2.75576286561,0.000476372939444,
1450287746.62,-1.05027847115,2.15988961848,-0.503756893321,-0.20197849882,0.193692038755,-2.75497789888,0.000203731823158,
1450287746.63,-1.32019317627,2.1770120798,-0.479458877353,-0.199018395272,0.177177776855,-2.7479341707,0.00251668722725,
1450287746.64,-1.47186852256,2.29484697104,-0.42323788233,-0.182576038721,0.223955202663,-2.76238864395,0.00284475538366,
1450287746.66,-1.33704599252,1.68225833543,-0.456943514838,-0.188175667801,0.1797274207,-2.75070702073,0.0023009711792,
1450287746.66,-1.42131007379,1.74980442297,-0.511291974722,-0.195629855684,0.195831222898,-2.75126878128,0.00106509798725,
1450287746.67,-1.19098825166,2.09234353094,-0.520654650418,-0.184038114157,0.192907072025,-2.74771096451,-0.00135871149709,
1450287746.68,-0.954779179043,2.26648929889,-0.473931153622,-0.20463600069,0.198935137145,-2.74606163556,0.00568052259865,
1450287746.7,-1.03356047742,1.96889103427,-0.445753244845,-0.201996475157,0.208938968874,-2.74640018991,0.0039488021018,
1450287746.7,-1.11782455869,2.09742184623,-0.477586342214,-0.192295245108,0.188787494718,-2.75441613834,0.00376154858787,
1450287746.71,-1.67423714013,1.90161459179,-0.514992104157,-0.204261493662,0.20342922148,-2.75838441481,-0.00260357285771,
1450287746.72,-1.66861953471,1.83982093219,-0.494394217624,-0.192651775798,0.197775663387,-2.76182688341,0.00116846192694,
1450287746.74,-1.04520015585,1.9072321972,-0.471968736796,-0.17130487521,0.168189608186,-2.74209335909,0.0025631260987,
1450287746.74,-1.14604740831,1.91271498009,-0.466396072221,-0.195291301331,0.179086264669,-2.73722476773,0.000148304783034,
1450287746.75,-1.11207213075,1.73883885719,-0.442008174567,-0.212518624612,0.197062602006,-2.75029656103,0.000672614622045,
1450287746.76,-1.29758793207,2.11440948502,-0.471968736796,-0.194916794303,0.193656086081,-2.76194223157,0.00369713337908,
1450287746.79,-1.30909278797,2.10344391924,-0.52444466154,-0.205795474448,0.195154114192,-2.74467895561,0.00426788208954,
1450287746.79,-1.24141187789,1.89586216384,-0.501929299025,-0.200890930411,0.208636367195,-2.74602568289,0.0036866471823,
1450287746.8,-1.12946423712,2.14851958512,-0.443880709706,-0.19716383647,0.174520274985,-2.75048381455,0.00266649003839,
1450287746.81,-1.18550546877,1.76090481128,-0.472013677639,-0.200534399721,0.1797274207,-2.76524088947,0.000447910405326,
1450287746.83,-0.999854844917,2.13207123645,-0.515037045,-0.211769610557,0.191373091239,-2.7538543778,-0.00143361290267,
1450287746.83,-1.11768973616,2.03643712182,-0.46073352596,-0.230512938287,0.208974921548,-2.73494177289,0.00102764728446,
1450287746.84,-1.08987135413,1.88476177553,-0.464523537082,-0.199446831312,0.193620133406,-2.73741202125,0.00345295479691,
1450287746.85,-1.235929095,1.76103963381,-0.505719310147,-0.173569893714,0.183882950681,-2.75366712428,0.00178714753697,
1450287746.87,-1.46049848919,1.7891276609,-0.544997607229,-0.200944859423,0.193692038755,-2.74183420023,0.000897318838763,
1450287746.87,-1.19647103455,2.1429019797,-0.511247033878,-0.20729350256,0.206691926707,-2.73700156154,0.00106509798725,
1450287746.88,-1.15728261915,2.08124314263,-0.419447871208,-0.194221709259,0.172237280143,-2.74168289939,0.00421994518998,
1450287746.89,-1.13467737495,2.05877272096,-0.464523537082,-0.200552376058,0.183436538304,-2.73977441158,0.00130927656941,
1450287746.91,-1.50009137218,1.91833258551,-0.434562974853,-0.194203732922,0.200699814261,-2.73502116838,0.00262903933561,
1450287746.92,-1.21921110128,1.9238153684,-0.500056763886,-0.213660122033,0.197703758038,-2.73554697625,0.00184257457709,
1450287746.93,-0.983002028663,2.05302029301,-0.51690958014,-0.189709648587,0.188038480663,-2.72259053111,0.000925781372881,
1450287746.94,-1.24154670042,2.01944948303,-0.52631719668,-0.218903220423,0.20155668634,-2.72723591628,0.00138417797499,
1450287746.96,-1.15179983626,1.90174941432,-0.515081985844,-0.198661864581,0.159914500898,-2.7261123952,0.00113101122415,
1450287746.96,-1.31457557085,2.26087169348,-0.509464380426,-0.180328996553,0.19998675288,-2.72843134272,-0.000179763373375,
1450287746.97,-1.20235828502,1.93505057923,-0.455115920542,-0.208042516615,0.192424706973,-2.7298215128,-0.000946753766441,
1450287746.98,-1.39883965212,2.05890754349,-0.402729877484,-0.223058750405,0.18762802096,-2.73135549359,0.00446412377214,
1450287747.0,-1.1238466317,2.01410152268,-0.479458877353,-0.220419224872,0.181225448812,-2.72832348469,0.0044446494067,
1450287747.0,-1.17427025793,1.92970261888,-0.51690958014,-0.189709648587,0.200699814261,-2.72098464497,0.00163734472582,
1450287747.01,-0.994372062029,1.73295160672,-0.507546904443,-0.169111762055,0.188074433337,-2.71772942989,0.00242231145623,
1450287747.02,-1.41020968549,2.00273148931,-0.53558999069,-0.20729350256,0.207923305814,-2.73690119366,0.00300354636347,
1450287747.04,-1.08425374872,2.14317162476,-0.462606061099,-0.218582642408,0.188341082341,-2.7451043956,0.00183208838031,
1450287747.04,-1.41596211344,1.91271498009,-0.443835768863,-0.229835829581,0.183918903356,-2.73218390314,0.00143960501511,
1450287747.05,-1.19687550214,1.93558986935,-0.49635663445,-0.209951004429,0.183846998007,-2.73293291719,0.000840393770528,
1450287747.06,-1.38225648093,2.22154845555,-0.501929299025,-0.201373295463,0.211293869065,-2.74794915098,-1.9474365449e-05,
1450287747.08,-0.944083258327,1.7891276609,-0.522572126401,-0.209594473739,0.202269747721,-2.74240345091,0.000728041662169,
1450287747.08,-1.24154670042,2.32306982066,-0.428900428591,-0.214837572129,0.188377035016,-2.72488101609,0.00553970795617,
1450287747.09,-1.33142838711,2.20456081677,-0.470051260813,-0.214481041438,0.17448432231,-2.73330742422,0.000879342501426,
1450287747.11,-1.10110656497,1.62073432089,-0.423327764017,-0.209986957104,0.172575834496,-2.73955869553,0.00222606977363,
1450287747.13,-1.13481219748,2.02520191098,-0.490694088189,-0.208881412358,0.189126049072,-2.73245055214,0.00177666134019,
1450287747.13,-1.48310373339,1.95752100091,-0.455070979699,-0.208470952655,0.210508902334,-2.72959830662,0.000549776316905,
1450287747.14,-1.12919459206,1.8897052683,-0.47941393651,-0.196879211129,0.203018761777,-2.74847495885,0.00346194296558,
1450287747.15,-0.994237239499,1.69362836879,-0.531844920411,-0.220509106559,0.18497051909,-2.74053840591,0.0013467272722,
1450287747.17,-1.11795938122,2.3960986911,-0.483159006788,-0.226483242667,0.189162001746,-2.72091273963,0.00293763312657,
1450287747.17,-1.06164850451,2.21058288977,-0.442008174567,-0.212626482636,0.173735308254,-2.7218490072,0.00195492668545,
1450287747.18,-1.17975304082,1.884626953,-0.505674369304,-0.205510849107,0.201751429995,-2.72660974053,0.0007190534935,
1450287747.19,-1.3088231429,1.86188688627,-0.518782115279,-0.206295815837,0.207102386409,-2.70953371809,0.00360275760806,
1450287747.21,-1.48323855592,1.86750449169,-0.488776612206,-0.212269951946,0.192122105294,-2.69249364832,0.00272341510663,
1450287747.21,-1.51653972084,1.90709737467,-0.498139287903,-0.223505162782,0.196616189629,-2.68508290326,0.00203881625969,
1450287747.22,-1.06699646487,1.80036287173,-0.438308045131,-0.227642716426,0.207548798786,-2.67639733627,0.00126283769796,
1450287747.23,-1.13481219748,1.99149627847,-0.513164509861,-0.220937542599,0.177480378533,-2.67085912634,0.000531799979568,
1450287747.25,-0.814473866124,2.2499061277,-0.503756893321,-0.232529284125,0.174894782013,-2.68572405929,0.00181411204298,
1450287747.25,-1.2977227546,2.08137796516,-0.385832120387,-0.224290129512,0.179691468026,-2.67932897728,0.00369563535097,
1450287747.26,-1.28086993835,1.98587867306,-0.541342418638,-0.23522273867,0.174858829338,-2.662368303,0.00107408615592,
1450287747.27,-1.58395098586,1.98601349559,-0.571258040023,-0.252414109277,0.200699814261,-2.64057499004,0.0019744010509,
1450287747.29,-1.17961821829,2.12645363103,-0.455026038855,-0.231888128093,0.209313475902,-2.6550729061,0.00282528101821,
1450287747.29,-0.943813613267,2.04767233265,-0.466351131378,-0.239734799341,0.180779036435,-2.65736339108,0.00135571544087,
1450287747.3,-1.23017666705,1.82818125376,-0.513209450704,-0.237523709849,0.170436650353,-2.65579345762,0.00290018242378,
1450287747.31,-1.28648754376,1.41836570331,-0.511336915565,-0.248402389994,0.181261401486,-2.65242289437,0.00216914470539,
1450287747.34,-1.38185201334,2.11508359767,-0.483159006788,-0.239450174,0.184257457709,-2.64729514414,0.00320877621474,
1450287747.34,-1.26963472751,2.24415369975,-0.365189293011,-0.256267037579,0.199237738824,-2.65205587748,0.00188002527988,
1450287747.35,-1.1012413875,2.00286631184,-0.470096201657,-0.23197800978,0.204178235535,-2.64606376504,0.00242380948434,
1450287747.36,-1.28648754376,1.92916332876,-0.509329557896,-0.257426511338,0.202910903753,-2.64149777535,0.00238486075344,
1450287747.38,-1.20797589044,1.94655543513,-0.526227314993,-0.244016163684,0.181635908514,-2.65093984654,0.00406115421016,
1450287747.38,-1.51119176048,1.80063251679,-0.475758747918,-0.269857148606,0.190660029858,-2.65187611411,-0.00134822530031,
1450287747.39,-1.16263057951,2.22743570603,-0.488866493893,-0.270249631972,0.188377035016,-2.64697157007,-0.000545282232571,
1450287747.4,-0.971901640357,2.16591169149,-0.500101704729,-0.25905037381,0.19287111935,-2.63090372055,0.00304099706626,
1450287747.42,-1.32594560422,2.27826379985,-0.468178725674,-0.263598387157,0.205978865325,-2.63899906446,0.00453902517772,
1450287747.42,-1.20235828502,1.60401632716,-0.477541401371,-0.272586555826,0.169579778273,-2.63948891966,0.00182310021164,
1450287747.43,-1.12357698664,1.88422248541,-0.483203947632,-0.242233510231,0.188377035016,-2.64570423829,9.13797147989e-05,
1450287747.44,-1.06164850451,1.95230786308,-0.434518034009,-0.254646171163,0.202946856428,-2.62720958323,0.00117745009561,
1450287747.46,-1.3254063141,2.01958430556,-0.447535898298,-0.257642227386,0.193656086081,-2.65256071296,0.00390236323035,
1450287747.46,-0.904355552811,1.71061600758,-0.453243385403,-0.261387297664,0.197811616062,-2.65885542708,0.00260956497016,
1450287747.47,-1.17386579034,2.32293499813,-0.545042548073,-0.229590152971,0.192050199945,-2.66338546409,0.00219910526762,
1450287747.48,-1.39295240164,2.18262968521,-0.528144790976,-0.238578321639,0.19287111935,-2.67814253902,0.00170175993462,
1450287747.51,-1.1741354354,2.22168327808,-0.428945369435,-0.255467090568,0.179388866347,-2.66892367402,0.00135571544087,
1450287747.51,-1.15728261915,1.94066818465,-0.473796331092,-0.256216104624,0.18497051909,-2.66592761779,0.00455700151505,
1450287747.52,-1.12357698664,1.88476177553,-0.4701411425,-0.244998870125,0.17455622766,-2.66536585725,0.00179613570564,
1450287747.53,-1.22455906164,2.15975479595,-0.471968736796,-0.233353199586,0.196277635276,-2.65395088304,-0.00145308726811,
1450287747.55,-1.33115874205,2.08164761022,-0.438263104288,-0.23224765484,0.204927249591,-2.65952504565,0.000663626453376,
1450287747.55,-1.28086993835,2.06452514891,-0.503801834164,-0.240486809453,0.197775663387,-2.67420272508,0.0023668844161,
1450287747.56,-1.31430592579,2.10398320936,-0.496311693607,-0.222884979144,0.186879006904,-2.66360867028,0.00188901344855,
1450287747.57,-1.1515301912,1.67664073001,-0.383959585248,-0.218783378174,0.195867175573,-2.66311881509,0.00331214015443,
1450287747.59,-1.20208863996,1.67691037507,-0.451370850263,-0.217659857091,0.192907072025,-2.68502747622,0.00353684437115,
1450287747.59,-1.22455906164,2.2384012718,-0.458816049977,-0.230000612673,0.190552171834,-2.66862856248,0.00268446637573,
1450287747.6,-1.16838300746,1.71088565264,-0.526227314993,-0.227379063478,0.175679748743,-2.65462050161,0.000840393770528,
1450287747.61,-1.20222346249,2.18262968521,-0.584320845155,-0.236367232147,0.188377035016,-2.6624057537,0.00181411204298,
1450287747.63,-1.40418761248,2.01396670015,-0.518782115279,-0.219906899258,0.189162001746,-2.66630212482,0.0038828888649,
1450287747.63,-1.39295240164,1.95217304055,-0.466441013065,-0.215038307896,0.19287111935,-2.67420272508,0.00291815876112,
1450287747.64,-1.08987135413,2.06439032638,-0.337146206765,-0.222135965088,0.183544396328,-2.66514265106,0.00275936778131,
1450287747.65,-1.16249575698,1.8458430052,-0.513164509861,-0.218783378174,0.173663402905,-2.66274430806,0.00206727879381,
1450287747.67,-1.16838300746,1.82310293846,-0.524399720697,-0.212416758701,0.193994640434,-2.66742564591,-0.00148154980223,
1450287747.67,-1.09521931449,1.9187370531,-0.528189731819,-0.231142110094,0.206317419679,-2.65821427105,0.00479069390044,
1450287747.68,-1.52790975421,2.26100651601,-0.507591845286,-0.219139908865,0.195564573895,-2.66102307376,0.00278783031542,
1450287747.69,-1.19098825166,2.092613176,-0.436390569149,-0.222528448453,0.186468547202,-2.65690349645,0.00421095702131,
1450287747.71,-1.24127705536,1.95752100091,-0.440135639427,-0.227022532787,0.183436538304,-2.65596722888,0.00153398078613,
1450287747.71,-1.30320553749,1.76117445634,-0.485076482771,-0.225167973985,0.193620133406,-2.67117071618,0.00029810759418,
1450287747.72,-1.03931290537,1.9072321972,-0.447625779985,-0.214271317503,0.180779036435,-2.66046131322,0.00177666134019,
1450287747.74,-1.11207213075,1.9690258568,-0.408257601216,-0.202305068948,0.170436650353,-2.64450881186,0.00242380948434,
1450287747.76,-1.38733479623,2.22757052856,-0.556142936379,-0.23001858901,0.185078377114,-2.63968366331,0.00248822469313,
1450287747.76,-1.12371180917,2.14905887524,-0.597473531974,-0.218016387781,0.226648657207,-2.62286679973,0.00155195712347,
1450287747.77,-1.0560308991,1.95230786308,-0.451415791107,-0.218034364119,0.190624077183,-2.60433619199,0.00349939366837,
1450287747.78,-1.40994004043,2.07068204445,-0.440135639427,-0.218783378174,0.186879006904,-2.59864668122,0.00277884214675,
1450287747.8,-1.12344216411,2.02547155604,-0.355826617315,-0.227753570506,0.189162001746,-2.55648617806,0.000317581959629,
1450287747.8,-1.34279842047,2.10411803189,-0.460688585117,-0.236741739175,0.195010303493,-2.51260444059,0.00124336333251,
1450287747.81,-1.30334036002,1.69362836879,-0.53558999069,-0.221030420342,0.192460659648,-2.47936020074,-0.00052430983901,
1450287747.82,-1.06740093246,2.18289933027,-0.496311693607,-0.221797410735,0.202269747721,-2.45918775419,0.00248822469313,
1450287747.84,-1.20195381743,1.96929550186,-0.464478596239,-0.227753570506,0.191783550941,-2.43923851383,0.00172123430007,
1450287747.84,-1.15714779662,1.86817860434,-0.412137494024,-0.218034364119,0.189875063127,-2.41681902511,0.00374207422242,
1450287747.85,-1.3480115583,2.01971912809,-0.485076482771,-0.221707529048,0.186165945523,-2.40855140796,0.00188002527988,
1450287747.86,-1.10645452533,2.01410152268,-0.548742677508,-0.211311213954,0.188787494718,-2.40245892764,0.00334060268855,
1450287747.88,-1.23031148958,2.04807680024,-0.556277758909,-0.209028219113,0.190321475504,-2.42006824809,-0.00145308726811,
1450287747.88,-1.3932220467,2.10973563731,-0.458860990821,-0.232265631178,0.177854885561,-2.4179799969,0.00308743593771,
1450287747.89,-1.20208863996,2.04794197771,-0.425155358313,-0.236403184821,0.195492668545,-2.44202784217,0.00371510971642,
1450287747.9,-1.23565944994,1.96943032439,-0.481286471649,-0.231516617122,0.205978865325,-2.46165350846,0.00322825058019,
1450287747.92,-1.16838300746,2.09301764359,-0.415792682616,-0.201948538258,0.212345484799,-2.50895674214,0.00184257457709,
1450287747.92,-1.16263057951,2.08178243275,-0.443880709706,-0.203054083004,0.200735766935,-2.54359115207,0.0030589734036,
1450287747.93,-1.30334036002,1.93010708647,-0.558060412361,-0.233014645233,0.198150170415,-2.61859292553,0.00162685852904,
1450287747.95,-1.40445725754,2.34607953246,-0.56180548264,-0.230749626729,0.194815559839,-2.6429283922,0.000624677722478,
1450287747.97,-1.45488088377,2.00902320738,-0.537507466672,-0.239381264707,0.197401156359,-2.68107717609,0.000551274345016,
1450287747.97,-1.02219044406,1.7951497339,-0.528144790976,-0.218372918472,0.186540452551,-2.73679183761,0.0036866471823,
1450287747.98,-1.21907627875,1.82912501147,-0.473841271935,-0.213896810475,0.176090208446,-2.75980903954,0.00308743593771,
1450287747.99,-1.34252877541,2.35731474329,-0.552487747787,-0.224739537946,0.207404988088,-2.79443595934,0.00150551825202,
1450287748.01,-1.3821216584,1.98066553523,-0.434518034009,-0.196705439868,0.193245626378,-2.81842538151,-0.00096622813189,
1450287748.01,-1.38225648093,1.91900669816,-0.515081985844,-0.218408871147,0.187289466607,-2.84818370995,0.00161936838849,
1450287748.02,-1.18550546877,1.99751835148,-0.445843126532,-0.218765401837,0.183472490979,-2.86670682755,0.00285374355233,
1450287748.03,-1.2751175104,2.037246057,-0.427027893452,-0.230000612673,0.167743195809,-2.89230213586,0.00295710749202,
1450287748.05,-1.10672417039,2.32374393331,-0.513074628174,-0.212042251673,0.188679636694,-2.91419581671,0.00359376943939,
1450287748.05,-1.12330734158,2.18892140328,-0.449498315124,-0.23412018998,0.216839569134,-2.93178266673,0.00308743593771,
1450287748.06,-1.39883965212,2.02039324074,-0.477541401371,-0.22700455645,0.224812074743,-2.93236539967,0.00234741005065,
1450287748.07,-1.21345867333,2.27318548455,-0.458816049977,-0.213896810475,0.193281579053,-2.94646633828,0.00239384892211,
1450287748.09,-1.3595164142,1.74499575273,-0.51690958014,-0.223651969537,0.185755485821,-2.9662642778,-0.00141563656533,
1450287748.09,-0.983136851193,1.89694074408,-0.524399720697,-0.2352616874,0.152424360341,-2.96730091326,0.00336906522267,
1450287748.1,-1.08425374872,2.00915802991,-0.501929299025,-0.222867002806,0.193209673703,-2.95691508436,0.00265750186973,
1450287748.11,-1.36513401961,2.00888838485,-0.423282823174,-0.238632250651,0.213469005883,-2.93378852638,-0.00150851430824,
1450287748.14,-1.19098825166,1.93599433694,-0.559977888344,-0.219157885202,0.182313017221,-2.94003230754,0.00146806754923,
1450287748.14,-0.988619634081,1.97531757487,-0.438308045131,-0.252881494047,0.161679178013,-2.92721967311,0.00694485832472,
1450287748.15,-1.0053376278,2.04259401736,-0.440180580271,-0.22441895993,0.201448828316,-2.91260640888,0.00178564950886,
1450287748.16,-1.19633621202,1.97531757487,-0.531844920411,-0.23569012344,0.213094498855,-2.89728757341,0.00235789624743,
1450287748.18,-1.23044631211,1.92435465852,-0.393322260944,-0.240540738465,0.179352913672,-2.86380514709,0.00377952492521,
1450287748.18,-1.15728261915,1.86256099892,-0.421365347191,-0.23231956019,0.19474365449,-2.81797147899,0.00383644999344,
1450287748.19,-1.07261407029,1.69992008686,-0.479458877353,-0.233799611964,0.219799672682,-2.78359622792,0.00343348043146,
1450287748.2,-1.38171719081,1.54249231263,-0.54312507209,-0.234548626019,0.177480378533,-2.75214512772,0.000456898573995,
1450287748.22,-1.02246008912,1.93010708647,-0.563633076936,-0.217339279075,0.178265345263,-2.72979005421,-0.0014905379709,
1450287748.22,-1.08946688654,1.92997226394,-0.45132590942,-0.21996082827,0.203767775833,-2.71290877543,-0.000281629284954,
1450287748.23,-1.38733479623,2.00340560196,-0.52631719668,-0.22966205832,0.194369147462,-2.6962866555,0.0030589734036,
1450287748.24,-0.909703513169,2.17179894197,-0.479503818197,-0.227825475855,0.186807101555,-2.67678382752,0.00433229729834,
1450287748.26,-1.08946688654,2.04807680024,-0.421365347191,-0.215056284233,0.183097983951,-2.63769877606,0.00262903933561,
1450287748.26,-1.34814638083,2.16645098161,-0.501929299025,-0.20380309706,0.184631964737,-2.53638863291,0.00130927656941,
1450287748.27,-1.28086993835,2.57653617712,-0.537507466672,-0.15244170523,0.192907072025,-2.51486945909,0.00100967094712,
1450287748.29,-1.14029498037,2.56530096629,-0.552487747787,-0.164425930122,0.191747598267,-2.49320647457,0.00271292890985,
1450287748.31,-1.24114223283,2.32374393331,-0.537552407516,-0.188768886933,0.19287111935,-2.47771536587,0.00211371766527,
1450287748.31,-1.19085342913,2.31853079549,-0.466306190535,-0.1745016672,0.208564461846,-2.46952714421,0.0024972128618,
1450287748.32,-1.16263057951,2.58831067808,-0.460823407647,-0.179726789253,0.197026649331,-2.48654624159,0.00266649003839,
1450287748.33,-1.02780804948,2.90864900943,-0.531889861254,-0.173752653144,0.200325307233,-2.46985221631,0.00445363757536,
1450287748.35,-0.859414709468,3.20651691911,-0.438263104288,-0.198434164308,0.192496612322,-2.48551709628,0.00204780442836,
1450287748.35,-1.57298542008,3.2461098021,-0.498184228746,-0.224649656259,0.195564573895,-2.50507085721,0.00369563535097,
1450287748.36,-1.43227563957,3.28583750762,-0.531979742941,-0.222438566766,0.21305854618,-2.54447349063,0.000766990393066,
1450287748.37,-1.10083691991,3.48245369725,-0.473841271935,-0.227663688819,0.19208615262,-2.6058926432,0.00245976215901,
1450287748.39,-0.932173934841,3.35378806275,-0.440135639427,-0.21789055342,0.17002619065,-2.68116106566,0.00451955081227,
1450287748.39,-0.960261961931,3.38803298538,-0.447670720828,-0.204051769726,0.186950912254,-2.75762491455,0.00126133966985,
1450287748.4,-0.921343191595,3.55642632539,-0.492611564172,-0.206316788231,0.192424706973,-2.79802074061,0.00177666134019,
1450287748.41,-1.43775842246,3.19757369129,-0.511381856408,-0.232139796816,0.211632423418,-2.83920153339,0.00182310021164,
1450287748.43,-1.11193730822,3.07452566221,-0.49822916959,-0.246050485859,0.182046368217,-2.93627675107,0.00498843361115,
1450287748.43,-1.06686164234,2.97340876469,-0.419582693738,-0.243410960327,0.185380978793,-3.00792893367,0.00113999939282,
1450287748.45,-1.21305420574,3.0297196414,-0.443970591393,-0.210043882172,0.206799784731,-3.07291938526,0.00188901344855,
1450287748.46,-1.18523582371,3.20975265984,-0.462561120256,-0.230339167026,0.193620133406,-3.11173029757,0.00392033956769,
1450287748.48,-1.37609958539,3.13699343446,-0.479503818197,-0.256965118679,0.185791438495,-3.13174395314,0.00295560946391,
1450287748.48,-1.03904326031,3.09205259112,-0.571168158337,-0.268182353178,0.174145767957,-3.15816018085,0.000849381939197,
1450287748.49,-1.25826469414,2.99120533865,-0.531889861254,-0.260710188958,0.190998584211,-3.17540098639,0.00181411204298,
1450287748.5,-1.45461123871,2.89022326366,-0.391449725805,-0.265989240023,0.181671861189,-3.18440263731,0.00149503205523,
1450287748.52,-0.999720022387,2.78375840578,-0.436390569149,-0.264883695276,0.186129992849,-3.2002607629,0.000859868135977,
1450287748.52,-1.40418761248,2.76115316158,-0.46073352596,-0.260389610942,0.199612245852,-3.19997913361,0.00228149681375,
1450287748.53,-1.21894145622,2.71675160835,-0.449543255967,-0.263796126868,0.181938510193,-3.23284137629,0.00538990514503,
1450287748.54,-1.1907186066,2.63221788203,-0.554360282926,-0.248459315062,0.207102386409,-3.22656763456,0.00393981393313,
1450287748.56,-1.29170068159,2.77854526795,-0.466351131378,-0.260818046982,0.190624077183,-3.21917037175,0.00211371766527,
1450287748.56,-1.12330734158,2.58754668374,-0.524399720697,-0.238704156001,0.203731823158,-3.19792383904,0.00145758135245,
1450287748.57,-1.11755491363,2.36270764449,-0.511291974722,-0.23533359275,0.202644254749,-3.16986427449,0.00340501789734,
1450287748.58,-1.39308722417,2.18856187654,-0.535679872376,-0.233497010285,0.190998584211,-3.12724237866,0.00382746182477,
1450287748.6,-1.26923025992,2.25610796408,-0.486993958754,-0.240630620152,0.168009844812,-3.07443688773,0.00201185175369,
1450287748.6,-1.10672417039,1.72216580431,-0.434562974853,-0.218124245805,0.174520274985,-3.0199101625,0.00329266578898,
1450287748.61,-1.1063197028,2.10429779527,-0.507546904443,-0.211008612276,0.194779607164,-2.95138286655,0.000325072100186,
1450287748.62,-1.24675983825,1.99208050944,-0.447670720828,-0.230108470697,0.174822876663,-2.86627689348,0.00493150854292,
1450287748.65,-1.10618488027,2.18842705401,-0.548742677508,-0.230839508415,0.186879006904,-2.82947483686,0.00050333744545,
1450287748.65,-1.20168417237,2.00893332569,-0.464568477925,-0.240594667477,0.208261860167,-2.77017389604,0.000269645060062,
1450287748.66,-0.988349989021,2.35133761113,-0.466351131378,-0.244732221121,0.209759888279,-2.71169387463,0.00308743593771,
1450287748.67,-1.17934857323,2.09319740696,-0.471968736796,-0.231642451483,0.177516331208,-2.67122614322,0.00441618687258,
1450287748.69,-1.3365067024,2.30626194525,-0.526272255836,-0.225257855672,0.197026649331,-2.64113675058,0.00536144261091,
1450287748.69,-1.22401977152,2.14375585572,-0.432600558027,-0.21213213336,0.191783550941,-2.60187193575,0.00425739589276,
1450287748.7,-0.982732383603,2.55384105123,-0.441963233723,-0.229359456641,0.191373091239,-2.58676282422,0.00196391485412,
1450287748.71,-1.21867181116,2.25076000372,-0.417620276912,-0.239096639366,0.185380978793,-2.57558603648,-0.000695085043716,
1450287748.73,-1.3139014582,2.56507626207,-0.427027893452,-0.207281518335,0.210134395307,-2.56841347788,0.00285224552422,
1450287748.73,-1.12879012447,2.68304597585,-0.520699591262,-0.205783490223,0.196990696657,-2.56371116764,0.00471579249487,
1450287748.74,-1.12879012447,2.66098002176,-0.515126926687,-0.226719931109,0.177105871505,-2.55926801626,0.00608199413252,
1450287748.75,-1.44885881076,2.50368707006,-0.569340564041,-0.204267485774,0.196277635276,-2.58148676921,0.00630819637735,
1450287748.77,-1.14016015784,2.37448214545,-0.483159006788,-0.216233734329,0.208564461846,-2.59052587083,0.00208525513115,
1450287748.77,-1.41555764585,2.70605568764,-0.348381417601,-0.225988893391,0.19732925101,-2.59944962429,-0.000320578015852,
1450287748.78,-1.33088909699,2.70619051017,-0.522482244714,-0.218480776496,0.172575834496,-2.6080348234,0.00250620103047,
1450287748.79,-0.752140916406,2.79620701939,-0.492521682485,-0.220727818663,0.175679748743,-2.67080819338,0.00554869612484,
1450287748.82,-1.2133238508,2.84155233032,-0.412002671494,-0.209849138518,0.19474365449,-2.7120758718,0.00152349458935,
1450287748.82,-1.37048197997,2.97048760987,-0.477586342214,-0.237598611254,0.201859288019,-2.76802122965,0.00409710688484,
1450287748.83,-1.1907186066,3.06090858668,-0.496266752764,-0.252186409004,0.208600414521,-2.80995852663,0.00214068217127,
1450287748.84,-1.46036366666,3.22422361139,-0.419537752895,-0.258945511843,0.167102039777,-2.85564089389,0.00347991930292,
1450287748.86,-1.35897712408,3.16256477432,-0.48882155305,-0.24179009391,0.212755944502,-2.87975315437,0.00631718454602,
1450287748.86,-0.71308732354,3.22435843392,-0.569295623197,-0.269111130607,0.187217561258,-2.88506066797,0.00582882738168,
1450287748.87,-0.909568690639,2.87058411512,-0.486904077067,-0.246622732598,0.186576405226,-2.90261156532,0.000970722216225,
1450287748.88,-1.39281757911,2.51640532873,-0.481286471649,-0.227933333879,0.182723476923,-2.91889513089,0.00244028779356,
1450287748.9,-1.1907186066,2.35349477161,-0.537507466672,-0.25637789166,0.179316960998,-2.95876514908,0.00291815876112,
1450287748.9,-1.69095513386,2.20181942532,-0.550660153491,-0.235048967409,0.194261289438,-3.0000972427,-0.000124336333251,
1450287748.91,-1.50543933253,2.52215775668,-0.471968736796,-0.263511501526,0.207512846112,-3.03520652755,0.00479968206911,
1450287748.92,-0.943543968207,2.69095556428,-0.410175077198,-0.257911872446,0.181189496137,-3.08413661975,0.00529702740211,
1450287748.94,-1.09508449196,2.3649996275,-0.513164509861,-0.274782665037,0.197365203685,-3.1581362124,0.00149503205523,
1450287748.94,-1.11207213075,2.1851014316,-0.481331412493,-0.278545711653,0.199237738824,-3.1814125732,0.00238336272533,
1450287748.95,-1.3480115583,2.00533805822,-0.619854071959,-0.277832650272,0.200807672285,-3.19989224798,0.00516520092831,
1450287748.96,-1.13440772989,2.26388272998,-0.42323788233,-0.297342968396,0.189464603425,-3.20908864256,0.0041450437844,
1450287748.99,-1.37596476286,2.74137919051,-0.410175077198,-0.313821277622,0.179014359319,-3.19663553487,0.00526706683989,
1450287748.99,-0.993832771909,2.33664195535,-0.524399720697,-0.330728022887,0.206389325028,-3.20864073215,0.0026275413075,
1450287748.99,-0.909838335699,2.20181942532,-0.5075019636,-0.318833679682,0.164675234236,-3.20439831654,0.00378851309388,
1450287749.0,-1.17359614528,2.39322247712,-0.402684936641,-0.338343997806,0.201110273963,-3.18835892955,0.00356380887716,
1450287749.03,-1.16263057951,2.52229257921,-0.561850423483,-0.387476323806,0.201074321289,-3.14637069962,0.00038049914031,
1450287749.03,-1.15112572361,2.29772318502,-0.544997607229,-0.365434338174,0.19552862122,-3.11015137594,0.000970722216225,
1450287749.04,-1.08933206401,2.55599821171,-0.449543255967,-0.394343284669,0.192532564997,-3.05708672615,0.00191597795455,
1450287749.05,-1.07796203065,2.25826512456,-0.468133784831,-0.398142283959,0.178675804966,-2.9833163318,0.00524010233388,
1450287749.07,-0.954509533983,2.00520323569,-0.483159006788,-0.38398292225,0.200843624959,-2.91643836479,0.00533298007679,
1450287749.07,-1.20743660032,2.2806007237,-0.443880709706,-0.381807785432,0.196616189629,-2.848293066,0.00189800161722,
1450287749.08,-1.13440772989,2.51680979632,-0.468133784831,-0.393809986661,0.195759317549,-2.79962213266,0.00177666134019,
1450287749.09,-1.25224262114,2.47186895297,-0.473706449405,-0.391242366478,0.19021361748,-2.72534091072,0.00250620103047,
1450287749.11,-1.43214081704,2.34279885089,-0.494349276781,-0.394684835078,0.192835166676,-2.63627415133,0.00596964202416,
1450287749.11,-0.971092705177,2.37048241039,-0.55253268863,-0.385732619084,0.175643796068,-2.56540693546,0.00303949903815,
1450287749.12,-1.021920799,2.24702991373,-0.475713807075,-0.376085318046,0.192388754298,-2.48739562353,0.00212270583394,
1450287749.13,-1.20141452731,2.39335729965,-0.421365347191,-0.379153279618,0.217588583189,-2.3227952907,0.00265600384161,
1450287749.15,-1.0837144586,2.82043013395,-0.387659714683,-0.375444162014,0.189803157778,-2.26752104944,0.00428436039877,
1450287749.16,-1.12317251905,2.63504915516,-0.500056763886,-0.364583458206,0.186165945523,-2.20179656408,0.00408811871617,
1450287749.16,-1.291296214,2.28662279671,-0.514992104157,-0.364673339893,0.191480949263,-2.16179771547,0.00603555526106,
1450287749.18,-0.965475099759,2.3765044834,-0.455070979699,-0.351565593918,0.200433165257,-2.15165157107,0.00491203417747,
1450287749.2,-1.15674332903,2.71356080848,-0.550615212647,-0.35987665388,0.217963090217,-2.10262860113,0.00479968206911,
1450287749.2,-1.606286585,2.84303537815,-0.511247033878,-0.36511975227,0.156543937647,-2.08401260579,0.00260057680149,
1450287749.21,-1.4826992658,2.61284837854,-0.421455228878,-0.344557818412,0.182723476923,-2.09988720968,0.00405066801338,
1450287749.22,-1.398300362,2.83755259526,-0.404512530937,-0.331075565409,0.173022246873,-2.10593774523,0.00540788148236,
1450287749.24,-1.13989051278,2.95606159916,-0.56194030517,-0.310888138579,0.189536508774,-2.14666613352,0.00554869612484,
1450287749.24,-0.948757106035,3.07951409583,-0.54312507209,-0.293268331932,0.223206188607,-2.19282487372,0.0080279326493,
1450287749.25,-0.684864473921,3.20912348803,-0.451415791107,-0.287258243149,0.21040104431,-2.25773742784,0.00994690666008,
1450287749.26,-0.987945521431,3.2430987656,-0.507546904443,-0.274917487567,0.182687524249,-2.32998133155,0.0102749748165,
1450287749.28,-0.993428304319,3.67003677736,-0.475668866231,-0.276041008651,0.175269289041,-2.4188114025,0.0106404936757,
1450287749.28,-1.03850397019,3.06935746523,-0.43264549887,-0.274150497174,0.186201898198,-2.50553824199,0.0148978895684,
1450287749.29,-1.34747226818,3.32790213699,-0.387569832996,-0.248309512251,0.20781544779,-2.59765199056,0.0171344455389,
1450287749.3,-1.37007751238,3.48546473375,-0.453243385403,-0.266285849589,0.204106330186,-2.69395722179,0.0206533135727,
1450287749.32,-1.16195646686,3.87361879771,-0.529972385272,-0.304485566431,0.182082320891,-2.85640488822,0.0238441134501,
1450287749.32,-0.802564542638,3.89635886444,-0.466306190535,-0.306376077908,0.205978865325,-2.94823700751,0.0223925242101,
1450287749.33,-1.1113980181,3.76782805248,-0.473796331092,-0.30901560344,0.181635908514,-3.04875469379,0.0223355991418,
1450287749.34,-1.4148835332,3.98170152595,-0.438218163445,-0.293678791635,0.160360913275,-3.13769861488,0.0192271908106,
1450287749.37,-1.33637187987,3.67273322796,-0.477586342214,-0.26965641284,0.198150170415,-3.22667848864,0.0165771790814,
1450287749.37,-0.774476515548,3.61669199631,-0.537417584985,-0.249807540363,0.212006930446,-3.27925178522,0.0143870619824,
1450287749.38,-1.22963737693,3.68450772892,-0.481286471649,-0.252767643911,0.171488266087,-3.35058638586,0.0124770761403,
1450287749.39,-0.836135352616,3.76917627778,-0.516864639296,-0.265911342561,0.175607843394,-3.4417339063,0.011034475069,
1450287749.41,-1.30253142484,4.23570717253,-0.520699591262,-0.296264388155,0.197739710712,-3.45697184825,0.0133848811759,
1450287749.41,-0.869840985123,4.07881868842,-0.426982952609,-0.353207432728,0.172914388849,-3.47887901135,0.0147615690103,
1450287749.42,-1.13386843977,4.00592464051,-0.494484099311,-0.347607803647,0.199273691499,-3.4928061787,0.0128231206341,
1450287749.43,-1.17880928311,3.79299492475,-0.492521682485,-0.349872822152,0.206620021357,-3.49884023593,0.0114659071651,
1450287749.45,-1.0607047468,3.56856035309,-0.40643000692,-0.336069991133,0.181225448812,-3.4776506283,0.0156963385519,
1450287749.45,-1.06618752969,3.56842553056,-0.513119569018,-0.32258773813,0.19208615262,-3.43946439371,0.0140215431232,
1450287749.46,-0.555120259187,3.48443109435,-0.494349276781,-0.308017916718,0.190588124508,-3.3713610397,0.0137309256696,
1450287749.47,-1.26855614727,3.10256874846,-0.445753244845,-0.316257071331,0.188305129666,-3.32827775122,0.0125235150118,
1450287749.49,-1.3581681889,3.09708596557,-0.447580839141,-0.317380592414,0.193584180731,-3.28355262392,0.0102300339731,
1450287749.49,-1.06056992427,2.7485247846,-0.494439158468,-0.283674959907,0.212381437474,-3.20314147096,0.0119992051728,
1450287749.5,-1.11112837304,2.81058808926,-0.511336915565,-0.312529977389,0.208225907493,-3.10839868305,0.0151540523755,
1450287749.51,-0.897659367153,2.54629098955,-0.494394217624,-0.296426175191,0.17448432231,-2.91899999286,0.0130388366821,
1450287749.54,-1.16141717674,2.31583434489,-0.485031541928,-0.31065744225,0.173324848552,-2.84584229201,0.0138342896093,
1450287749.54,-0.942465387967,2.43942166408,-0.485076482771,-0.307661386027,0.194030593108,-2.77006304196,0.0136754986295,
1450287749.55,-0.892041761735,2.56314380581,-0.445753244845,-0.312173446699,0.193548228057,-2.69717199012,0.0100053297564,
1450287749.56,-1.0154942584,2.89458252547,-0.578703239737,-0.338050384296,0.207440940762,-2.65087093725,0.0126643296543,
1450287749.58,-1.18388759841,2.69796633584,-0.44191829288,-0.329062215628,0.201751429995,-2.59416308309,0.0156139470057,
1450287749.58,-1.47600308014,2.65864309791,-0.370806898429,-0.321197568042,0.169277176595,-2.5303395954,0.0138717403121,
1450287749.59,-0.919725321235,2.79908323336,-0.413875206634,-0.331363186807,0.189500556099,-2.49359596188,0.0128800457023,
1450287749.6,-1.20101005972,2.95075857965,-0.53558999069,-0.365835809708,0.196241682601,-2.45752194693,0.0125894282487,
1450287749.62,-1.11634151086,2.54629098955,-0.496266752764,-0.353138523435,0.193173721029,-2.44526508092,0.0140305312919,
1450287749.62,-1.16716960469,2.68124834211,-0.539380001812,-0.349785936521,0.180404529407,-2.45124371111,0.0160528692424,
1450287749.63,-0.936578137489,2.793735273,-0.352126487879,-0.329955040382,0.188269176992,-2.45684783428,0.0140679819947,
1450287749.64,-0.875054122951,2.9173225922,-0.537462525829,-0.330704054438,0.199878894856,-2.47386693165,0.013534683987,
1450287749.66,-1.01495496828,2.92869262556,-0.522482244714,-0.332594565914,0.189839110453,-2.56407369044,0.0157053267205,
1450287749.66,-0.992754191669,2.94554544182,-0.485031541928,-0.336714143221,0.188679636694,-2.61238509703,0.0152574163152,
1450287749.67,-1.02645982418,2.76016446302,-0.528099850132,-0.30791305475,0.168045797487,-2.6747045645,0.0142642236773,
1450287749.68,-1.11634151086,2.71535844221,-0.440045757741,-0.303757524769,0.164408585232,-2.7203944219,0.0142642236773,
1450287749.71,-0.863414444525,3.108725644,-0.451370850263,-0.304560467837,0.204106330186,-2.76263432056,0.0129639352766,
1450287749.71,-0.958913736631,2.83921540647,-0.537462525829,-0.30826958544,0.190249570155,-2.78352731863,0.012607404586,
1450287749.72,-1.20622319755,3.01322635189,-0.481331412493,-0.308287561778,0.190962631536,-2.79296189967,0.0151360760382,
1450287749.73,-1.23444604717,2.86716861103,-0.47954875904,-0.318363298855,0.175089525667,-2.80774743713,0.0110359730971,
1450287749.75,-1.15552992626,2.46845344888,-0.544952666386,-0.314992735605,0.217250028836,-2.83238550548,0.0134118456819,
1450287749.75,-0.942060920377,2.72124569269,-0.481286471649,-0.311658125029,0.20522985127,-2.83746981289,0.0165577047159,
1450287749.76,-1.03742538995,2.62012879517,-0.406474947763,-0.353282334134,0.175982350422,-2.84903608794,0.016652080487,
1450287749.77,-0.857931661637,2.34473130716,-0.473841271935,-0.381406313898,0.187253513932,-2.85760630677,0.0149383363275,
1450287749.79,-0.913838070757,2.5469651022,-0.509419439582,-0.363840436263,0.197293298335,-2.87145557666,0.0150881391386,
1450287749.79,-1.00371975744,2.61410672216,-0.455115920542,-0.37923117708,0.203731823158,-2.88040030251,0.0120741065784,
1450287749.8,-1.09373626666,2.59752355096,-0.393322260944,-0.387862815058,0.193173721029,-2.88713393887,0.0120546322129,
1450287749.81,-1.16074306409,2.51325946969,-0.490739029032,-0.399133978569,0.159914500898,-2.89491919097,0.0126718197948,
1450287749.83,-1.11593704327,2.51312464716,-0.445663363159,-0.413044667612,0.192158057969,-2.88873233487,0.0167824089327,
1450287749.84,-0.688999031508,2.65918238803,-0.554360282926,-0.459609373429,0.191409043913,-2.84607448637,0.0158551295317,
1450287749.85,-1.00920254033,2.54107785172,-0.513164509861,-0.481046155704,0.201038368614,-2.83996702576,0.014610268171,
1450287749.85,-1.18923555877,2.43434334878,-0.45132590942,-0.494600314056,0.19021361748,-2.83891541002,0.0150417002671,
1450287749.88,-1.27336481751,2.78290452976,-0.423327764017,-0.498809773049,0.175197383691,-2.81371558113,0.0153967329296,
1450287749.88,-1.00920254033,2.77715210181,-0.470096201657,-0.542003915615,0.201146226638,-2.75698525655,0.0138327915812,
1450287749.89,-1.09935387208,2.47955383719,-0.49635663445,-0.561924693441,0.198416819419,-2.70613918639,0.0154716343351,
1450287749.9,-1.35187647083,2.65931721056,-0.438173222601,-0.519302797614,0.18418555236,-2.67772009509,0.0153128433553,
1450287749.92,-0.925208104123,2.69850562596,-0.471968736796,-0.49540625318,0.181117590788,-2.64263927277,0.0122328975582,
1450287749.92,-1.36297685913,2.45708341551,-0.462651001943,-0.484973985412,0.197667805363,-2.61853450243,0.0165666928846,
1450287749.93,-1.04866060079,2.66493481598,-0.514992104157,-0.485063867099,0.190249570155,-2.59072061449,0.014394552123,
1450287749.94,-1.25651200125,2.63657714383,-0.509419439582,-0.503076157111,0.201182179313,-2.5474081277,0.0151255898414,
1450287749.96,-1.13292468206,2.56930070134,-0.492521682485,-0.459294787525,0.195795270224,-2.50038652331,0.0143765757857,
1450287749.96,-1.29570041665,2.81072291179,-0.391404784962,-0.448862519757,0.206389325028,-2.4319895558,0.0145728174683,
1450287749.97,-1.0934666216,2.524359858,-0.488776612206,-0.477040428534,0.193548228057,-2.36059653206,0.0138897166494,
1450287749.98,-1.34652851047,2.90087424353,-0.501839417338,-0.472171837171,0.192460659648,-2.29415149518,0.0155090850379,
1450287750.01,-1.16689995963,2.6364423213,-0.559977888344,-0.431422476483,0.183508443654,-2.17174761819,0.0154341836323,
1450287750.01,-1.23417640211,2.70425805391,-0.524354779854,-0.391314271827,0.184667917412,-2.11115088305,0.0172872444062,
1450287750.02,-1.16689995963,2.80537495143,-0.363316757872,-0.38683816383,0.187966575313,-2.06444686062,0.0258334947821,
1450287750.03,-1.04866060079,2.80002699107,-0.48694901791,-0.379348023273,0.162500097418,-2.04518970925,0.0428975329997,
1450287750.05,-0.818743246242,2.97390311397,-0.513164509861,-0.356539047248,0.183846998007,-2.02252604195,0.0674427236059,
1450287750.05,-1.55999751635,2.92923191568,-0.477496460527,-0.356146563883,0.222154572873,-2.03408632489,0.0553461466059,
1450287750.06,-1.14415989289,2.98540796986,-0.492521682485,-0.366632760663,0.242983155735,-2.05639196347,0.0368634757668,
1450287750.07,-1.26239925173,2.60916322939,-0.51690958014,-0.350528958465,0.197365203685,-2.0876423279,0.0304773819276,
1450287750.09,-1.08250105583,3.29451109038,-0.563678017779,-0.360230188515,0.174520274985,-2.15277808821,0.0293823233781,
1450287750.09,-0.852044411159,3.19887697575,-0.456988455681,-0.341504837121,0.168420304515,-2.23603399657,0.0334449756164,
1450287750.1,-0.924803636533,3.00841768166,-0.438218163445,-0.361728216626,0.189911015802,-2.31561673999,0.0329296539461,
1450287750.11,-0.857662016577,3.16571063336,-0.39514985524,-0.341879344149,0.198488724768,-2.4057500954,0.0316083931518,
1450287750.13,-0.880132438249,3.43576016101,-0.447625779985,-0.365098779877,0.206727879381,-2.49723017808,0.0355317287757,
1450287750.13,-1.26212960667,3.50865420891,-0.520654650418,-0.357983146347,0.189500556099,-2.58027636249,0.0365593760601,
1450287750.14,-1.59370314886,3.51454145939,-0.550570271804,-0.385696666409,0.186129992849,-2.67114375168,0.0393217398977,
1450287750.15,-0.975631730355,3.49207103772,-0.558150294048,-0.378634961892,0.188751542044,-2.75354878006,0.0411553263061,
1450287750.17,-0.947408880735,3.59359240283,-0.453153503716,-0.375620929332,0.170703299357,-2.83058787175,0.0417350631852,
1450287750.17,-0.599252167351,3.37998857442,-0.556187877222,-0.34826393996,0.201074321289,-2.90879392734,0.0382146971233,
1450287750.18,-1.0205725737,3.28489374991,-0.423327764017,-0.333996720227,0.199540340502,-2.97594453546,0.0348531220412,
1450287750.19,-1.19458351913,3.45355673498,-0.445708304002,-0.324241561165,0.181225448812,-3.03916281979,0.032700455645,
1450287750.21,-1.26199478414,3.17281128661,-0.511247033878,-0.309617810741,0.176356857449,-3.10638533327,0.0295081577395,
1450287750.21,-1.18896591371,3.13335322615,-0.466351131378,-0.34482147136,0.176695411803,-3.16783894048,0.0298257396991,
1450287750.22,-0.7673758623,3.55534774515,-0.451280968577,-0.360925273558,0.198488724768,-3.19963458715,0.0314271317503,
1450287750.23,-1.08196176571,3.83663248364,-0.500101704729,-0.373373887164,0.171452313413,-3.20039558543,0.0312863171078,
1450287750.26,-0.750657868576,3.6178155174,-0.518827056122,-0.398073374666,0.170292839654,-3.18516213756,0.0332996668896,
1450287750.26,-1.01468532322,3.56150464069,-0.518827056122,-0.398429905357,0.182313017221,-3.15585621362,0.0304354371405,
1450287750.27,-1.16636066951,3.39859408357,-0.488776612206,-0.355754080517,0.187930622639,-3.09266489379,0.0313147796419,
1450287750.28,-1.26172513908,3.19087750563,-0.395104914397,-0.350831560143,0.188377035016,-3.02621835888,0.0340861316481,
1450287750.3,-1.36311168166,3.19676475611,-0.500056763886,-0.314914838143,0.190926678862,-2.9425879435,0.0319424534206,
1450287750.3,-0.700099419814,3.20813478947,-0.520609709575,-0.355005066462,0.184257457709,-2.88079428391,0.0312024275336,
1450287750.31,-0.660506536828,3.5509435425,-0.507591845286,-0.375210469629,0.205568405623,-2.80440234036,0.0313717047101,
1450287750.32,-0.913568425697,3.24732320487,-0.526272255836,-0.392830276276,0.18152805049,-2.74572757529,0.0319229790552,
1450287750.34,-1.08169212065,3.22525725079,-0.503801834164,-0.399571402778,0.175535938044,-2.68600119449,0.0320922562318,
1450287750.34,-0.930286419421,2.77557917229,-0.475758747918,-0.378224502189,0.183062031276,-2.63613483471,0.0323154624204,
1450287750.35,-1.00893289527,2.87696571487,-0.39514985524,-0.377100981106,0.18418555236,-2.60487847817,0.0337865260258,
1450287750.36,-1.30693562748,3.05672908825,-0.404512530937,-0.325775541951,0.205460547599,-2.57586916379,0.0325881035367,
1450287750.38,-0.992080079018,3.01754067285,-0.492566623328,-0.359873657824,0.164264774534,-2.55285196186,0.0329715987332,
1450287750.38,-0.896445964383,3.01754067285,-0.50562942846,-0.347122442539,0.200253401883,-2.52624099049,0.0312593526018,
1450287750.39,-1.4246356962,2.84887768779,-0.573085634319,-0.393597266669,0.196846885958,-2.51207563666,0.0325506528339,
1450287750.41,-1.1211501811,2.77598363988,-0.490783969876,-0.350154451437,0.168081750162,-2.52287192526,0.0321012444004,
1450287750.43,-1.09306215401,2.70816790728,-0.432690439713,-0.347889432932,0.183775092657,-2.54033743501,0.0310810872565,
1450287750.43,-0.918781563525,3.08495193787,-0.520654650418,-0.368861826493,0.208492556496,-2.53978316461,0.0301163571527,
1450287750.44,-0.901793924741,3.19743886876,-0.410175077198,-0.375210469629,0.178157487239,-2.54687033561,0.034152044885,
1450287750.45,-1.0593565215,2.68596713066,-0.483203947632,-0.36140763861,0.188233224317,-2.5396543342,0.0332067891467,
1450287750.47,-1.17157380733,2.76474842905,-0.442008174567,-0.35127797252,0.180814989109,-2.53460597946,0.0323349367858,
1450287750.47,-1.2784431328,2.98383504035,-0.451370850263,-0.359124643768,0.192835166676,-2.52921907037,0.0312398782363,
1450287750.48,-1.08196176571,2.65239632069,-0.451280968577,-0.369218357183,0.200217449209,-2.53312293163,0.0335243711063,
1450287750.49,-1.03113367188,2.8042064895,-0.496266752764,-0.351580574199,0.185273120769,-2.53619838334,0.0322600353802,
1450287750.51,-0.885075931017,2.87148293199,-0.528099850132,-0.316002406552,0.187145655908,-2.53991499109,0.0332337536527,
1450287750.51,-1.18307866323,3.03439348911,-0.537417584985,-0.368112812437,0.204783438893,-2.53916597703,0.0330000612673,
1450287750.52,-1.38517763575,3.02315827827,-0.490694088189,-0.383075117214,0.184898613741,-2.54370350418,0.0305283148834,
1450287750.53,-0.952622018563,3.12440999833,-0.48694901791,-0.389477689363,0.185237168094,-2.5602612089,0.0320637936976,
1450287750.55,-1.38517763575,3.09645679377,-0.383959585248,-0.388728675307,0.179316960998,-2.57239673463,0.0328682347935,
1450287750.55,-1.13827264242,2.87737018247,-0.516954520983,-0.35350703835,0.19388678241,-2.58584303496,0.0342823733307,
1450287750.57,-1.18842662359,2.69158473608,-0.494484099311,-0.352365540929,0.185719533146,-2.5914246877,0.0317357255412,
1450287750.58,-1.01441567816,2.84366454996,-0.526272255836,-0.320924926926,0.1762849521,-2.59195049557,0.0337955141945,
1450287750.6,-0.991810433958,3.01781031791,-0.503801834164,-0.368843850155,0.171754915091,-2.60232134418,0.0325311784684,
1450287750.6,-1.0367512773,2.95053387543,-0.430772963731,-0.375959483685,0.181564003165,-2.62542543174,0.0327468945165,
1450287750.61,-1.21130151285,2.87161775452,-0.421365347191,-0.36586577027,0.193137768354,-2.63059662479,0.0343947254391,
1450287750.62,-1.23911989488,2.82654208864,-0.513074628174,-0.370359854604,0.191978294596,-2.62014638068,0.0298631904019,
1450287750.64,-1.15472099108,2.64718318286,-0.470096201657,-0.391350224502,0.174448369635,-2.5998870485,0.0323633993199,
1450287750.64,-1.21651465068,2.96711704662,-0.496266752764,-0.38123853475,0.198380866744,-2.58955215256,0.032484739597,
1450287750.65,-0.924668814003,2.54017903486,-0.509374498739,-0.352383517267,0.191603787568,-2.58112574443,0.0329910730986,
1450287750.66,-1.07607451523,2.64102628732,-0.518782115279,-0.348977001341,0.186735196206,-2.56865915449,0.03007890645,
1450287750.68,-1.35708960866,2.60745547734,-0.48694901791,-0.351259996183,0.191639740243,-2.566714714,0.0319514415893,
1450287750.68,-1.1211501811,2.54566181774,-0.505719310147,-0.375228445966,0.174786923989,-2.5697467229,0.0350688380892,
1450287750.69,-0.868223114763,3.03425866658,-0.44205311541,-0.352401493604,0.210811504013,-2.56502943238,0.0335423474437,
1450287750.7,-0.980440400592,2.95561219073,-0.410175077198,-0.386874116505,0.192727308651,-2.57128819383,0.0315110213245,
1450287750.73,-1.13252021447,2.92231102581,-0.500056763886,-0.342646334542,0.177444425858,-2.57181400169,0.0344037136077,
1450287750.73,-1.25022028318,3.09056954329,-0.428855487748,-0.358001122685,0.183775092657,-2.57926818957,0.0321012444004,
1450287750.74,-1.35708960866,2.77611846241,-0.451370850263,-0.349405437381,0.182687524249,-2.56833558042,0.0310990635939,
1450287750.75,-1.16595620192,2.94464662495,-0.49635663445,-0.355005066462,0.209687982929,-2.54938702284,0.0316323616015,
1450287750.77,-1.06497412692,2.77611846241,-0.548697736665,-0.325401034923,0.166101356998,-2.54126321639,0.0318390894809,
1450287750.77,-1.21116669032,2.81009373998,-0.483203947632,-0.338152250208,0.18497051909,-2.54456187429,0.0325506528339,
1450287750.78,-1.20541426237,2.95601665832,-0.554315342083,-0.347496949567,0.193173721029,-2.54602394973,0.0322135965088,
1450287750.79,-0.980844868182,3.00657510708,-0.5075019636,-0.347086489865,0.1762849521,-2.53018679653,0.0321671576373,
1450287750.81,-1.14937303072,3.36623667636,-0.445753244845,-0.341130330093,0.182579666224,-2.52880411658,0.0331124133757,
1450287750.81,-1.30653115989,3.16962048673,-0.417665217756,-0.390565257772,0.191265233215,-2.50806241935,0.0326540167736,
1450287750.82,-1.12128500363,2.93368105917,-0.496311693607,-0.379704553963,0.196508331605,-2.49241251967,0.0322135965088,
1450287750.83,-1.36297685913,2.96176908626,-0.526227314993,-0.388674746295,0.186807101555,-2.48215701922,0.0313896810475,
1450287750.85,-1.30666598242,2.95053387543,-0.535634931533,-0.379348023273,0.194974350819,-2.46972638195,0.0325970917053,
1450287750.85,-0.829034699367,2.87188739958,-0.464433655395,-0.346373428484,0.193137768354,-2.46441886835,0.032606079874,
1450287750.86,-0.727648156784,2.9112106375,-0.458816049977,-0.336974800112,0.205121993246,-2.44876896867,0.0317926506095,
1450287750.87,-0.963857229398,3.06850358921,-0.524399720697,-0.362066770979,0.200699814261,-2.42889163366,0.0313612185134,
1450287750.89,-1.54808819287,2.77077050205,-0.494439158468,-0.368487319465,0.172165374794,-2.42953278969,0.0286842422782,
1450287750.89,-1.07072655487,2.9277938087,-0.41583762346,-0.370698408957,0.200325307233,-2.43306214392,0.0331124133757,
1450287750.9,-1.03715574489,3.19236055346,-0.503891715851,-0.379294094261,0.175233336366,-2.44568752485,0.034581978953,
1450287750.91,-1.13252021447,2.81009373998,-0.537597348359,-0.369218357183,0.197185440311,-2.45067146437,0.0339078663028,
1450287750.94,-1.19404422901,2.96190390879,-0.552487747787,-0.35272207162,0.192835166676,-2.44475874742,0.0340022420739,
1450287750.94,-0.991945256488,3.24867143017,-0.460778466803,-0.342253851177,0.176998013481,-2.45670701964,0.0313057914732,
1450287750.95,-1.18869626865,3.2879946681,-0.464433655395,-0.338098321196,0.178121534565,-2.46944025858,0.0328592466248,
1450287750.96,-1.18307866323,3.32731790602,-0.449498315124,-0.347122442539,0.173288895877,-2.48838881617,0.0316428477983,
1450287750.98,-1.04812131067,3.22633583103,-0.477586342214,-0.386089149775,0.209687982929,-2.50258413055,0.0312593526018,
1450287750.98,-1.01989846105,3.09699608389,-0.485076482771,-0.378188549515,0.20781544779,-2.51894709161,0.0331498640785,
1450287750.99,-0.946869590615,3.31635234025,-0.496311693607,-0.35875013674,0.17549998537,-2.52875617968,0.0308279205057,
1450287751.0,-0.941251985197,3.13124100651,-0.430772963731,-0.375959483685,0.174448369635,-2.53384797724,0.0320637936976,
1450287751.02,-1.03688609983,3.45706212076,-0.501929299025,-0.372945451125,0.182651571574,-2.52167649883,0.0310346483851,
1450287751.02,-0.935769202309,3.2829163528,-0.514992104157,-0.365152708889,0.201002415939,-2.51006678097,0.0318390894809,
1450287751.03,-1.03126849441,3.20988748237,-0.434473093166,-0.360248164852,0.175766634374,-2.50336160714,0.034460638676,
1450287751.04,-1.13800299736,3.13712825699,-0.522527185558,-0.350867512818,0.172201327468,-2.50463642906,0.0335708099778,
1450287751.06,-1.05360409356,3.08656980823,-0.494484099311,-0.350885489155,0.181117590788,-2.4984570631,0.0323169604485,
1450287751.06,-1.21651465068,2.86748319693,-0.462606061099,-0.358001122685,0.19467174914,-2.49636132177,0.0281134935677,
1450287751.07,-0.913433603167,2.94051206736,-0.434518034009,-0.372945451125,0.21485917597,-2.51478407149,0.032484739597,
1450287751.09,-0.912894313047,2.7829494706,-0.505674369304,-0.35049300579,0.178531994267,-2.51362459773,0.0337206127889,
1450287751.11,-1.08744454859,2.94064688989,-0.528234672662,-0.352365540929,0.184596012063,-2.4988675228,0.0328592466248,
1450287751.11,-1.30626151483,3.1090402299,-0.518827056122,-0.362084747317,0.164711186911,-2.50429787471,0.0315110213245,
1450287751.12,-1.31776637073,2.94626449531,-0.460778466803,-0.334014696564,0.185237168094,-2.50897921256,0.0288714957921,
1450287751.13,-1.23336746693,3.12041026327,-0.413875206634,-0.390975717474,0.181564003165,-2.50467238174,0.030051941944,
1450287751.15,-0.851235475979,3.12602786869,-0.473841271935,-0.371857882716,0.178798643271,-2.50036555092,0.0328412702875,
1450287751.15,-0.806429455165,3.12616269122,-0.49635663445,-0.348620470651,0.166886323729,-2.512572982,0.0330465001388,
1450287751.16,-1.1377333523,3.18809117334,-0.537552407516,-0.362066770979,0.191675692917,-2.5264656947,0.0341415586882,
1450287751.17,-1.09279250895,3.27797286003,-0.453198444559,-0.356074658533,0.212986640831,-2.53586432307,0.0320263429949,
1450287751.19,-1.13759852977,3.32291370337,-0.498184228746,-0.351224043508,0.209241570552,-2.53024671766,0.0332052911186,
1450287751.19,-1.10429736485,3.10369226954,-0.412002671494,-0.369200380846,0.187930622639,-2.53384048709,0.0329805869019,
1450287751.2,-1.16595620192,3.08162631546,-0.421455228878,-0.3501364751,0.190141712131,-2.54293651379,0.0326824793077,
1450287751.21,-1.10402771979,3.05915589379,-0.457033396525,-0.372927474787,0.178121534565,-2.54671753674,0.029648972382,
1450287751.23,-0.901524279681,2.99160980624,-0.575003110302,-0.327986631444,0.189803157778,-2.54057412346,0.0296684467474,
1450287751.23,-0.839865442613,3.15479000843,-0.559977888344,-0.364706296512,0.190926678862,-2.55075771856,0.030415962775,
1450287751.24,-1.12663296399,3.31756574302,-0.513119569018,-0.353471085676,0.167671290459,-2.55910473119,0.0334030308293,
1450287751.25,-1.51959569819,3.21644884549,-0.483114065945,-0.357626615657,0.204783438893,-2.55086557658,0.0319709159547,
1450287751.27,-0.991675611428,3.26714211679,-0.346508882461,-0.373712441518,0.207404988088,-2.57516509058,0.0320637936976,
1450287751.27,-1.02551606647,3.53705682191,-0.415657860086,-0.366953338679,0.19208615262,-2.58909375596,0.0333745682952,
1450287751.28,-1.06470448186,3.66639656905,-0.449543255967,-0.326845134023,0.165388295617,-2.58073925318,0.0331124133757,
1450287751.29,-1.08730972606,3.39675150899,-0.574913228615,-0.332855222806,0.165906613344,-2.57399812668,0.0316233734329,
1450287751.31,-1.07005244222,3.3183746782,-0.470096201657,-0.348174058274,0.207779495115,-2.58335331223,0.0315679463928,
1450287751.31,-1.18815697853,3.19492218153,-0.490649147346,-0.326416697983,0.177818932886,-2.57043281977,0.0293583549284,
1450287751.32,-1.19952701189,3.17245175986,-0.503891715851,-0.309243303713,0.179316960998,-2.56956845755,0.0302302072892,
1450287751.33,-1.21076222273,3.18382179323,-0.520564768732,-0.322297120676,0.180440482081,-2.57922624479,0.0341984837565,
1450287751.36,-1.06456965933,3.47018484701,-0.451415791107,-0.361281804249,0.190926678862,-2.59177223022,0.0338614274314,
1450287751.36,-1.20500979478,3.36398963419,-0.505584487617,-0.338418899212,0.208189954818,-2.58660103718,0.0314271317503,
1450287751.37,-0.952217550972,3.26246826908,-0.428855487748,-0.331267313008,0.175197383691,-2.59375262338,0.0304624016465,
1450287751.38,-0.952487196033,3.41441326042,-0.535634931533,-0.327896749757,0.217588583189,-2.59213924711,0.0310526247224,
1450287751.4,-1.16582137939,3.61691670053,-0.541252536951,-0.345480603729,0.197667805363,-2.57659720545,0.0318870263805,
1450287751.4,-0.952217550972,3.54937061298,-0.432600558027,-0.352970744286,0.157559600707,-2.56933027108,0.0339078663028,
1450287751.41,-0.884806285957,3.21820153838,-0.365189293011,-0.374335621212,0.168830764218,-2.56966882544,0.0341415586882,
1450287751.42,-1.14896856313,3.56676271936,-0.537507466672,-0.355628246156,0.181866604843,-2.55862086811,0.0318301013123,
1450287751.44,-1.43533161692,3.60046835187,-0.513209450704,-0.361245851574,0.212612133803,-2.56614696135,0.0317551999067,
1450287751.44,-1.43560126198,3.76364855405,-0.530017326115,-0.339524443958,0.196169777252,-2.56839400351,0.0311934393649,
1450287751.45,-1.25008546065,3.561414759,-0.475713807075,-0.372124531719,0.164747139586,-2.57423481512,0.0306691295259,
1450287751.46,-0.974822795174,3.53346155444,-0.552442806943,-0.348887119655,0.193137768354,-2.56217868488,0.0336367232147,
1450287751.49,-1.10951050268,3.3031397323,-0.438263104288,-0.349618157373,0.1991298808,-2.554724497,0.0340396927767,
1450287751.49,-0.969474834816,3.39315624152,-0.548742677508,-0.344375058983,0.192460659648,-2.56524664645,0.0324952257937,
1450287751.5,-1.30077873195,3.47768996785,-0.445753244845,-0.355628246156,0.185683580471,-2.54214255889,0.0319888922921,
1450287751.51,-1.64920509039,3.53948362745,-0.45132590942,-0.345855110757,0.195831222898,-2.54603893001,0.0315110213245,
1450287751.53,-1.30064390942,3.72499942877,-0.41570280093,-0.364990921853,0.16838435184,-2.55278005651,0.0307350427628,
1450287751.53,-1.06497412692,3.70828143505,-0.438308045131,-0.358249795351,0.182277064546,-2.566075056,0.0328412702875,
1450287751.54,-1.14362060277,3.29819623954,-0.535634931533,-0.365721959571,0.204480837214,-2.58172495568,0.0338524392627,
1450287751.55,-1.08196176571,3.50056485711,-0.544997607229,-0.333852909528,0.18942865075,-2.57000737979,0.0322510472116,
1450287751.57,-0.991675611428,3.6356570322,-0.52444466154,-0.358249795351,0.202233795047,-2.56464893324,0.0301073689841,
1450287751.57,-0.694077346806,3.59646861681,-0.52631719668,-0.36645299729,0.188305129666,-2.56842995619,0.0318480776496,
1450287751.58,-1.12663296399,3.55152777346,-0.43264549887,-0.340647965042,0.193512275382,-2.56577245432,0.0324293125568,
1450287751.59,-1.35695478613,3.25392950884,-0.441963233723,-0.373604583494,0.165834707995,-2.56019080158,0.0309507588108,
1450287751.61,-1.16060824156,3.42245767138,-0.503846775008,-0.377706184463,0.182615618899,-2.56655742105,0.0319424534206,
1450287751.61,-1.00852842768,3.59673826187,-0.455160861385,-0.356395236549,0.205121993246,-2.55899537514,0.0299860287071,
1450287751.62,-0.912894313047,3.47890337062,-0.434518034009,-0.35150866885,0.188341082341,-2.55596336624,0.0295920473137,
1450287751.63,-0.817799488531,3.38326925599,-0.503846775008,-0.347389091543,0.202500444051,-2.55562481189,0.0322899959425,
1450287751.66,-1.25570306607,3.3274976694,-0.481376353336,-0.358998809407,0.191265233215,-2.55959308836,0.0306886038913,
1450287751.66,-0.974822795174,3.34435048565,-0.556322699752,-0.356733790902,0.183026078602,-2.56232998572,0.0318495756777,
