1450287796.47,-2.492,-11.164,0.68,-14.992,1.088,-1.86,0.184,
1450287796.48,-2.088,-11.132,0.78,-14.992,1.072,-1.84,0.204,
1450287796.5,-1.868,-11.164,0.876,-15.052,1.072,-1.84,0.196,
1450287796.5,-1.588,-11.22,0.844,-15.024,1.072,-1.86,0.184,
1450287796.51,-1.712,-11.104,0.876,-14.96,1.056,-1.848,0.196,
1450287796.52,-2.18,-10.992,0.844,-14.8,1.048,-1.908,0.196,
1450287796.54,-2.428,-10.96,0.812,-14.8,1.056,-1.908,0.204,
1450287796.54,-2.244,-10.992,0.844,-14.96,1.056,-1.928,0.204,
1450287796.55,-1.992,-11.048,0.812,-15.084,1.072,-1.94,0.196,
1450287796.56,-1.744,-11.104,0.744,-15.116,1.08,-1.96,0.204,
1450287796.58,-1.556,-11.192,0.876,-15.052,1.072,-1.98,0.196,
1450287796.58,-1.96,-11.276,0.908,-15.024,1.088,-1.94,0.196,
1450287796.59,-2.244,-11.22,0.844,-15.148,1.088,-1.88,0.184,
1450287796.6,-2.4,-11.22,0.744,-15.212,1.124,-1.848,0.184,
1450287796.62,-2.116,-11.276,0.812,-15.212,1.14,-1.828,0.184,
1450287796.63,-1.96,-11.164,0.844,-15.18,1.14,-1.84,0.184,
1450287796.63,-1.804,-11.132,0.908,-15.18,1.124,-1.868,0.196,
1450287796.65,-2.18,-11.132,0.812,-15.244,1.124,-1.908,0.196,
1450287796.67,-2.304,-11.248,0.744,-15.212,1.14,-1.94,0.184,
1450287796.67,-2.056,-11.364,0.844,-15.276,1.14,-1.92,0.212,
1450287796.68,-2.088,-11.364,0.812,-15.432,1.14,-1.928,0.204,
1450287796.69,-2.056,-11.336,0.844,-15.464,1.14,-1.968,0.204,
1450287796.71,-2.088,-11.192,0.908,-15.464,1.156,-2.008,0.184,
1450287796.71,-1.992,-11.248,0.876,-15.4,1.132,-2.028,0.184,
1450287796.72,-2.304,-11.42,0.68,-15.56,1.14,-2.088,0.196,
1450287796.73,-2.492,-11.392,0.744,-15.624,1.132,-2.116,0.184,
1450287796.75,-2.4,-11.276,0.812,-15.56,1.132,-2.176,0.184,
1450287796.75,-2.056,-11.276,0.876,-15.56,1.164,-2.168,0.168,
1450287796.76,-1.992,-11.364,0.844,-15.592,1.164,-2.136,0.184,
1450287796.77,-2.336,-11.392,0.908,-15.688,1.2,-2.128,0.184,
1450287796.79,-2.336,-11.508,0.744,-15.688,1.224,-2.128,0.176,
1450287796.8,-2.244,-11.508,0.78,-15.624,1.208,-2.128,0.176,
1450287796.81,-2.024,-11.304,0.94,-15.656,1.216,-2.148,0.184,
1450287796.82,-2.088,-11.248,0.876,-15.748,1.208,-2.176,0.176,
1450287796.84,-2.46,-11.364,0.908,-15.72,1.184,-2.216,0.168,
1450287796.84,-2.4,-11.62,0.712,-15.72,1.224,-2.208,0.176,
1450287796.85,-2.272,-11.68,0.648,-15.78,1.252,-2.168,0.176,
1450287796.86,-2.18,-11.448,0.94,-15.876,1.252,-2.136,0.196,
1450287796.88,-2.336,-11.192,0.94,-15.844,1.232,-2.148,0.148,
1450287796.88,-2.336,-11.164,0.844,-15.688,1.24,-2.156,0.168,
1450287796.89,-2.244,-11.304,0.812,-15.72,1.232,-2.156,0.184,
1450287796.9,-2.336,-11.536,0.744,-15.844,1.232,-2.108,0.176,
1450287796.92,-2.304,-11.652,0.908,-16.004,1.216,-2.168,0.156,
1450287796.92,-2.428,-11.508,0.812,-15.876,1.252,-2.196,0.176,
1450287796.93,-2.492,-11.22,0.876,-15.812,1.276,-2.188,0.156,
1450287796.94,-2.244,-11.104,0.844,-15.748,1.292,-2.156,0.168,
1450287796.97,-2.336,-11.248,0.876,-15.812,1.284,-2.136,0.156,
1450287796.97,-2.304,-11.48,0.844,-15.876,1.284,-2.136,0.156,
1450287796.98,-2.336,-11.508,0.844,-16.004,1.284,-2.148,0.168,
1450287796.99,-2.368,-11.508,0.78,-16.004,1.276,-2.176,0.156,
1450287797.01,-2.4,-11.592,0.712,-16.004,1.276,-2.216,0.176,
1450287797.01,-2.46,-11.62,0.78,-16.036,1.284,-2.196,0.168,
1450287797.02,-2.368,-11.708,0.712,-16.004,1.284,-2.168,0.168,
1450287797.03,-2.428,-11.68,0.812,-16.036,1.284,-2.156,0.156,
1450287797.05,-2.18,-11.708,0.78,-16.068,1.284,-2.116,0.168,
1450287797.05,-2.4,-11.824,0.78,-16.096,1.276,-2.156,0.156,
1450287797.06,-2.336,-11.852,0.78,-16.128,1.268,-2.148,0.156,
1450287797.07,-2.336,-11.852,0.876,-16.192,1.26,-2.168,0.156,
1450287797.09,-2.212,-11.852,0.744,-16.16,1.276,-2.176,0.176,
1450287797.09,-2.368,-11.764,0.712,-16.224,1.284,-2.196,0.156,
1450287797.1,-2.46,-11.792,0.972,-16.224,1.268,-2.196,0.14,
1450287797.11,-2.148,-11.852,0.844,-16.224,1.276,-2.188,0.168,
1450287797.13,-2.024,-11.852,0.876,-16.288,1.276,-2.168,0.156,
1450287797.13,-1.96,-11.908,0.812,-16.352,1.276,-2.168,0.156,
1450287797.14,-2.18,-11.996,0.844,-16.352,1.26,-2.128,0.156,
1450287797.15,-2.368,-12.024,0.744,-16.352,1.252,-2.136,0.168,
1450287797.18,-2.18,-11.936,0.648,-16.32,1.268,-2.116,0.14,
1450287797.18,-2.368,-11.852,0.648,-16.32,1.26,-2.128,0.156,
1450287797.19,-2.116,-11.852,0.812,-16.192,1.252,-2.108,0.148,
1450287797.2,-2.304,-11.792,0.844,-16.224,1.268,-2.128,0.14,
1450287797.22,-2.336,-11.764,0.812,-16.352,1.26,-2.148,0.148,
1450287797.22,-2.368,-11.68,0.844,-16.32,1.276,-2.148,0.14,
1450287797.23,-2.336,-11.736,0.78,-16.256,1.3,-2.156,0.14,
1450287797.24,-2.244,-11.708,0.78,-16.224,1.292,-2.156,0.148,
1450287797.26,-2.304,-11.68,0.844,-16.256,1.284,-2.156,0.148,
1450287797.26,-2.336,-11.736,0.78,-16.256,1.268,-2.148,0.148,
1450287797.27,-2.552,-11.68,0.812,-16.288,1.232,-2.148,0.128,
1450287797.28,-2.552,-11.62,0.78,-16.288,1.252,-2.148,0.14,
1450287797.3,-2.304,-11.652,0.68,-16.256,1.276,-2.176,0.14,
1450287797.3,-2.148,-11.652,0.78,-16.256,1.284,-2.188,0.14,
1450287797.31,-2.056,-11.68,0.908,-16.224,1.284,-2.176,0.14,
1450287797.32,-2.244,-11.652,0.712,-16.224,1.268,-2.196,0.14,
1450287797.34,-2.4,-11.652,0.812,-16.256,1.26,-2.168,0.14,
1450287797.34,-2.088,-11.62,0.712,-16.224,1.268,-2.188,0.128,
1450287797.35,-2.18,-11.62,0.712,-16.192,1.252,-2.168,0.148,
1450287797.37,-2.212,-11.564,0.712,-16.192,1.24,-2.176,0.12,
1450287797.39,-2.244,-11.536,0.616,-16.192,1.276,-2.168,0.128,
1450287797.39,-2.336,-11.536,0.648,-16.192,1.26,-2.148,0.128,
1450287797.4,-2.024,-11.564,0.648,-16.16,1.252,-2.168,0.128,
1450287797.41,-2.088,-11.564,0.648,-16.192,1.268,-2.148,0.12,
1450287797.43,-2.116,-11.592,0.712,-16.192,1.252,-2.176,0.12,
1450287797.43,-2.304,-11.536,0.648,-16.16,1.252,-2.148,0.12,
1450287797.44,-2.552,-11.48,0.616,-16.192,1.252,-2.148,0.12,
1450287797.45,-2.428,-11.508,0.68,-16.192,1.268,-2.136,0.12,
1450287797.47,-2.304,-11.508,0.648,-16.192,1.252,-2.128,0.12,
1450287797.47,-2.056,-11.508,0.648,-16.224,1.26,-2.128,0.12,
1450287797.48,-2.056,-11.508,0.744,-16.224,1.252,-2.108,0.128,
1450287797.49,-2.18,-11.564,0.78,-16.192,1.252,-2.136,0.128,
1450287797.51,-2.368,-11.508,0.648,-16.096,1.26,-2.156,0.12,
1450287797.51,-2.304,-11.48,0.68,-16.192,1.26,-2.156,0.12,
1450287797.52,-2.304,-11.48,0.712,-16.128,1.252,-2.148,0.128,
1450287797.53,-2.272,-11.336,0.712,-16.068,1.24,-2.176,0.128,
1450287797.55,-2.304,-11.364,0.68,-16.068,1.216,-2.156,0.12,
1450287797.56,-2.244,-11.276,0.648,-16.068,1.216,-2.136,0.12,
1450287797.57,-2.18,-11.304,0.584,-16.036,1.192,-2.136,0.128,
1450287797.58,-2.4,-11.248,0.452,-15.972,1.216,-2.116,0.128,
1450287797.6,-2.18,-11.276,0.712,-16.004,1.184,-2.108,0.112,
1450287797.6,-2.148,-11.364,0.744,-16.004,1.164,-2.096,0.12,
1450287797.61,-2.244,-11.304,0.616,-16.036,1.14,-2.076,0.128,
1450287797.62,-2.304,-11.276,0.648,-15.972,1.132,-2.068,0.128,
1450287797.64,-2.212,-11.276,0.584,-15.94,1.124,-2.068,0.12,
1450287797.64,-2.024,-11.364,0.648,-15.94,1.108,-2.076,0.128,
1450287797.65,-1.992,-11.304,0.648,-15.94,1.088,-2.068,0.12,
1450287797.66,-2.056,-11.248,0.648,-16.004,1.124,-2.108,0.128,
1450287797.68,-2.148,-11.164,0.616,-15.94,1.116,-2.156,0.128,
1450287797.68,-2.116,-11.164,0.68,-15.876,1.124,-2.188,0.12,
1450287797.69,-2.148,-11.164,0.712,-15.94,1.088,-2.188,0.12,
1450287797.7,-2.088,-11.164,0.616,-15.972,1.096,-2.188,0.12,
1450287797.72,-2.116,-11.248,0.584,-16.004,1.072,-2.208,0.128,
1450287797.72,-2.088,-11.248,0.484,-16.036,1.088,-2.216,0.128,
1450287797.73,-1.96,-11.104,0.68,-16.004,1.08,-2.228,0.112,
1450287797.74,-1.96,-11.104,0.68,-15.972,1.08,-2.216,0.12,
1450287797.77,-2.212,-11.132,0.52,-16.036,1.08,-2.228,0.128,
1450287797.77,-1.96,-11.164,0.68,-16.068,1.088,-2.216,0.12,
1450287797.78,-2.088,-11.248,0.648,-16.096,1.088,-2.216,0.12,
1450287797.79,-1.9,-11.192,0.712,-16.068,1.072,-2.216,0.128,
1450287797.81,-2.024,-11.132,0.648,-15.972,1.08,-2.196,0.12,
1450287797.81,-2.056,-11.22,0.712,-15.972,1.072,-2.208,0.128,
1450287797.82,-1.96,-11.132,0.552,-16.004,1.08,-2.216,0.12,
1450287797.83,-1.868,-11.164,0.648,-15.972,1.072,-2.228,0.12,
1450287797.85,-2.024,-11.104,0.552,-15.908,1.08,-2.216,0.12,
1450287797.85,-2.116,-11.164,0.648,-15.844,1.108,-2.216,0.128,
1450287797.86,-2.272,-11.104,0.68,-15.844,1.108,-2.208,0.112,
1450287797.87,-2.336,-10.992,0.648,-15.812,1.108,-2.148,0.12,
1450287797.89,-2.056,-11.048,0.584,-15.812,1.088,-2.116,0.112,
1450287797.89,-2.056,-11.164,0.648,-15.78,1.08,-2.068,0.12,
1450287797.9,-1.776,-11.164,0.712,-15.748,1.072,-2.036,0.128,
1450287797.91,-2.088,-11.164,0.648,-15.748,1.072,-2.036,0.12,
1450287797.94,-2.116,-11.104,0.584,-15.72,1.08,-2.028,0.128,
1450287797.94,-2.244,-11.048,0.616,-15.72,1.096,-2.008,0.128,
1450287797.95,-2.088,-11.164,0.552,-15.748,1.124,-2.028,0.12,
1450287797.96,-2.088,-11.076,0.712,-15.688,1.132,-2.028,0.12,
1450287797.98,-1.992,-11.076,0.78,-15.688,1.124,-2.036,0.12,
1450287797.99,-2.116,-11.104,0.648,-15.592,1.08,-2.016,0.128,
1450287797.99,-2.116,-11.076,0.616,-15.592,1.056,-2.016,0.128,
1450287798.0,-2.212,-11.104,0.552,-15.592,1.032,-2.008,0.128,
1450287798.02,-2.116,-11.02,0.648,-15.56,1.032,-2.036,0.12,
1450287798.02,-2.088,-11.02,0.552,-15.592,1.048,-2.028,0.128,
1450287798.03,-2.212,-11.076,0.584,-15.624,1.096,-2.036,0.128,
1450287798.04,-2.272,-11.048,0.616,-15.688,1.116,-2.068,0.14,
1450287798.06,-2.116,-11.048,0.68,-15.72,1.14,-2.096,0.12,
1450287798.06,-2.304,-11.164,0.584,-15.748,1.132,-2.116,0.12,
1450287798.07,-2.116,-11.132,0.68,-15.748,1.096,-2.116,0.12,
1450287798.08,-2.212,-11.164,0.616,-15.812,1.088,-2.116,0.128,
1450287798.1,-2.18,-11.248,0.52,-15.844,1.064,-2.096,0.12,
1450287798.1,-2.024,-11.248,0.616,-15.812,1.012,-2.056,0.12,
1450287798.11,-1.96,-11.248,0.648,-15.748,1.004,-2.056,0.128,
1450287798.13,-2.336,-11.164,0.616,-15.72,1.012,-2.016,0.128,
1450287798.15,-2.304,-11.192,0.584,-15.656,1.056,-2.028,0.112,
1450287798.15,-2.212,-11.076,0.52,-15.56,1.064,-1.988,0.12,
1450287798.16,-1.96,-10.96,0.68,-15.528,1.088,-1.98,0.128,
1450287798.17,-2.18,-11.02,0.744,-15.432,1.124,-1.98,0.12,
1450287798.19,-1.96,-11.02,0.584,-15.308,1.108,-1.928,0.12,
1450287798.19,-2.116,-10.932,0.648,-15.244,1.064,-1.928,0.128,
1450287798.2,-2.212,-10.848,0.616,-15.148,1.048,-1.948,0.128,
1450287798.21,-2.116,-10.76,0.552,-15.116,1.04,-2.008,0.14,
1450287798.23,-2.18,-10.788,0.552,-15.084,1.056,-2.028,0.128,
1450287798.23,-2.18,-10.732,0.552,-15.052,1.072,-2.036,0.12,
1450287798.24,-2.272,-10.676,0.648,-15.024,1.056,-2.028,0.128,
1450287798.25,-2.088,-10.676,0.616,-15.052,1.056,-1.996,0.128,
1450287798.27,-2.244,-10.644,0.616,-15.052,1.056,-1.968,0.128,
1450287798.27,-2.148,-10.76,0.584,-15.052,1.04,-1.96,0.128,
1450287798.28,-2.18,-10.788,0.68,-15.052,1.04,-1.948,0.14,
1450287798.3,-2.024,-10.816,0.648,-15.116,1.04,-1.988,0.128,
1450287798.32,-2.244,-10.848,0.648,-15.18,1.056,-1.988,0.128,
1450287798.32,-2.116,-10.876,0.648,-15.244,1.056,-2.016,0.128,
1450287798.33,-2.148,-10.904,0.552,-15.308,1.048,-2.028,0.128,
1450287798.34,-2.46,-10.932,0.584,-15.34,1.056,-2.016,0.12,
1450287798.36,-2.272,-10.992,0.616,-15.4,1.056,-2.028,0.128,
1450287798.36,-2.272,-11.048,0.712,-15.4,1.072,-2.028,0.12,
1450287798.37,-2.244,-11.048,0.616,-15.4,1.064,-1.948,0.14,
1450287798.38,-2.244,-11.104,0.616,-15.464,1.072,-1.94,0.128,
1450287798.4,-2.212,-11.164,0.712,-15.464,1.072,-1.948,0.128,
1450287798.4,-2.368,-11.164,0.68,-15.432,1.072,-1.94,0.128,
1450287798.41,-2.148,-11.132,0.68,-15.432,1.064,-1.96,0.12,
1450287798.42,-2.428,-11.076,0.616,-15.496,1.064,-1.968,0.128,
1450287798.44,-2.368,-11.104,0.584,-15.464,1.088,-1.988,0.128,
1450287798.44,-2.244,-11.076,0.616,-15.464,1.072,-2.016,0.12,
1450287798.45,-2.272,-11.076,0.584,-15.464,1.064,-2.028,0.112,
1450287798.46,-2.148,-11.048,0.744,-15.4,1.08,-2.056,0.12,
1450287798.49,-2.244,-11.048,0.812,-15.4,1.072,-2.016,0.128,
1450287798.49,-2.148,-10.96,0.68,-15.4,1.072,-2.028,0.14,
1450287798.5,-2.212,-11.048,0.552,-15.4,1.072,-2.016,0.128,
1450287798.51,-2.304,-11.104,0.744,-15.34,1.08,-1.996,0.128,
1450287798.53,-2.18,-10.992,0.744,-15.372,1.056,-1.98,0.128,
1450287798.53,-2.056,-10.904,0.616,-15.308,1.064,-1.94,0.128,
1450287798.54,-2.272,-11.02,0.52,-15.34,1.08,-1.96,0.12,
1450287798.55,-2.18,-11.02,0.52,-15.34,1.072,-1.948,0.128,
1450287798.57,-2.212,-10.992,0.584,-15.308,1.072,-1.94,0.128,
1450287798.57,-2.428,-11.02,0.712,-15.34,1.056,-1.928,0.148,
1450287798.58,-2.212,-11.02,0.78,-15.308,1.064,-1.96,0.12,
1450287798.59,-2.056,-11.02,0.68,-15.34,1.064,-2.008,0.112,
1450287798.61,-2.304,-11.02,0.648,-15.34,1.088,-2.028,0.14,
1450287798.61,-2.304,-11.048,0.68,-15.372,1.072,-2.036,0.128,
1450287798.62,-2.212,-11.02,0.648,-15.372,1.056,-2.016,0.112,
1450287798.63,-2.244,-11.104,0.616,-15.34,1.072,-1.988,0.12,
1450287798.65,-2.304,-11.048,0.68,-15.432,1.064,-1.96,0.128,
1450287798.65,-2.304,-10.992,0.712,-15.432,1.072,-1.96,0.128,
1450287798.66,-2.148,-11.076,0.744,-15.34,1.072,-1.968,0.12,
1450287798.67,-2.116,-11.076,0.712,-15.372,1.072,-1.98,0.112,
1450287798.7,-2.212,-11.048,0.616,-15.432,1.072,-1.96,0.12,
1450287798.7,-2.148,-11.048,0.616,-15.432,1.072,-1.988,0.128,
1450287798.71,-2.272,-11.132,0.68,-15.372,1.072,-1.988,0.128,
1450287798.72,-2.244,-11.048,0.68,-15.372,1.056,-2.016,0.12,
1450287798.74,-2.116,-11.048,0.648,-15.4,1.048,-2.028,0.12,
1450287798.74,-2.148,-11.02,0.584,-15.4,1.072,-2.036,0.12,
1450287798.75,-1.96,-11.02,0.616,-15.4,1.088,-2.048,0.12,
1450287798.76,-2.212,-10.992,0.648,-15.4,1.072,-2.016,0.128,
1450287798.78,-2.4,-11.104,0.648,-15.372,1.072,-1.996,0.128,
1450287798.78,-2.18,-11.192,0.68,-15.4,1.08,-1.94,0.14,
1450287798.79,-2.148,-11.132,0.648,-15.4,1.072,-1.928,0.12,
1450287798.8,-2.212,-11.164,0.616,-15.372,1.072,-1.92,0.112,
1450287798.82,-2.18,-11.164,0.68,-15.372,1.08,-1.928,0.128,
1450287798.82,-2.4,-11.132,0.648,-15.34,1.088,-1.92,0.12,
1450287798.83,-2.4,-11.02,0.616,-15.372,1.096,-1.98,0.12,
1450287798.84,-2.4,-11.104,0.744,-15.34,1.08,-1.98,0.128,
1450287798.87,-2.148,-11.076,0.648,-15.372,1.08,-1.98,0.12,
1450287798.87,-2.148,-11.104,0.744,-15.4,1.072,-1.996,0.12,
1450287798.88,-2.368,-11.02,0.552,-15.4,1.088,-2.028,0.128,
1450287798.89,-2.428,-11.048,0.552,-15.372,1.088,-2.068,0.128,
1450287798.91,-2.024,-11.104,0.68,-15.372,1.088,-2.076,0.12,
1450287798.91,-2.056,-11.104,0.744,-15.432,1.08,-2.088,0.128,
1450287798.92,-2.212,-11.02,0.616,-15.496,1.08,-2.108,0.12,
1450287798.93,-2.116,-11.02,0.584,-15.464,1.08,-2.116,0.128,
1450287798.95,-2.088,-11.164,0.616,-15.464,1.08,-2.128,0.128,
1450287798.95,-2.272,-11.22,0.712,-15.496,1.088,-2.116,0.128,
1450287798.96,-2.46,-11.192,0.68,-15.56,1.088,-2.128,0.128,
1450287798.97,-2.336,-11.164,0.616,-15.56,1.088,-2.108,0.12,
1450287798.99,-2.088,-11.132,0.68,-15.528,1.088,-2.128,0.128,
1450287798.99,-1.992,-11.104,0.552,-15.592,1.08,-2.148,0.112,
1450287799.0,-2.148,-11.164,0.584,-15.592,1.08,-2.108,0.128,
1450287799.01,-2.304,-11.192,0.648,-15.56,1.088,-2.136,0.128,
1450287799.03,-2.148,-11.104,0.68,-15.592,1.08,-2.136,0.12,
1450287799.04,-1.96,-11.164,0.744,-15.624,1.072,-2.108,0.12,
1450287799.05,-2.024,-11.132,0.712,-15.624,1.08,-2.088,0.128,
1450287799.06,-2.18,-11.132,0.648,-15.624,1.088,-2.088,0.12,
1450287799.08,-2.304,-11.164,0.648,-15.56,1.088,-2.076,0.12,
1450287799.08,-2.088,-11.132,0.876,-15.56,1.08,-2.048,0.12,
1450287799.09,-2.088,-11.132,0.744,-15.56,1.088,-2.016,0.12,
1450287799.1,-2.088,-11.104,0.712,-15.592,1.08,-2.036,0.12,
1450287799.12,-2.116,-11.104,0.744,-15.56,1.08,-2.028,0.128,
1450287799.12,-2.304,-11.132,0.648,-15.464,1.088,-2.008,0.128,
1450287799.13,-2.116,-11.104,0.712,-15.496,1.108,-2.016,0.128,
1450287799.14,-2.304,-11.104,0.712,-15.496,1.08,-2.016,0.128,
1450287799.16,-2.304,-11.076,0.712,-15.464,1.096,-2.016,0.128,
1450287799.16,-2.304,-11.104,0.812,-15.464,1.108,-2.016,0.128,
1450287799.17,-2.272,-11.076,0.712,-15.528,1.124,-1.996,0.128,
1450287799.18,-2.4,-11.104,0.648,-15.496,1.124,-1.988,0.128,
1450287799.2,-2.272,-11.104,0.552,-15.496,1.116,-1.988,0.128,
1450287799.2,-2.244,-11.104,0.648,-15.528,1.14,-1.988,0.112,
1450287799.21,-2.272,-11.104,0.68,-15.496,1.132,-1.968,0.128,
1450287799.22,-2.272,-11.104,0.68,-15.528,1.116,-1.98,0.12,
1450287799.25,-2.336,-11.132,0.68,-15.56,1.108,-1.988,0.128,
1450287799.25,-2.304,-11.132,0.78,-15.592,1.124,-1.988,0.128,
1450287799.26,-2.116,-11.192,0.712,-15.624,1.148,-2.016,0.14,
1450287799.27,-2.024,-11.192,0.78,-15.624,1.14,-2.036,0.12,
1450287799.29,-2.088,-11.164,0.812,-15.656,1.108,-2.036,0.12,
1450287799.29,-2.18,-11.164,0.648,-15.656,1.132,-2.076,0.12,
1450287799.3,-2.148,-11.164,0.744,-15.656,1.132,-2.096,0.12,
1450287799.31,-2.272,-11.192,0.648,-15.656,1.14,-2.108,0.112,
1450287799.33,-2.056,-11.22,0.616,-15.688,1.132,-2.096,0.12,
1450287799.33,-2.304,-11.192,0.744,-15.72,1.116,-2.096,0.148,
1450287799.34,-2.244,-11.248,0.876,-15.688,1.14,-2.068,0.128,
1450287799.35,-2.272,-11.164,0.584,-15.688,1.14,-2.068,0.128,
1450287799.37,-2.056,-11.164,0.712,-15.656,1.14,-2.056,0.12,
1450287799.37,-2.056,-11.276,0.812,-15.656,1.124,-2.048,0.12,
1450287799.38,-2.116,-11.248,0.712,-15.688,1.108,-2.028,0.128,
1450287799.39,-2.304,-11.104,0.648,-15.688,1.116,-2.056,0.1,
1450287799.42,-2.304,-11.276,0.712,-15.656,1.132,-2.048,0.12,
1450287799.42,-1.96,-11.164,0.712,-15.656,1.148,-2.068,0.128,
1450287799.43,-2.024,-11.048,0.648,-15.624,1.124,-2.056,0.128,
1450287799.44,-2.212,-11.076,0.648,-15.592,1.116,-2.048,0.12,
1450287799.46,-2.212,-11.22,0.812,-15.624,1.132,-2.056,0.12,
1450287799.46,-2.056,-11.248,0.78,-15.624,1.132,-2.048,0.128,
1450287799.47,-2.18,-11.164,0.68,-15.624,1.14,-2.056,0.128,
1450287799.48,-2.116,-11.164,0.648,-15.624,1.124,-2.056,0.14,
1450287799.5,-2.116,-11.192,0.812,-15.592,1.132,-2.048,0.112,
1450287799.5,-2.272,-11.192,0.648,-15.624,1.132,-2.068,0.112,
1450287799.51,-2.148,-11.192,0.744,-15.624,1.132,-2.048,0.12,
1450287799.52,-2.368,-11.22,0.812,-15.624,1.14,-2.036,0.12,
1450287799.54,-2.304,-11.22,0.744,-15.656,1.116,-2.016,0.128,
1450287799.54,-1.9,-11.192,0.78,-15.688,1.124,-2.016,0.128,
1450287799.55,-1.776,-11.248,0.616,-15.688,1.124,-1.996,0.128,
1450287799.56,-1.9,-11.248,0.744,-15.656,1.14,-1.996,0.128,
1450287799.58,-2.4,-11.192,0.812,-15.656,1.116,-1.996,0.14,
1450287799.59,-2.552,-11.164,0.648,-15.624,1.116,-2.036,0.128,
1450287799.59,-2.336,-11.192,0.78,-15.656,1.132,-2.056,0.128,
1450287799.61,-2.116,-11.192,0.712,-15.624,1.14,-2.076,0.12,
1450287799.63,-1.992,-11.22,0.812,-15.688,1.132,-2.088,0.12,
1450287799.63,-2.024,-11.248,0.68,-15.688,1.124,-2.096,0.128,
1450287799.64,-2.056,-11.192,0.648,-15.624,1.124,-2.088,0.112,
1450287799.65,-2.272,-11.132,0.812,-15.624,1.132,-2.076,0.148,
1450287799.67,-2.18,-11.192,0.648,-15.656,1.132,-2.076,0.112,
1450287799.67,-2.304,-11.248,0.648,-15.688,1.132,-2.076,0.128,
1450287799.68,-2.116,-11.248,0.68,-15.688,1.132,-2.068,0.128,
1450287799.69,-1.932,-11.248,0.648,-15.688,1.132,-2.056,0.128,
1450287799.71,-1.96,-11.276,0.712,-15.688,1.132,-2.056,0.112,
1450287799.71,-2.024,-11.192,0.78,-15.688,1.132,-2.056,0.128,
1450287799.72,-2.4,-11.276,0.68,-15.656,1.14,-2.056,0.128,
1450287799.73,-2.552,-11.22,0.712,-15.688,1.14,-2.068,0.128,
1450287799.75,-2.18,-11.132,0.616,-15.688,1.124,-2.068,0.12,
1450287799.76,-2.116,-11.164,0.616,-15.688,1.132,-2.048,0.128,
1450287799.77,-1.992,-11.276,0.616,-15.688,1.132,-2.056,0.12,
1450287799.78,-2.088,-11.192,0.744,-15.688,1.148,-2.056,0.12,
1450287799.8,-2.4,-11.164,0.68,-15.688,1.14,-2.068,0.14,
1450287799.8,-2.116,-11.248,0.68,-15.624,1.132,-2.056,0.112,
1450287799.81,-2.116,-11.276,0.712,-15.688,1.14,-2.056,0.128,
1450287799.82,-2.116,-11.076,0.68,-15.688,1.132,-2.048,0.128,
1450287799.84,-2.304,-11.076,0.584,-15.624,1.14,-2.068,0.128,
1450287799.84,-2.18,-11.248,0.712,-15.624,1.148,-2.028,0.128,
1450287799.85,-2.18,-11.304,0.78,-15.624,1.124,-2.028,0.148,
1450287799.86,-1.836,-11.164,0.68,-15.688,1.132,-2.036,0.128,
1450287799.88,-2.056,-11.22,0.78,-15.656,1.132,-2.016,0.12,
1450287799.88,-2.336,-11.248,0.812,-15.592,1.132,-2.048,0.12,
1450287799.89,-2.552,-11.192,0.68,-15.656,1.14,-2.036,0.128,
1450287799.9,-2.46,-11.164,0.78,-15.624,1.124,-2.056,0.12,
1450287799.92,-2.088,-11.248,0.648,-15.624,1.14,-2.056,0.128,
1450287799.92,-1.868,-11.22,0.68,-15.624,1.132,-2.068,0.12,
1450287799.93,-2.088,-11.164,0.812,-15.688,1.116,-2.076,0.1,
1450287799.94,-2.244,-11.164,0.68,-15.624,1.124,-2.076,0.128,
1450287799.97,-2.272,-11.248,0.712,-15.624,1.116,-2.088,0.128,
1450287799.97,-2.148,-11.22,0.78,-15.624,1.148,-2.076,0.14,
1450287799.98,-2.18,-11.22,0.712,-15.688,1.132,-2.076,0.128,
1450287799.99,-2.116,-11.22,0.744,-15.624,1.124,-2.048,0.12,
1450287800.01,-2.212,-11.22,0.68,-15.688,1.116,-2.056,0.12,
1450287800.01,-2.116,-11.22,0.712,-15.624,1.132,-2.076,0.128,
1450287800.02,-2.148,-11.22,0.584,-15.624,1.124,-2.056,0.128,
1450287800.03,-2.18,-11.248,0.712,-15.624,1.124,-2.048,0.12,
1450287800.05,-2.244,-11.164,0.68,-15.624,1.132,-2.048,0.128,
1450287800.05,-2.212,-11.22,0.712,-15.624,1.124,-2.056,0.12,
1450287800.06,-1.9,-11.164,0.744,-15.592,1.124,-2.068,0.128,
1450287800.07,-2.056,-11.192,0.744,-15.592,1.132,-2.056,0.112,
1450287800.09,-2.244,-11.164,0.648,-15.624,1.108,-2.048,0.14,
1450287800.09,-2.272,-11.192,0.744,-15.56,1.108,-2.076,0.112,
1450287800.1,-2.088,-11.192,0.68,-15.592,1.108,-2.088,0.128,
1450287800.11,-2.024,-11.164,0.78,-15.56,1.132,-2.068,0.12,
1450287800.13,-2.024,-11.164,0.648,-15.592,1.116,-2.088,0.12,
1450287800.13,-2.088,-11.164,0.744,-15.592,1.108,-2.088,0.128,
1450287800.14,-2.116,-11.22,0.616,-15.56,1.116,-2.068,0.128,
1450287800.15,-1.868,-11.192,0.648,-15.592,1.108,-2.056,0.128,
1450287800.18,-2.056,-11.132,0.68,-15.592,1.124,-2.076,0.12,
1450287800.18,-2.212,-11.132,0.68,-15.56,1.124,-2.068,0.128,
1450287800.19,-2.272,-11.164,0.68,-15.56,1.108,-2.068,0.14,
1450287800.2,-2.116,-11.164,0.712,-15.56,1.108,-2.048,0.148,
1450287800.22,-1.992,-11.192,0.584,-15.56,1.116,-2.056,0.14,
1450287800.22,-1.992,-11.132,0.616,-15.592,1.124,-2.068,0.12,
1450287800.23,-2.024,-11.164,0.68,-15.592,1.116,-2.056,0.128,
1450287800.24,-2.148,-11.164,0.744,-15.56,1.108,-2.056,0.128,
1450287800.26,-2.304,-11.132,0.616,-15.528,1.108,-2.068,0.12,
1450287800.26,-2.336,-11.164,0.648,-15.56,1.116,-2.076,0.128,
1450287800.27,-2.244,-11.192,0.712,-15.56,1.108,-2.068,0.128,
1450287800.28,-1.992,-11.132,0.78,-15.56,1.108,-2.088,0.128,
1450287800.3,-2.088,-11.192,0.616,-15.56,1.088,-2.088,0.14,
1450287800.3,-2.212,-11.164,0.68,-15.56,1.108,-2.108,0.128,
1450287800.31,-2.244,-11.164,0.68,-15.56,1.116,-2.136,0.12,
1450287800.32,-2.18,-11.164,0.712,-15.56,1.124,-2.128,0.128,
1450287800.34,-2.368,-11.192,0.68,-15.592,1.116,-2.128,0.128,
1450287800.34,-1.992,-11.132,0.616,-15.56,1.096,-2.136,0.128,
1450287800.35,-2.056,-11.164,0.744,-15.56,1.116,-2.156,0.112,
1450287800.36,-2.18,-11.164,0.552,-15.56,1.108,-2.128,0.12,
1450287800.39,-2.244,-11.22,0.616,-15.592,1.124,-2.108,0.128,
1450287800.39,-1.992,-11.164,0.68,-15.592,1.116,-2.108,0.128,
1450287800.4,-2.244,-11.164,0.648,-15.592,1.108,-2.108,0.14,
1450287800.41,-2.272,-11.164,0.712,-15.592,1.108,-2.108,0.12,
1450287800.43,-2.212,-11.192,0.584,-15.56,1.116,-2.108,0.128,
1450287800.43,-2.244,-11.192,0.616,-15.56,1.088,-2.096,0.128,
1450287800.44,-2.024,-11.192,0.744,-15.56,1.096,-2.116,0.128,
1450287800.45,-2.244,-11.164,0.744,-15.56,1.108,-2.096,0.128,
1450287800.47,-2.116,-11.164,0.712,-15.528,1.108,-2.116,0.128,
1450287800.47,-2.272,-11.192,0.78,-15.56,1.108,-2.128,0.128,
1450287800.48,-2.116,-11.164,0.78,-15.592,1.096,-2.116,0.12,
1450287800.49,-2.244,-11.164,0.584,-15.56,1.08,-2.156,0.12,
1450287800.51,-2.088,-11.164,0.712,-15.56,1.096,-2.128,0.128,
1450287800.51,-1.9,-11.192,0.68,-15.56,1.108,-2.148,0.128,
1450287800.52,-2.304,-11.164,0.744,-15.56,1.088,-2.136,0.112,
1450287800.53,-2.148,-11.164,0.744,-15.56,1.096,-2.136,0.12,
1450287800.55,-2.056,-11.192,0.68,-15.56,1.088,-2.136,0.128,
1450287800.55,-2.244,-11.164,0.648,-15.56,1.088,-2.148,0.12,
1450287800.56,-2.244,-11.104,0.744,-15.56,1.096,-2.116,0.128,
1450287800.58,-1.932,-11.164,0.68,-15.56,1.088,-2.128,0.1,
1450287800.6,-1.992,-11.22,0.78,-15.592,1.088,-2.108,0.148,
1450287800.6,-2.116,-11.276,0.744,-15.528,1.088,-2.116,0.148,
1450287800.61,-2.212,-11.192,0.68,-15.592,1.088,-2.096,0.128,
1450287800.62,-2.024,-11.02,0.616,-15.528,1.08,-2.128,0.128,
1450287800.64,-2.116,-11.048,0.68,-15.432,1.088,-2.116,0.128,
1450287800.64,-2.272,-11.164,0.648,-15.464,1.088,-2.116,0.128,
1450287800.65,-2.368,-11.132,0.648,-15.464,1.064,-2.096,0.156,
1450287800.66,-2.368,-11.076,0.68,-15.432,1.064,-2.076,0.12,
1450287800.68,-2.056,-11.076,0.78,-15.4,1.064,-2.076,0.12,
1450287800.68,-1.96,-11.076,0.648,-15.432,1.064,-2.068,0.12,
1450287800.69,-2.056,-11.104,0.648,-15.464,1.072,-2.088,0.128,
1450287800.7,-2.244,-11.104,0.744,-15.432,1.072,-2.076,0.12,
1450287800.73,-2.212,-11.132,0.712,-15.432,1.056,-2.076,0.12,
1450287800.73,-2.18,-11.104,0.78,-15.464,1.072,-2.068,0.128,
1450287800.74,-2.088,-11.132,0.52,-15.496,1.072,-2.068,0.14,
1450287800.75,-2.18,-11.132,0.78,-15.528,1.08,-2.068,0.128,
1450287800.77,-2.272,-11.164,0.744,-15.496,1.072,-2.076,0.12,
1450287800.77,-2.304,-11.132,0.68,-15.464,1.048,-2.068,0.128,
1450287800.78,-2.244,-11.076,0.812,-15.528,1.064,-2.076,0.12,
1450287800.79,-2.336,-11.164,0.744,-15.496,1.072,-2.088,0.128,
1450287800.81,-2.116,-11.22,0.712,-15.496,1.064,-2.048,0.112,
1450287800.81,-2.148,-11.132,0.712,-15.496,1.072,-2.056,0.128,
1450287800.82,-2.116,-11.104,0.616,-15.496,1.072,-2.056,0.128,
1450287800.83,-2.116,-11.164,0.712,-15.496,1.072,-2.076,0.128,
1450287800.85,-2.18,-11.132,0.712,-15.464,1.072,-2.056,0.128,
1450287800.85,-2.304,-11.132,0.712,-15.432,1.064,-2.028,0.128,
1450287800.86,-2.116,-11.164,0.616,-15.432,1.064,-2.028,0.128,
1450287800.87,-2.18,-11.132,0.616,-15.464,1.08,-2.016,0.128,
1450287800.89,-2.18,-11.076,0.78,-15.464,1.088,-2.048,0.12,
1450287800.9,-2.056,-11.164,0.712,-15.432,1.088,-2.056,0.128,
1450287800.91,-2.148,-11.132,0.744,-15.4,1.072,-2.056,0.128,
1450287800.92,-2.336,-11.048,0.744,-15.432,1.08,-2.036,0.128,
1450287800.94,-2.336,-11.104,0.68,-15.432,1.072,-2.028,0.12,
1450287800.94,-2.272,-11.164,0.744,-15.432,1.088,-2.016,0.12,
1450287800.95,-2.148,-11.104,0.744,-15.432,1.096,-2.028,0.128,
1450287800.96,-2.148,-11.076,0.712,-15.4,1.064,-2.028,0.14,
1450287800.98,-2.304,-11.192,0.812,-15.432,1.072,-2.028,0.12,
1450287800.98,-2.272,-11.164,0.712,-15.4,1.072,-2.028,0.128,
1450287800.99,-2.18,-11.132,0.68,-15.432,1.072,-2.016,0.128,
1450287801.0,-1.992,-11.076,0.908,-15.432,1.064,-2.048,0.128,
1450287801.02,-2.304,-11.104,0.68,-15.4,1.08,-2.056,0.112,
1450287801.02,-2.336,-11.104,0.68,-15.4,1.08,-2.056,0.128,
1450287801.03,-2.4,-11.104,0.78,-15.432,1.08,-2.028,0.128,
1450287801.04,-2.18,-11.164,0.584,-15.432,1.072,-2.028,0.14,
1450287801.06,-2.116,-11.164,0.712,-15.432,1.08,-2.028,0.1,
1450287801.07,-2.18,-11.132,0.68,-15.4,1.072,-2.068,0.12,
1450287801.07,-2.18,-11.076,0.712,-15.432,1.064,-2.028,0.14,
1450287801.09,-2.18,-11.104,0.744,-15.372,1.056,-2.036,0.128,
1450287801.11,-2.088,-11.192,0.712,-15.4,1.072,-2.036,0.12,
1450287801.11,-2.212,-11.22,0.78,-15.4,1.072,-2.048,0.14,
1450287801.12,-2.024,-11.076,0.616,-15.432,1.056,-2.048,0.12,
1450287801.13,-2.056,-11.132,0.616,-15.4,1.072,-2.048,0.14,
1450287801.15,-2.088,-11.132,0.616,-15.372,1.072,-2.048,0.128,
1450287801.15,-2.148,-11.132,0.712,-15.4,1.064,-2.048,0.14,
1450287801.16,-2.024,-11.104,0.744,-15.4,1.072,-2.036,0.12,
1450287801.17,-2.116,-11.132,0.712,-15.372,1.064,-2.048,0.14,
1450287801.19,-2.116,-11.104,0.68,-15.372,1.072,-2.048,0.128,
1450287801.19,-2.272,-11.048,0.648,-15.4,1.056,-2.036,0.12,
1450287801.2,-2.148,-11.104,0.648,-15.372,1.064,-2.036,0.12,
1450287801.21,-2.024,-11.192,0.744,-15.372,1.072,-2.016,0.128,
1450287801.23,-2.088,-11.132,0.52,-15.372,1.072,-2.008,0.12,
1450287801.23,-2.148,-11.132,0.744,-15.372,1.056,-2.028,0.12,
1450287801.24,-2.148,-11.132,0.616,-15.372,1.072,-2.016,0.148,
1450287801.25,-2.368,-11.076,0.616,-15.372,1.064,-2.028,0.128,
1450287801.27,-2.088,-11.104,0.68,-15.372,1.08,-2.048,0.14,
1450287801.28,-1.992,-11.132,0.712,-15.372,1.072,-2.056,0.128,
1450287801.29,-2.212,-11.104,0.648,-15.34,1.056,-2.048,0.12,
1450287801.3,-2.272,-11.104,0.68,-15.34,1.072,-2.048,0.12,
1450287801.32,-2.336,-11.076,0.712,-15.34,1.056,-2.048,0.128,
1450287801.32,-1.992,-11.104,0.744,-15.34,1.072,-2.036,0.128,
1450287801.33,-1.868,-11.076,0.648,-15.34,1.048,-2.028,0.128,
1450287801.34,-2.024,-11.076,0.648,-15.34,1.048,-2.048,0.12,
1450287801.36,-2.244,-11.048,0.68,-15.34,1.048,-2.036,0.14,
1450287801.36,-2.492,-11.076,0.584,-15.308,1.048,-2.036,0.128,
1450287801.37,-2.244,-11.104,0.744,-15.308,1.056,-2.028,0.112,
1450287801.38,-2.024,-11.104,0.68,-15.34,1.04,-2.036,0.12,
1450287801.4,-1.96,-11.104,0.68,-15.34,1.04,-2.048,0.12,
1450287801.4,-2.18,-11.02,0.648,-15.34,1.048,-2.028,0.128,
1450287801.41,-2.244,-11.076,0.744,-15.34,1.04,-2.056,0.128,
1450287801.42,-2.336,-11.048,0.712,-15.308,1.032,-2.076,0.14,
1450287801.45,-2.272,-11.076,0.712,-15.308,1.04,-2.068,0.14,
1450287801.45,-2.056,-11.104,0.584,-15.34,1.032,-2.056,0.14,
1450287801.46,-1.992,-11.104,0.648,-15.34,1.056,-2.088,0.128,
1450287801.47,-2.056,-11.076,0.844,-15.308,1.056,-2.088,0.128,
1450287801.49,-2.18,-11.104,0.744,-15.308,1.04,-2.096,0.128,
1450287801.49,-2.368,-11.132,0.616,-15.34,1.032,-2.096,0.12,
1450287801.5,-2.056,-11.132,0.68,-15.34,1.032,-2.076,0.12,
1450287801.51,-1.932,-11.104,0.68,-15.372,1.04,-2.076,0.12,
1450287801.53,-1.776,-11.076,0.712,-15.432,1.04,-2.096,0.14,
1450287801.53,-2.212,-11.22,0.812,-15.34,1.048,-2.096,0.128,
1450287801.54,-2.584,-11.304,0.552,-15.372,1.056,-2.076,0.128,
1450287801.55,-2.584,-11.22,0.648,-15.34,1.056,-2.088,0.12,
1450287801.57,-2.18,-11.192,0.616,-15.372,1.064,-2.068,0.14,
1450287801.57,-1.868,-11.22,0.812,-15.372,1.096,-2.068,0.128,
1450287801.58,-1.776,-11.276,0.648,-15.372,1.096,-2.056,0.128,
1450287801.59,-2.088,-11.42,0.616,-15.372,1.072,-2.048,0.14,
1450287801.62,-2.46,-11.392,0.68,-15.372,1.072,-2.048,0.12,
1450287801.62,-2.336,-11.304,0.712,-15.372,1.072,-2.068,0.128,
1450287801.63,-2.116,-11.276,0.584,-15.34,1.072,-2.036,0.112,
1450287801.64,-1.932,-11.276,0.712,-15.34,1.088,-2.016,0.128,
1450287801.66,-2.056,-11.276,0.584,-15.34,1.08,-2.016,0.128,
1450287801.66,-2.116,-11.304,0.812,-15.34,1.064,-1.996,0.14,
1450287801.67,-2.024,-11.276,0.648,-15.308,1.08,-2.008,0.12,
1450287801.68,-2.148,-11.22,0.616,-15.34,1.08,-1.988,0.14,
1450287801.7,-2.056,-11.22,0.78,-15.34,1.08,-1.96,0.128,
1450287801.7,-2.088,-11.364,0.616,-15.34,1.056,-1.98,0.128,
1450287801.71,-2.024,-11.364,0.584,-15.308,1.064,-1.98,0.128,
1450287801.72,-2.18,-11.336,0.648,-15.308,1.08,-1.98,0.12,
1450287801.74,-2.272,-11.304,0.616,-15.34,1.072,-1.996,0.12,
1450287801.74,-2.024,-11.336,0.648,-15.34,1.08,-1.996,0.128,
1450287801.75,-2.088,-11.304,0.68,-15.276,1.048,-2.028,0.128,
1450287801.76,-2.212,-11.276,0.68,-15.308,1.056,-2.016,0.12,
1450287801.78,-2.18,-11.276,0.712,-15.308,1.056,-2.008,0.128,
1450287801.79,-2.18,-11.336,0.744,-15.308,1.056,-1.996,0.128,
1450287801.79,-2.244,-11.336,0.648,-15.308,1.064,-1.988,0.128,
1450287801.81,-2.18,-11.276,0.712,-15.276,1.048,-1.996,0.14,
1450287801.83,-2.148,-11.248,0.78,-15.276,1.048,-1.98,0.12,
1450287801.83,-2.304,-11.304,0.68,-15.212,1.056,-1.968,0.128,
1450287801.84,-2.18,-11.276,0.648,-15.244,1.072,-1.98,0.128,
1450287801.85,-2.148,-11.336,0.712,-15.212,1.048,-1.96,0.128,
1450287801.87,-2.148,-11.336,0.68,-15.244,1.048,-1.948,0.128,
1450287801.87,-1.992,-11.336,0.584,-15.244,1.048,-1.96,0.128,
1450287801.88,-2.024,-11.304,0.648,-15.244,1.032,-1.98,0.14,
1450287801.89,-2.212,-11.336,0.78,-15.212,1.056,-1.98,0.128,
1450287801.91,-2.024,-11.22,0.648,-15.244,1.04,-1.98,0.12,
1450287801.91,-2.088,-11.132,0.616,-15.18,1.032,-1.98,0.128,
1450287801.92,-2.088,-11.132,0.712,-15.212,1.04,-1.988,0.128,
1450287801.93,-2.148,-11.248,0.648,-15.18,1.04,-1.988,0.128,
1450287801.95,-2.272,-11.276,0.68,-15.244,1.04,-1.96,0.12,
1450287801.96,-2.088,-11.248,0.68,-15.212,1.032,-1.948,0.12,
1450287801.97,-2.056,-11.276,0.68,-15.212,1.072,-1.948,0.128,
1450287801.98,-1.992,-11.304,0.68,-15.212,1.08,-1.968,0.12,
1450287802.0,-2.024,-11.304,0.712,-15.212,1.088,-1.968,0.128,
1450287802.0,-2.272,-11.276,0.616,-15.244,1.08,-1.968,0.128,
1450287802.01,-2.272,-11.304,0.616,-15.244,1.096,-1.988,0.12,
1450287802.02,-2.18,-11.276,0.648,-15.212,1.072,-1.968,0.148,
1450287802.04,-2.116,-11.248,0.712,-15.244,1.056,-1.96,0.128,
1450287802.04,-2.024,-11.192,0.68,-15.244,1.02,-1.948,0.128,
1450287802.05,-1.868,-11.304,0.812,-15.244,1.032,-1.94,0.128,
1450287802.06,-2.116,-11.304,0.68,-15.212,1.02,-1.94,0.128,
1450287802.08,-2.336,-11.276,0.616,-15.244,1.032,-1.948,0.14,
1450287802.08,-2.336,-11.304,0.616,-15.212,1.032,-1.948,0.128,
1450287802.09,-2.024,-11.248,0.648,-15.244,1.04,-1.96,0.12,
1450287802.1,-1.992,-11.276,0.812,-15.212,1.04,-1.96,0.128,
1450287802.13,-2.148,-11.276,0.744,-15.212,1.012,-1.94,0.14,
1450287802.13,-2.244,-11.248,0.648,-15.212,1.012,-1.928,0.12,
1450287802.14,-2.116,-11.22,0.78,-15.18,1.02,-1.94,0.128,
1450287802.15,-2.148,-11.248,0.712,-15.18,1.012,-1.948,0.128,
1450287802.17,-2.18,-11.248,0.68,-15.18,1.012,-1.948,0.128,
1450287802.17,-2.056,-11.164,0.68,-15.18,1.032,-1.948,0.12,
1450287802.18,-2.18,-11.276,0.744,-15.18,1.02,-1.928,0.12,
1450287802.19,-2.336,-11.248,0.584,-15.18,1.048,-1.948,0.128,
1450287802.21,-2.272,-11.248,0.744,-15.148,1.064,-1.94,0.128,
1450287802.21,-2.116,-11.22,0.552,-15.18,1.048,-1.928,0.12,
1450287802.22,-2.024,-11.248,0.584,-15.18,1.04,-1.928,0.14,
1450287802.23,-2.272,-11.192,0.648,-15.148,1.012,-1.948,0.12,
1450287802.25,-2.336,-11.248,0.552,-15.148,1.012,-1.928,0.128,
1450287802.25,-2.304,-11.276,0.68,-15.18,1.032,-1.94,0.128,
1450287802.26,-2.304,-11.248,0.616,-15.212,1.004,-1.92,0.128,
1450287802.27,-2.116,-11.248,0.712,-15.244,0.972,-1.94,0.12,
1450287802.3,-2.244,-11.248,0.616,-15.212,0.98,-1.948,0.12,
1450287802.3,-2.336,-11.248,0.744,-15.244,0.972,-1.996,0.1,
1450287802.31,-2.46,-11.276,0.648,-15.212,0.972,-1.98,0.128,
1450287802.32,-2.428,-11.276,0.712,-15.212,0.996,-1.996,0.112,
1450287802.34,-2.212,-11.276,0.616,-15.244,1.012,-2.028,0.1,
1450287802.34,-2.18,-11.276,0.648,-15.276,1.012,-2.056,0.112,
1450287802.35,-2.244,-11.304,0.712,-15.308,0.988,-2.056,0.112,
1450287802.36,-2.304,-11.276,0.52,-15.308,0.936,-2.068,0.092,
1450287802.38,-2.368,-11.336,0.552,-15.308,0.868,-2.048,0.092,
1450287802.38,-2.304,-11.304,0.584,-15.308,0.868,-2.048,0.072,
1450287802.39,-2.18,-11.276,0.68,-15.308,0.868,-2.056,0.092,
1450287802.4,-2.18,-11.364,0.648,-15.308,0.86,-2.108,0.072,
1450287802.42,-2.368,-11.364,0.388,-15.372,0.852,-2.128,0.084,
1450287802.42,-2.368,-11.276,0.484,-15.372,0.876,-2.168,0.084,
1450287802.43,-2.244,-11.248,0.648,-15.34,0.876,-2.228,0.064,
1450287802.44,-2.212,-11.276,0.584,-15.34,0.868,-2.208,0.084,
1450287802.47,-2.272,-11.336,0.712,-15.34,0.836,-2.176,0.084,
1450287802.47,-2.552,-11.364,0.584,-15.34,0.812,-2.148,0.064,
1450287802.48,-2.336,-11.364,0.552,-15.34,0.836,-2.156,0.072,
1450287802.49,-2.024,-11.364,0.584,-15.34,0.868,-2.148,0.084,
1450287802.51,-2.088,-11.276,0.584,-15.34,0.868,-2.156,0.092,
1450287802.51,-2.272,-11.336,0.584,-15.372,0.836,-2.208,0.092,
1450287802.52,-2.428,-11.304,0.484,-15.372,0.8,-2.256,0.1,
1450287802.53,-2.336,-11.304,0.648,-15.34,0.82,-2.296,0.092,
1450287802.55,-1.96,-11.304,0.648,-15.4,0.8,-2.256,0.1,
1450287802.55,-1.932,-11.336,0.648,-15.464,0.776,-2.256,0.092,
1450287802.56,-2.088,-11.364,0.52,-15.4,0.724,-2.256,0.084,
1450287802.57,-2.244,-11.364,0.552,-15.372,0.7,-2.248,0.12,
1450287802.59,-2.116,-11.364,0.648,-15.372,0.716,-2.216,0.12,
1450287802.59,-2.056,-11.364,0.388,-15.4,0.708,-2.216,0.128,
1450287802.6,-1.9,-11.336,0.452,-15.432,0.736,-2.196,0.12,
1450287802.61,-1.776,-11.304,0.52,-15.4,0.736,-2.248,0.12,
1450287802.63,-1.992,-11.364,0.356,-15.432,0.736,-2.268,0.12,
1450287802.64,-2.024,-11.276,0.42,-15.372,0.692,-2.276,0.12,
1450287802.65,-1.776,-11.248,0.552,-15.372,0.692,-2.236,0.128,
1450287802.66,-1.96,-11.304,0.52,-15.34,0.7,-2.188,0.1,
1450287802.68,-1.868,-11.304,0.584,-15.372,0.692,-2.148,0.112,
1450287802.68,-1.9,-11.276,0.484,-15.34,0.676,-2.188,0.12,
1450287802.69,-1.776,-11.276,0.552,-15.34,0.684,-2.208,0.112,
1450287802.7,-1.712,-11.276,0.68,-15.34,0.668,-2.256,0.112,
1450287802.72,-1.712,-11.248,0.452,-15.308,0.64,-2.256,0.112,
1450287802.72,-1.712,-11.336,0.52,-15.372,0.608,-2.248,0.112,
1450287802.73,-1.556,-11.336,0.452,-15.372,0.608,-2.208,0.112,
1450287802.74,-1.868,-11.276,0.452,-15.34,0.616,-2.176,0.112,
1450287802.76,-1.776,-11.276,0.52,-15.276,0.624,-2.188,0.112,
1450287802.76,-1.62,-11.276,0.452,-15.308,0.64,-2.176,0.12,
1450287802.77,-1.744,-11.276,0.452,-15.34,0.616,-2.208,0.112,
1450287802.78,-1.68,-11.304,0.52,-15.34,0.592,-2.256,0.12,
1450287802.81,-1.68,-11.276,0.484,-15.34,0.616,-2.308,0.112,
1450287802.81,-1.652,-11.248,0.52,-15.372,0.6,-2.316,0.12,
1450287802.82,-1.62,-11.192,0.52,-15.34,0.572,-2.256,0.128,
1450287802.83,-1.62,-11.276,0.484,-15.34,0.548,-2.228,0.112,
1450287802.85,-1.588,-11.42,0.356,-15.372,0.548,-2.216,0.112,
1450287802.85,-1.932,-11.364,0.552,-15.4,0.54,-2.216,0.112,
1450287802.86,-1.96,-11.336,0.452,-15.4,0.58,-2.256,0.12,
1450287802.87,-1.652,-11.276,0.356,-15.4,0.572,-2.288,0.1,
1450287802.89,-1.62,-11.304,0.388,-15.432,0.556,-2.268,0.112,
1450287802.89,-1.556,-11.364,0.42,-15.4,0.54,-2.216,0.12,
1450287802.9,-1.68,-11.22,0.484,-15.372,0.54,-2.248,0.128,
1450287802.91,-1.556,-11.248,0.388,-15.308,0.488,-2.288,0.12,
1450287802.93,-1.588,-11.364,0.388,-15.34,0.504,-2.228,0.12,
1450287802.93,-1.68,-11.304,0.452,-15.432,0.516,-2.228,0.112,
1450287802.94,-1.744,-11.164,0.584,-15.34,0.488,-2.276,0.092,
1450287802.95,-1.524,-11.132,0.192,-15.34,0.48,-2.296,0.12,
1450287802.98,-1.368,-11.192,0.356,-15.244,0.436,-2.256,0.112,
1450287802.99,-1.496,-11.276,0.388,-15.244,0.464,-2.168,0.112,
1450287802.99,-1.652,-11.276,0.484,-15.308,0.464,-2.176,0.112,
1450287803.0,-1.776,-11.192,0.356,-15.212,0.488,-2.208,0.084,
1450287803.02,-1.588,-11.132,0.292,-15.276,0.524,-2.216,0.1,
1450287803.02,-1.368,-11.192,0.388,-15.276,0.48,-2.208,0.1,
1450287803.03,-1.432,-11.364,0.52,-15.276,0.428,-2.188,0.112,
1450287803.04,-1.432,-11.22,0.452,-15.308,0.38,-2.188,0.1,
1450287803.06,-1.308,-11.132,0.356,-15.244,0.404,-2.148,0.092,
1450287803.06,-1.184,-11.248,0.388,-15.212,0.464,-2.156,0.092,
1450287803.07,-1.12,-11.304,0.484,-15.276,0.464,-2.116,0.092,
1450287803.08,-1.308,-11.276,0.484,-15.308,0.464,-2.136,0.092,
1450287803.1,-1.368,-11.248,0.356,-15.212,0.464,-2.176,0.092,
1450287803.11,-1.368,-11.192,0.324,-15.244,0.488,-2.196,0.084,
1450287803.11,-1.308,-11.22,0.452,-15.276,0.504,-2.208,0.092,
1450287803.13,-1.308,-11.248,0.552,-15.276,0.472,-2.188,0.092,
1450287803.15,-1.276,-11.248,0.356,-15.308,0.436,-2.168,0.084,
1450287803.15,-1.34,-11.276,0.324,-15.212,0.396,-2.156,0.092,
1450287803.16,-1.368,-11.248,0.356,-15.212,0.428,-2.136,0.084,
1450287803.17,-1.464,-11.192,0.224,-15.244,0.472,-2.148,0.1,
1450287803.19,-1.276,-11.22,0.42,-15.244,0.504,-2.176,0.092,
1450287803.19,-1.12,-11.248,0.452,-15.244,0.488,-2.248,0.084,
1450287803.2,-1.152,-11.22,0.324,-15.212,0.436,-2.236,0.092,
1450287803.21,-1.464,-11.192,0.42,-15.276,0.428,-2.208,0.1,
1450287803.23,-1.244,-11.248,0.42,-15.212,0.42,-2.228,0.112,
1450287803.23,-1.212,-11.192,0.388,-15.212,0.412,-2.196,0.1,
1450287803.24,-1.212,-11.192,0.324,-15.212,0.42,-2.256,0.1,
1450287803.25,-1.34,-11.248,0.52,-15.244,0.456,-2.236,0.092,
1450287803.27,-1.4,-11.22,0.452,-15.308,0.448,-2.188,0.112,
1450287803.28,-1.68,-11.164,0.42,-15.276,0.448,-2.068,0.092,
1450287803.29,-1.368,-11.276,0.324,-15.244,0.456,-1.92,0.092,
1450287803.3,-1.12,-11.336,0.452,-15.212,0.448,-1.8,0.084,
1450287803.32,-1.152,-11.22,0.388,-15.212,0.456,-1.788,0.1,
1450287803.32,-1.152,-11.164,0.388,-15.212,0.488,-1.9,0.064,
1450287803.33,-1.368,-11.22,0.452,-15.244,0.504,-1.948,0.092,
1450287803.34,-1.776,-11.276,0.52,-15.34,0.524,-1.96,0.092,
1450287803.36,-1.804,-11.164,0.388,-15.4,0.532,-1.968,0.1,
1450287803.36,-1.712,-11.276,0.42,-15.34,0.54,-1.996,0.084,
1450287803.37,-1.464,-11.392,0.484,-15.276,0.548,-1.98,0.1,
1450287803.38,-1.496,-11.164,0.616,-15.308,0.564,-1.92,0.084,
1450287803.4,-1.712,-11.164,0.484,-15.308,0.58,-1.928,0.1,
1450287803.4,-1.868,-11.248,0.552,-15.276,0.616,-1.94,0.092,
1450287803.41,-1.96,-11.164,0.616,-15.308,0.656,-1.908,0.092,
1450287803.42,-1.96,-11.164,0.52,-15.308,0.7,-1.948,0.084,
1450287803.45,-1.932,-11.22,0.484,-15.244,0.76,-1.98,0.1,
1450287803.45,-1.836,-11.164,0.52,-15.18,0.8,-2.036,0.092,
1450287803.46,-1.776,-11.164,0.52,-15.212,0.812,-2.008,0.092,
1450287803.47,-1.932,-11.132,0.552,-15.18,0.792,-1.94,0.092,
1450287803.49,-2.212,-11.104,0.52,-15.18,0.82,-1.88,0.092,
1450287803.49,-2.428,-11.104,0.584,-14.992,0.836,-1.88,0.092,
1450287803.5,-2.304,-11.104,0.452,-14.992,0.8,-1.888,0.1,
1450287803.51,-2.304,-11.104,0.616,-14.992,0.76,-1.888,0.1,
1450287803.53,-2.368,-11.048,0.42,-14.992,0.724,-1.908,0.092,
1450287803.53,-2.46,-11.02,0.616,-14.992,0.708,-1.96,0.092,
1450287803.54,-2.492,-10.992,0.584,-15.052,0.752,-1.96,0.064,
1450287803.55,-2.552,-11.048,0.452,-14.992,0.8,-1.92,0.092,
1450287803.57,-2.552,-11.048,0.552,-14.96,0.888,-1.92,0.092,
1450287803.57,-2.708,-10.96,0.584,-14.96,0.896,-1.86,0.112,
1450287803.58,-2.68,-10.992,0.584,-14.96,0.92,-1.868,0.084,
1450287803.59,-2.648,-10.992,0.68,-14.992,0.888,-1.9,0.1,
1450287803.61,-2.524,-11.02,0.584,-14.992,0.836,-1.94,0.092,
1450287803.61,-2.772,-10.96,0.584,-14.992,0.812,-1.96,0.092,
1450287803.62,-2.772,-11.104,0.52,-14.992,0.784,-1.988,0.072,
1450287803.63,-2.836,-11.076,0.452,-15.084,0.82,-2.008,0.072,
1450287803.66,-2.836,-10.992,0.484,-15.116,0.896,-2.008,0.072,
1450287803.66,-2.928,-11.076,0.648,-15.18,0.972,-1.996,0.092,
1450287803.67,-2.804,-11.132,0.616,-15.148,0.996,-2.016,0.1,
1450287803.68,-2.648,-11.132,0.616,-15.18,1.004,-1.988,0.084,
1450287803.7,-2.648,-11.192,0.552,-15.244,0.98,-1.98,0.092,
1450287803.7,-2.708,-11.192,0.552,-15.34,0.912,-1.96,0.1,
1450287803.71,-2.648,-11.248,0.584,-15.34,0.876,-1.98,0.12,
1450287803.72,-3.052,-11.248,0.484,-15.372,0.888,-1.98,0.092,
1450287803.74,-3.148,-11.276,0.68,-15.372,0.912,-1.96,0.112,
1450287803.74,-3.02,-11.276,0.616,-15.372,0.936,-1.96,0.092,
1450287803.75,-2.772,-11.336,0.552,-15.432,0.972,-2.016,0.112,
1450287803.76,-2.708,-11.304,0.584,-15.496,0.928,-2.028,0.1,
1450287803.78,-2.552,-11.336,0.648,-15.624,0.876,-2.048,0.072,
1450287803.78,-2.772,-11.392,0.584,-15.624,0.836,-2.056,0.092,
1450287803.79,-2.992,-11.336,0.52,-15.592,0.852,-2.036,0.084,
1450287803.8,-3.116,-11.364,0.42,-15.592,0.888,-2.036,0.092,
1450287803.82,-2.96,-11.392,0.452,-15.56,0.92,-1.988,0.092,
1450287803.83,-2.552,-11.42,0.584,-15.592,0.844,-1.996,0.092,
1450287803.83,-2.46,-11.392,0.584,-15.592,0.792,-2.088,0.092,
1450287803.85,-2.708,-11.364,0.584,-15.624,0.76,-2.176,0.092,
1450287803.87,-2.96,-11.364,0.484,-15.528,0.716,-2.256,0.092,
1450287803.87,-2.96,-11.364,0.42,-15.56,0.708,-2.196,0.072,
1450287803.88,-2.928,-11.276,0.324,-15.528,0.684,-2.108,0.092,
1450287803.89,-2.68,-11.276,0.42,-15.464,0.676,-2.048,0.1,
1450287803.91,-2.616,-11.276,0.484,-15.4,0.676,-2.036,0.072,
1450287803.91,-2.244,-11.248,0.42,-15.34,0.668,-2.008,0.084,
1450287803.92,-2.244,-11.276,0.452,-15.34,0.676,-1.9,0.092,
1450287803.93,-2.46,-11.192,0.324,-15.372,0.668,-1.8,0.072,
1450287803.95,-2.428,-11.048,0.452,-15.34,0.668,-1.76,0.1,
1450287803.95,-2.46,-11.104,0.52,-15.244,0.7,-1.708,0.1,
1450287803.96,-2.368,-11.22,0.484,-15.18,0.736,-1.708,0.1,
1450287803.97,-2.304,-11.304,0.52,-15.116,0.784,-1.828,0.072,
1450287803.99,-2.212,-11.192,0.42,-15.148,0.8,-1.9,0.112,
1450287803.99,-2.116,-11.02,0.552,-15.244,0.792,-1.92,0.112,
1450287804.0,-1.836,-11.076,0.52,-15.212,0.8,-1.908,0.072,
1450287804.01,-2.304,-11.248,0.552,-15.212,0.792,-1.98,0.1,
1450287804.03,-2.368,-11.192,0.484,-15.148,0.828,-1.968,0.092,
1450287804.04,-2.272,-11.132,0.52,-15.084,0.836,-1.928,0.1,
1450287804.05,-2.088,-11.248,0.452,-15.148,0.86,-1.84,0.092,
1450287804.06,-1.96,-11.132,0.68,-15.212,0.86,-1.748,0.084,
1450287804.08,-2.056,-11.164,0.68,-15.18,0.904,-1.768,0.1,
1450287804.08,-2.244,-11.248,0.52,-15.084,0.92,-1.808,0.1,
1450287804.09,-2.492,-11.22,0.712,-15.052,0.964,-1.84,0.1,
1450287804.1,-2.524,-11.164,0.584,-15.084,0.972,-1.868,0.1,
1450287804.12,-2.552,-11.164,0.52,-15.18,0.972,-1.908,0.12,
1450287804.12,-2.428,-11.132,0.648,-15.18,0.952,-1.908,0.112,
1450287804.13,-2.272,-11.22,0.552,-15.18,0.92,-1.92,0.112,
1450287804.14,-2.212,-11.164,0.616,-15.084,0.904,-1.94,0.1,
1450287804.16,-2.4,-10.992,0.552,-15.052,0.904,-1.92,0.12,
1450287804.16,-2.616,-11.076,0.584,-15.052,0.944,-1.88,0.112,
1450287804.17,-2.584,-11.364,0.712,-15.084,0.972,-1.828,0.12,
1450287804.18,-2.68,-11.336,0.52,-15.116,1.032,-1.788,0.112,
1450287804.21,-2.648,-11.132,0.616,-15.052,1.064,-1.848,0.128,
1450287804.21,-2.74,-10.992,0.584,-14.96,1.04,-1.84,0.12,
1450287804.22,-2.616,-11.104,0.616,-14.992,0.98,-1.828,0.1,
1450287804.23,-2.584,-11.132,0.616,-14.992,0.928,-1.828,0.1,
1450287804.25,-2.616,-11.104,0.616,-14.96,0.904,-1.828,0.12,
1450287804.25,-2.68,-11.076,0.616,-14.992,0.904,-1.86,0.12,
1450287804.26,-2.804,-11.02,0.616,-14.992,0.944,-1.86,0.1,
1450287804.27,-2.836,-11.048,0.584,-14.992,1.02,-1.828,0.128,
1450287804.29,-2.648,-11.048,0.648,-14.992,1.056,-1.828,0.112,
1450287804.29,-2.368,-11.048,0.712,-14.992,1.048,-1.788,0.112,
1450287804.3,-2.244,-10.992,0.712,-14.96,1.04,-1.768,0.12,
1450287804.31,-2.4,-11.104,0.616,-14.992,0.98,-1.828,0.112,
1450287804.33,-2.552,-11.104,0.584,-15.052,0.964,-1.88,0.12,
1450287804.33,-2.896,-11.132,0.68,-15.116,0.964,-1.908,0.12,
1450287804.34,-2.616,-11.132,0.648,-15.084,0.988,-1.94,0.12,
1450287804.35,-2.708,-11.132,0.712,-15.084,1.04,-1.948,0.1,
1450287804.37,-2.68,-11.132,0.712,-15.084,1.032,-1.92,0.1,
1450287804.37,-2.584,-11.164,0.744,-15.148,1.064,-1.92,0.12,
1450287804.38,-2.552,-11.132,0.616,-15.18,1.064,-1.908,0.12,
1450287804.39,-2.616,-11.164,0.616,-15.148,1.056,-1.928,0.112,
1450287804.42,-2.708,-11.164,0.712,-15.18,1.048,-1.928,0.128,
1450287804.42,-2.864,-11.164,0.744,-15.18,1.012,-1.96,0.1,
1450287804.43,-2.68,-11.22,0.712,-15.18,1.004,-1.988,0.14,
1450287804.44,-2.616,-11.248,0.552,-15.148,0.996,-2.048,0.12,
1450287804.46,-2.68,-11.132,0.68,-15.18,1.012,-2.056,0.12,
1450287804.46,-2.74,-11.104,0.744,-15.18,1.02,-2.056,0.12,
1450287804.47,-2.68,-11.192,0.68,-15.148,1.064,-2.016,0.1,
1450287804.48,-2.68,-11.132,0.68,-15.148,1.108,-2.008,0.128,
1450287804.5,-2.928,-11.104,0.68,-15.148,1.124,-1.988,0.1,
1450287804.5,-2.804,-11.132,0.712,-15.116,1.108,-1.94,0.12,
1450287804.51,-2.616,-11.132,0.648,-15.18,1.108,-1.92,0.112,
1450287804.52,-2.708,-11.104,0.648,-15.116,1.108,-1.88,0.12,
1450287804.54,-2.992,-11.132,0.584,-15.084,1.096,-1.86,0.112,
1450287804.55,-2.992,-11.132,0.744,-15.084,1.108,-1.828,0.112,
1450287804.55,-2.804,-11.192,0.584,-15.148,1.096,-1.788,0.12,
1450287804.57,-2.864,-11.132,0.68,-15.116,1.124,-1.78,0.128,
1450287804.59,-2.584,-11.164,0.616,-15.116,1.14,-1.78,0.12,
1450287804.59,-2.616,-11.132,0.844,-15.052,1.124,-1.788,0.12,
1450287804.6,-2.804,-11.132,0.712,-15.084,1.08,-1.78,0.112,
1450287804.61,-2.96,-11.132,0.648,-15.084,1.056,-1.768,0.12,
1450287804.63,-2.992,-11.104,0.52,-15.116,1.04,-1.768,0.12,
1450287804.63,-2.68,-11.104,0.712,-15.084,1.056,-1.788,0.112,
1450287804.64,-2.336,-11.192,0.744,-15.084,1.04,-1.768,0.12,
1450287804.65,-2.68,-11.104,0.68,-15.084,1.048,-1.8,0.12,
1450287804.67,-2.928,-11.104,0.712,-15.084,1.064,-1.8,0.112,
1450287804.67,-2.928,-11.132,0.68,-15.084,1.064,-1.828,0.112,
1450287804.68,-2.928,-11.132,0.712,-15.148,1.04,-1.84,0.12,
1450287804.69,-2.864,-11.132,0.744,-15.18,1.04,-1.848,0.128,
1450287804.71,-2.648,-11.164,0.68,-15.148,1.032,-1.88,0.1,
1450287804.72,-2.68,-11.104,0.616,-15.116,1.004,-1.908,0.12,
1450287804.73,-2.992,-11.132,0.68,-15.148,0.988,-1.888,0.12,
1450287804.74,-2.992,-11.164,0.616,-15.18,0.98,-1.86,0.128,
1450287804.76,-3.052,-11.192,0.616,-15.212,0.988,-1.84,0.112,
1450287804.76,-2.836,-11.248,0.584,-15.18,1.004,-1.8,0.12,
1450287804.77,-2.648,-11.248,0.648,-15.18,0.972,-1.78,0.12,
1450287804.78,-2.584,-11.164,0.552,-15.148,0.944,-1.82,0.12,
1450287804.8,-2.708,-11.192,0.484,-15.116,0.904,-1.808,0.112,
1450287804.8,-2.836,-11.132,0.452,-15.116,0.896,-1.868,0.112,
1450287804.81,-2.804,-11.164,0.68,-15.116,0.896,-1.9,0.12,
1450287804.82,-2.616,-11.104,0.584,-15.116,0.876,-1.92,0.128,
1450287804.84,-2.46,-11.104,0.552,-15.116,0.86,-1.948,0.12,
1450287804.84,-2.428,-11.104,0.484,-15.052,0.836,-1.96,0.12,
1450287804.85,-2.428,-11.104,0.452,-15.084,0.828,-1.96,0.112,
1450287804.86,-2.46,-11.076,0.552,-15.052,0.792,-1.94,0.112,
1450287804.88,-2.584,-11.076,0.452,-15.052,0.812,-1.908,0.112,
1450287804.89,-2.18,-11.076,0.42,-15.024,0.792,-1.9,0.1,
1450287804.89,-2.212,-11.104,0.52,-15.052,0.8,-1.86,0.1,
1450287804.91,-2.148,-11.076,0.616,-15.024,0.792,-1.828,0.12,
1450287804.93,-2.212,-11.076,0.552,-14.992,0.792,-1.84,0.128,
1450287804.93,-2.116,-11.132,0.452,-14.992,0.82,-1.788,0.1,
1450287804.94,-2.116,-11.104,0.552,-15.052,0.844,-1.78,0.12,
1450287804.95,-1.932,-11.104,0.584,-15.024,0.86,-1.76,0.112,
1450287804.97,-2.088,-11.132,0.616,-15.052,0.86,-1.788,0.112,
1450287804.97,-2.18,-11.164,0.584,-15.084,0.876,-1.788,0.12,
1450287804.98,-2.024,-11.164,0.584,-15.084,0.876,-1.768,0.092,
1450287804.99,-2.148,-11.132,0.552,-15.116,0.888,-1.82,0.12,
1450287805.01,-1.932,-11.048,0.616,-15.084,0.844,-1.828,0.12,
1450287805.01,-1.96,-11.02,0.484,-15.084,0.812,-1.86,0.128,
1450287805.02,-2.088,-11.336,0.484,-15.116,0.784,-1.888,0.112,
1450287805.03,-2.116,-11.392,0.616,-15.18,0.76,-1.888,0.1,
1450287805.05,-2.304,-11.248,0.552,-15.18,0.776,-1.94,0.1,
1450287805.05,-2.304,-11.192,0.452,-15.148,0.8,-1.968,0.112,
1450287805.06,-2.336,-11.192,0.616,-15.18,0.8,-1.948,0.12,
1450287805.07,-2.212,-11.248,0.616,-15.18,0.8,-1.948,0.112,
1450287805.1,-2.056,-11.22,0.584,-15.148,0.8,-1.94,0.112,
1450287805.1,-2.18,-11.248,0.484,-15.148,0.792,-1.94,0.112,
1450287805.11,-2.4,-11.276,0.484,-15.148,0.784,-1.888,0.084,
1450287805.12,-2.336,-11.304,0.552,-15.18,0.784,-1.868,0.1,
1450287805.14,-2.304,-11.276,0.552,-15.18,0.8,-1.868,0.1,
1450287805.14,-1.992,-11.276,0.552,-15.18,0.8,-1.868,0.1,
1450287805.15,-2.244,-11.248,0.616,-15.148,0.776,-1.88,0.084,
1450287805.16,-2.428,-11.248,0.552,-15.148,0.8,-1.84,0.1,
1450287805.18,-2.336,-11.248,0.484,-15.116,0.792,-1.86,0.112,
1450287805.18,-2.368,-11.248,0.616,-15.116,0.8,-1.84,0.092,
1450287805.19,-2.368,-11.22,0.52,-15.084,0.812,-1.86,0.112,
1450287805.2,-2.428,-11.22,0.552,-15.052,0.8,-1.88,0.1,
1450287805.22,-2.272,-11.276,0.616,-15.116,0.784,-1.828,0.112,
1450287805.22,-2.368,-11.336,0.584,-15.116,0.8,-1.868,0.112,
1450287805.23,-2.336,-11.22,0.648,-15.148,0.8,-1.86,0.112,
1450287805.25,-2.272,-10.992,0.616,-15.116,0.844,-1.888,0.072,
1450287805.27,-2.336,-11.048,0.52,-15.084,0.86,-1.868,0.1,
1450287805.27,-2.212,-11.276,0.52,-15.084,0.868,-1.828,0.112,
1450287805.28,-2.428,-11.364,0.584,-15.18,0.896,-1.8,0.1,
1450287805.29,-2.368,-11.276,0.552,-15.18,0.888,-1.8,0.092,
1450287805.31,-2.304,-11.248,0.584,-15.18,0.836,-1.84,0.112,
1450287805.31,-2.272,-11.304,0.52,-15.18,0.828,-1.84,0.1,
1450287805.32,-2.368,-11.276,0.52,-15.18,0.812,-1.84,0.092,
1450287805.33,-2.212,-11.276,0.552,-15.148,0.812,-1.9,0.1,
1450287805.35,-2.368,-11.276,0.552,-15.18,0.82,-1.928,0.1,
1450287805.35,-2.492,-11.248,0.52,-15.18,0.812,-1.928,0.1,
1450287805.36,-2.304,-11.276,0.452,-15.212,0.8,-1.94,0.084,
1450287805.37,-2.18,-11.276,0.648,-15.212,0.812,-1.948,0.12,
1450287805.39,-2.272,-11.248,0.616,-15.148,0.828,-1.948,0.072,
1450287805.39,-2.368,-11.248,0.42,-15.148,0.82,-1.94,0.092,
