1450287744.0,0.00262154919505,-0.0161038021982,0.00711563352942,-0.0190998584211,-0.00823915461302,-0.0288370411456,0.0101116897523,
1450287744.01,-0.000374507027864,-0.00262154919505,-0.0146057740867,-0.0190998584211,0.0157292951703,-0.0183508443654,0.0183508443654,
1450287744.03,-0.00374507027864,0.0232194357276,0.0104861967802,-0.0172273232818,0.0202233795047,-0.0176018303096,0.0119842248917,
1450287744.03,0.00299605622292,-0.00411957730651,0.00711563352942,0.0134822530031,0.00224704216719,-0.016478309226,-0.00823915461302,
1450287744.04,-0.00599211244583,-0.00561760541797,-0.000374507027864,-0.00187253513932,0.00187253513932,0.0131077459753,-0.0198488724768,
1450287744.05,0.00262154919505,-0.0490604206502,-0.0052430983901,0.00674112650156,0.0172273232818,0.00299605622292,0.0134822530031,
1450287744.07,0.0153547881424,-0.030335069257,0.0202233795047,0.00411957730651,-0.00149802811146,-0.000374507027864,-0.013856760031,
1450287744.07,0.0063666194737,0.00149802811146,0.00149802811146,-0.0112352108359,-0.00449408433437,-0.022095914644,0.0179763373375,
1450287744.08,-0.0183508443654,0.00749014055729,0.00561760541797,0.0235939427555,-0.0333311254799,0.013856760031,0.0153547881424,
1450287744.09,0.0134822530031,0.0131077459753,-0.00187253513932,-0.00187253513932,-0.00599211244583,0.0284625341177,-0.0202233795047,
1450287744.11,-0.00262154919505,-0.00749014055729,0.00561760541797,-0.0063666194737,-0.00711563352942,0.0273390130341,0.00224704216719,
1450287744.12,-0.0063666194737,-0.0127332389474,-0.019474365449,0.00449408433437,0.00973718272448,-0.022095914644,-0.00674112650156,
1450287744.13,0.0134822530031,-0.00486859136224,0.0161038021982,0.0123587319195,-0.0161038021982,-0.0340801395357,0.00561760541797,
1450287744.14,-0.0153547881424,0.00112352108359,0.00374507027864,0.0101116897523,0.0243429568112,-0.0202233795047,-0.00861366164088,
1450287744.16,-0.0153547881424,0.00337056325078,-0.0127332389474,-0.0179763373375,0.0363271817029,0.0146057740867,-0.00411957730651,
1450287744.16,-0.00374507027864,0.00337056325078,0.00224704216719,-0.00599211244583,-0.0198488724768,0.0280880270898,0.0063666194737,
1450287744.17,0.00374507027864,-0.00262154919505,0.00749014055729,0.0198488724768,-0.00823915461302,0.0239684497833,-0.00112352108359,
1450287744.18,-0.00561760541797,0.00262154919505,-0.00674112650156,-0.00449408433437,-0.00599211244583,-0.0052430983901,-0.0149802811146,
1450287744.2,-0.000374507027864,0.0101116897523,-0.0123587319195,0.00224704216719,-0.00898816866875,0.0172273232818,-0.00411957730651,
1450287744.2,-0.0142312670588,0.00374507027864,-0.0131077459753,0.0108607038081,-0.0217214076161,0.0,0.00224704216719,
1450287744.21,-0.0123587319195,-0.00674112650156,0.0168528162539,-0.00187253513932,-0.00112352108359,0.00224704216719,0.0254664778948,
1450287744.22,0.00449408433437,-0.00374507027864,0.0142312670588,0.00112352108359,-0.00861366164088,-0.000374507027864,-0.019474365449,
1450287744.24,-0.0250919708669,0.0063666194737,0.00898816866875,0.00486859136224,0.00262154919505,-0.0108607038081,-0.00674112650156,
1450287744.24,-0.00299605622292,0.016478309226,-0.0123587319195,-0.0052430983901,0.030335069257,0.00337056325078,0.0101116897523,
1450287744.25,-0.00299605622292,-0.00674112650156,-0.0112352108359,-0.0172273232818,0.0063666194737,-0.0134822530031,-0.0063666194737,
1450287744.26,0.00411957730651,-0.00561760541797,-0.00449408433437,0.00936267569661,-0.0104861967802,-0.00936267569661,0.00337056325078,
1450287744.29,0.00187253513932,0.0232194357276,-0.00486859136224,0.0295860552013,-0.00337056325078,0.000749014055729,-0.00786464758515,
1450287744.29,-0.0153547881424,-0.00262154919505,0.00674112650156,0.00599211244583,-0.00936267569661,-0.0149802811146,-0.00711563352942,
1450287744.3,-0.0202233795047,-0.0131077459753,0.00224704216719,-0.0123587319195,0.00337056325078,0.019474365449,-0.00262154919505,
1450287744.31,-0.0333311254799,0.00711563352942,0.0112352108359,0.00374507027864,0.00112352108359,0.00486859136224,-0.00936267569661,
1450287744.33,-0.00599211244583,-0.00374507027864,-0.00299605622292,-0.00711563352942,-0.00411957730651,-0.00374507027864,0.000374507027864,
1450287744.33,-0.0187253513932,-0.0063666194737,0.0052430983901,0.00898816866875,0.00749014055729,-0.00599211244583,0.00823915461302,
1450287744.34,-0.0190998584211,0.0183508443654,-0.00898816866875,-0.0168528162539,-0.0131077459753,0.0344546465635,0.00861366164088,
1450287744.35,-0.00149802811146,-0.0112352108359,-0.00112352108359,0.00262154919505,-0.0187253513932,0.016478309226,0.0,
1450287744.37,-0.000374507027864,-0.00112352108359,-0.00112352108359,0.00187253513932,0.0367016887307,-0.0168528162539,0.0190998584211,
1450287744.37,-0.0217214076161,-0.00449408433437,0.00149802811146,-0.00449408433437,0.0179763373375,-0.0217214076161,0.0172273232818,
1450287744.38,-0.0232194357276,-0.00973718272448,0.00486859136224,0.00898816866875,0.0063666194737,-0.0108607038081,-0.035952674675,
1450287744.39,-0.0179763373375,-0.00711563352942,-0.00823915461302,0.00224704216719,0.0052430983901,-0.00224704216719,-0.00337056325078,
1450287744.41,-0.0149802811146,-0.00337056325078,0.00299605622292,-0.00299605622292,-0.0153547881424,0.00337056325078,-0.013856760031,
1450287744.41,0.00411957730651,0.0153547881424,0.000749014055729,0.00224704216719,-0.0142312670588,0.0123587319195,0.0228449286997,
1450287744.42,-0.0247174638391,-0.00449408433437,-0.0101116897523,0.0108607038081,0.0172273232818,0.00337056325078,0.022095914644,
1450287744.43,-0.0288370411456,0.0209723935604,0.0127332389474,-0.0131077459753,-0.0127332389474,0.0340801395357,-0.0161038021982,
1450287744.45,-0.013856760031,0.0112352108359,-0.00299605622292,0.030335069257,-0.0209723935604,0.0400722519815,-0.000374507027864,
1450287744.45,-0.0149802811146,0.000374507027864,-0.00299605622292,0.00561760541797,0.00823915461302,0.0396977449536,-0.0123587319195,
1450287744.46,0.000749014055729,0.00149802811146,-0.00112352108359,0.00599211244583,-0.00599211244583,0.00486859136224,-0.0269645060062,
1450287744.47,-0.0168528162539,0.00112352108359,-0.00861366164088,0.00786464758515,0.0119842248917,0.00749014055729,-0.00411957730651,
1450287744.5,-0.00749014055729,-0.00449408433437,0.00936267569661,0.0202233795047,0.00486859136224,-0.00187253513932,0.022095914644,
1450287744.5,-0.0273390130341,0.0213469005883,0.0052430983901,-0.00112352108359,0.0119842248917,-0.0213469005883,0.0,
1450287744.51,-0.0239684497833,0.0202233795047,-0.00337056325078,-0.0116097178638,-0.0370761957586,-0.0322076043963,-0.022095914644,
1450287744.52,-0.0123587319195,0.0228449286997,-0.00486859136224,0.00486859136224,-0.013856760031,-0.0052430983901,-0.00374507027864,
1450287744.54,0.00599211244583,0.0314585903406,0.000749014055729,-0.00337056325078,0.0131077459753,0.00299605622292,0.00262154919505,
1450287744.54,-0.00711563352942,-0.0168528162539,-0.00711563352942,0.0101116897523,0.0153547881424,0.0243429568112,0.00599211244583,
1450287744.55,-0.0127332389474,0.00786464758515,-0.00674112650156,0.00674112650156,0.00337056325078,0.0325821114242,-0.0063666194737,
1450287744.56,-0.0157292951703,-0.00898816866875,0.00561760541797,-0.000749014055729,-0.00224704216719,0.0475623925388,0.00187253513932,
1450287744.58,0.00674112650156,-0.00112352108359,-0.0116097178638,0.00337056325078,-0.0243429568112,0.0913797147989,-0.00674112650156,
1450287744.58,0.0202233795047,-0.000749014055729,-0.00112352108359,0.0149802811146,-0.0131077459753,0.0936267569661,0.0273390130341,
1450287744.59,-0.00823915461302,-0.0063666194737,0.0108607038081,-0.0123587319195,-0.0119842248917,0.0865111234367,0.0168528162539,
1450287744.6,-0.00786464758515,0.00786464758515,-0.00224704216719,-0.00711563352942,0.00374507027864,0.105985488886,-0.0183508443654,
1450287744.62,0.00411957730651,-0.0134822530031,-0.0104861967802,-0.0101116897523,0.00674112650156,0.0887581656039,-0.0157292951703,
1450287744.63,0.00149802811146,0.00936267569661,0.0123587319195,-0.0104861967802,0.00224704216719,0.0984953483284,-0.0123587319195,
1450287744.63,-0.00112352108359,0.0183508443654,0.0,-0.00898816866875,0.00299605622292,0.128830417585,0.00861366164088,
1450287744.64,0.00674112650156,-0.00823915461302,-0.000374507027864,0.00262154919505,0.00936267569661,0.129953938669,0.0262154919505,
1450287744.67,-0.00861366164088,-0.00112352108359,0.00299605622292,0.0127332389474,-0.0157292951703,0.1438106987,-0.0325821114242,
1450287744.67,-0.0265899989784,-0.00224704216719,-0.00149802811146,-0.0112352108359,0.0134822530031,0.16141252901,-0.0176018303096,
1450287744.68,-0.00262154919505,0.00337056325078,-0.00898816866875,0.00262154919505,0.00299605622292,0.179014359319,-0.00149802811146,
1450287744.69,0.00898816866875,0.0112352108359,0.0108607038081,0.00149802811146,-0.0224704216719,0.188751542044,-0.0052430983901,
1450287744.71,0.0108607038081,0.016478309226,0.00112352108359,-0.00299605622292,-0.00224704216719,0.195118161517,-0.00674112650156,
1450287744.71,-0.00861366164088,-0.013856760031,0.0131077459753,-0.0176018303096,0.0183508443654,0.221333653468,0.0063666194737,
1450287744.72,-0.0292115481734,-0.00599211244583,-0.00262154919505,0.0153547881424,-0.00711563352942,0.199612245852,-0.00674112650156,
1450287744.73,-0.00711563352942,0.0325821114242,-0.013856760031,0.00749014055729,0.00674112650156,0.213843512911,0.0168528162539,
1450287744.75,-0.0142312670588,-0.0228449286997,-0.00599211244583,-0.00337056325078,-0.0104861967802,0.236313934582,0.00898816866875,
1450287744.75,-0.00749014055729,-0.00486859136224,0.0134822530031,0.00224704216719,-0.0190998584211,0.219461118329,-0.00374507027864,
1450287744.76,-0.00861366164088,-0.0052430983901,0.00112352108359,-0.0176018303096,-0.022095914644,0.199237738824,0.00973718272448,
1450287744.77,0.000374507027864,0.0232194357276,0.00936267569661,0.0325821114242,0.00112352108359,0.19811421774,-0.0183508443654,
1450287744.79,0.0217214076161,0.00898816866875,-0.0063666194737,0.0108607038081,0.0176018303096,0.174520274985,0.0134822530031,
1450287744.79,-0.00599211244583,0.00337056325078,-0.0198488724768,-0.0101116897523,-0.00486859136224,0.174145767957,-0.000374507027864,
1450287744.8,-0.0265899989784,-0.0247174638391,0.00299605622292,-0.00187253513932,0.00374507027864,0.150551825202,0.0108607038081,
1450287744.81,-0.0262154919505,-0.00823915461302,-0.013856760031,0.0190998584211,0.00262154919505,0.0954992921054,-0.000374507027864,
1450287744.84,0.00449408433437,0.00337056325078,0.0134822530031,0.0265899989784,0.00861366164088,0.0659132369041,-0.00674112650156,
1450287744.84,0.00411957730651,0.00711563352942,0.0119842248917,0.0217214076161,-0.00823915461302,0.0400722519815,-0.0131077459753,
1450287744.85,0.00374507027864,-0.027713520062,0.00149802811146,0.0292115481734,0.00861366164088,0.00299605622292,0.0134822530031,
1450287744.86,-0.00823915461302,-0.035952674675,-0.0142312670588,0.0284625341177,0.00187253513932,-0.0381997168422,0.0,
1450287744.88,-0.0228449286997,-0.0269645060062,-0.0183508443654,-0.00149802811146,-0.0183508443654,-0.0400722519815,-0.0228449286997,
1450287744.88,-0.016478309226,0.0209723935604,0.0108607038081,0.027713520062,-0.00861366164088,-0.0247174638391,0.00561760541797,
1450287744.89,-0.0205978865325,0.019474365449,0.00374507027864,0.0119842248917,-0.00374507027864,-0.0217214076161,0.00449408433437,
1450287744.9,0.00374507027864,-0.0052430983901,0.00786464758515,0.00711563352942,0.00973718272448,-0.013856760031,-0.0108607038081,
1450287744.92,-0.0217214076161,-0.0205978865325,0.0063666194737,0.0108607038081,0.00486859136224,-0.00262154919505,-0.00711563352942,
1450287744.92,-0.0134822530031,0.000749014055729,-0.00149802811146,0.0063666194737,0.00449408433437,-0.00374507027864,0.00224704216719,
1450287744.93,-0.0168528162539,-0.0322076043963,-0.0176018303096,-0.00599211244583,-0.000374507027864,0.022095914644,-0.00299605622292,
1450287744.94,-0.00786464758515,0.0123587319195,-0.0131077459753,0.00486859136224,-0.0123587319195,0.0468133784831,-0.0063666194737,
1450287744.96,-0.0284625341177,-0.0063666194737,-0.0112352108359,-0.00149802811146,0.0116097178638,0.0149802811146,0.00337056325078,
1450287744.96,-0.00299605622292,0.0149802811146,0.00187253513932,0.0224704216719,-0.0108607038081,0.0052430983901,0.00299605622292,
1450287744.97,0.0,-0.0063666194737,0.0116097178638,-0.00599211244583,0.0,0.0123587319195,-0.0209723935604,
1450287744.98,-0.00674112650156,-0.00711563352942,-0.00262154919505,0.0190998584211,0.0119842248917,-0.00486859136224,0.00112352108359,
1450287745.0,-0.0258409849226,-0.00486859136224,-0.00599211244583,0.0273390130341,0.00973718272448,-0.0213469005883,0.0108607038081,
1450287745.0,0.000374507027864,0.00711563352942,0.0123587319195,0.0108607038081,0.0,-0.0352036606193,0.0224704216719,
1450287745.01,-0.0108607038081,0.00823915461302,0.0157292951703,0.0325821114242,-0.019474365449,-0.044191829288,0.000749014055729,
1450287745.02,-0.013856760031,-0.00936267569661,-0.00224704216719,0.0307095762849,-0.00299605622292,0.00187253513932,-0.0116097178638,
1450287745.05,-0.0288370411456,-0.00599211244583,0.0063666194737,0.022095914644,-0.0112352108359,0.0299605622292,-0.0119842248917,
1450287745.05,-0.0119842248917,0.000374507027864,-0.0202233795047,0.0400722519815,-0.0127332389474,0.00262154919505,0.0,
1450287745.06,-0.0112352108359,-0.0127332389474,-0.0052430983901,0.0531799979568,0.00449408433437,0.0325821114242,0.00337056325078,
1450287745.07,0.00112352108359,-0.00337056325078,0.00711563352942,0.0617936595976,0.00149802811146,0.0284625341177,-0.016478309226,
1450287745.09,-0.0202233795047,-0.0172273232818,0.013856760031,0.0513074628174,0.022095914644,0.0232194357276,-0.0228449286997,
1450287745.09,-0.013856760031,-0.0063666194737,-0.00749014055729,0.066287743932,0.00187253513932,-0.0258409849226,-0.0224704216719,
1450287745.1,-0.00711563352942,0.00486859136224,-0.0146057740867,0.0572995752633,-0.00486859136224,-0.0187253513932,0.0112352108359,
1450287745.11,-0.0127332389474,0.0348291535914,0.00262154919505,0.0640407017648,-0.0146057740867,-0.0265899989784,0.0119842248917,
1450287745.13,-0.0161038021982,0.0131077459753,0.0183508443654,0.0250919708669,0.0063666194737,-0.0355781676471,-0.00861366164088,
1450287745.13,-0.0101116897523,-0.0269645060062,0.00299605622292,0.0348291535914,-0.0101116897523,-0.0307095762849,-0.00973718272448,
1450287745.14,-0.0217214076161,0.00187253513932,-0.00599211244583,0.0546780260682,-0.00411957730651,-0.0052430983901,0.00149802811146,
1450287745.15,0.00936267569661,0.0269645060062,-0.00561760541797,0.0550525330961,-0.000374507027864,-0.00112352108359,-0.00898816866875,
1450287745.18,-0.016478309226,-0.016478309226,-0.00224704216719,0.0602956314862,0.0232194357276,0.0232194357276,0.0250919708669,
1450287745.18,-0.0187253513932,-0.0052430983901,0.00411957730651,0.0561760541797,0.0202233795047,-0.000374507027864,-0.0146057740867,
1450287745.19,-0.0112352108359,0.0149802811146,-0.0153547881424,0.0572995752633,-0.00561760541797,-0.00149802811146,-0.00973718272448,
1450287745.2,-0.0161038021982,-0.00299605622292,-0.00262154919505,0.0838895742416,-0.0250919708669,-0.0104861967802,0.000374507027864,
1450287745.22,0.0127332389474,-0.0112352108359,0.00337056325078,0.0479368995667,0.0292115481734,-0.0224704216719,0.0063666194737,
1450287745.22,-0.00411957730651,-0.00749014055729,0.00262154919505,0.0681602790713,-0.00149802811146,-0.0411957730651,0.0367016887307,
1450287745.23,0.000374507027864,-0.0161038021982,-0.0168528162539,0.0689092931271,-0.0134822530031,-0.0584230963469,-0.00749014055729,
1450287745.24,-0.00112352108359,0.00898816866875,0.00749014055729,0.074526898545,0.0146057740867,-0.0868856304646,-0.00749014055729,
1450287745.26,-0.0116097178638,0.00411957730651,0.0119842248917,0.0846385882974,-0.0295860552013,-0.0812680250466,-0.00224704216719,
1450287745.26,-0.00486859136224,0.0157292951703,0.00262154919505,0.0587976033747,0.00112352108359,-0.100742390496,-0.0280880270898,
1450287745.27,-0.00973718272448,-0.00187253513932,-0.0146057740867,0.0599211244583,0.0198488724768,-0.134822530031,0.000749014055729,
1450287745.28,-0.00861366164088,0.00112352108359,0.0063666194737,0.0617936595976,-0.0179763373375,-0.150177318174,0.0224704216719,
1450287745.3,0.00486859136224,0.00936267569661,0.0063666194737,0.0823915461302,-0.0187253513932,-0.161038021982,-0.035952674675,
1450287745.3,-0.000749014055729,-0.00936267569661,-0.00411957730651,0.063666194737,-0.00224704216719,-0.185755485821,-0.0632916877091,
1450287745.31,-0.00187253513932,0.00187253513932,0.0063666194737,0.0681602790713,0.00449408433437,-0.218712104273,-0.0835150672138,
1450287745.32,-0.0157292951703,0.00936267569661,-0.00599211244583,0.0861366164088,-0.00411957730651,-0.236313934582,-0.0842640812695,
1450287745.34,-0.000374507027864,-0.000749014055729,0.00449408433437,0.106734502941,-0.00898816866875,-0.244927596223,-0.129204924613,
1450287745.34,-0.0112352108359,-0.0112352108359,0.00861366164088,0.0977463342726,0.00823915461302,-0.253541257864,-0.101116897523,
1450287745.35,0.00711563352942,-0.00749014055729,0.00149802811146,0.118344220805,-0.00149802811146,-0.271517595202,-0.0962483061612,
1450287745.36,0.00561760541797,-0.0284625341177,0.00599211244583,0.0936267569661,0.00187253513932,-0.250170694613,-0.0655387298763,
1450287745.39,-0.00262154919505,0.00449408433437,-0.0119842248917,0.0880091515481,-0.00561760541797,-0.229572808081,-0.0771484477401,
1450287745.39,0.00224704216719,0.0307095762849,-0.0168528162539,0.0595466174304,0.0299605622292,-0.176767317152,-0.0835150672138,
1450287745.4,-0.000749014055729,0.0052430983901,0.00374507027864,0.0513074628174,-0.00936267569661,-0.162910557121,-0.0805190109909,
1450287745.41,-0.0112352108359,0.00224704216719,0.00936267569661,0.0647897158206,-0.0232194357276,-0.149802811146,-0.0737778844893,
1450287745.43,-0.00374507027864,0.0131077459753,0.0213469005883,0.0449408433437,0.0104861967802,-0.110105066192,-0.0273390130341,
1450287745.43,-0.00149802811146,0.00749014055729,-0.0112352108359,0.0314585903406,0.0101116897523,-0.0629171806812,-0.0322076043963,
1450287745.44,0.0108607038081,0.0119842248917,-0.0179763373375,0.0404467590094,-0.00711563352942,-0.0340801395357,0.0183508443654,
1450287745.45,0.0108607038081,0.0119842248917,-0.00374507027864,0.0146057740867,-0.0239684497833,0.00112352108359,-0.00374507027864,
1450287745.47,0.0116097178638,-0.00823915461302,-0.00149802811146,0.000374507027864,-0.00337056325078,0.0273390130341,0.0123587319195,
1450287745.47,-0.0131077459753,-0.0063666194737,-0.000749014055729,0.022095914644,0.0131077459753,0.0310840833127,0.0131077459753,
1450287745.48,-0.00599211244583,-0.000749014055729,0.00561760541797,0.0258409849226,-0.0127332389474,0.0340801395357,-0.0333311254799,
1450287745.49,0.0172273232818,-0.0205978865325,0.00224704216719,0.00411957730651,0.000749014055729,0.0235939427555,0.00749014055729,
1450287745.51,0.0157292951703,0.00224704216719,-0.00411957730651,0.0101116897523,0.0104861967802,0.0112352108359,0.00187253513932,
1450287745.51,0.0176018303096,0.0146057740867,0.00749014055729,-0.00112352108359,0.0131077459753,-0.00449408433437,-0.0273390130341,
1450287745.53,-0.0112352108359,0.00861366164088,-0.00486859136224,-0.0355781676471,-0.0052430983901,-0.0190998584211,-0.00411957730651,
1450287745.54,-0.022095914644,-0.0273390130341,0.00936267569661,-0.0209723935604,-0.0108607038081,-0.00374507027864,0.00187253513932,
1450287745.56,-0.0149802811146,-0.022095914644,0.0116097178638,-0.00674112650156,-0.00711563352942,-0.0108607038081,0.0179763373375,
1450287745.56,0.016478309226,0.0146057740867,0.0101116897523,-0.00449408433437,0.00711563352942,-0.0149802811146,0.016478309226,
1450287745.57,0.00187253513932,-0.016478309226,-0.0232194357276,-0.00449408433437,0.00936267569661,-0.0146057740867,-0.0258409849226,
1450287745.58,-0.00262154919505,0.00449408433437,0.013856760031,-0.00674112650156,0.000749014055729,-0.00711563352942,-0.00973718272448,
1450287745.6,0.0187253513932,-0.00786464758515,0.00149802811146,-0.00599211244583,0.0149802811146,0.0471878855109,-0.00786464758515,
1450287745.6,-0.0314585903406,-0.0224704216719,-0.0127332389474,-0.00561760541797,-0.0168528162539,-0.00337056325078,0.00486859136224,
1450287745.61,-0.0063666194737,-0.0258409849226,0.00299605622292,0.00299605622292,0.0123587319195,-0.0183508443654,0.0127332389474,
1450287745.62,-0.00786464758515,0.00337056325078,0.00112352108359,-0.00749014055729,0.0142312670588,0.0104861967802,-0.00561760541797,
1450287745.64,0.00861366164088,0.00149802811146,-0.00711563352942,-0.0153547881424,-0.0101116897523,0.0340801395357,-0.0176018303096,
1450287745.64,0.0187253513932,-0.00561760541797,0.00674112650156,-0.00149802811146,-0.00411957730651,0.0288370411456,0.019474365449,
1450287745.65,-0.0108607038081,-0.0161038021982,0.000749014055729,-0.00561760541797,-0.00861366164088,0.00337056325078,0.00674112650156,
1450287745.66,-0.00674112650156,-0.00823915461302,-0.00973718272448,-0.00561760541797,-0.00374507027864,-0.00898816866875,-0.00786464758515,
1450287745.69,-0.0146057740867,-0.0153547881424,-0.0063666194737,0.0363271817029,-0.00112352108359,-0.0352036606193,-0.00299605622292,
1450287745.69,-0.00898816866875,-0.0112352108359,-0.0198488724768,-0.00561760541797,-0.0101116897523,-0.0153547881424,0.016478309226,
1450287745.69,0.0,0.000374507027864,0.00674112650156,-0.00149802811146,-0.00149802811146,0.027713520062,-0.00823915461302,
1450287745.7,0.00224704216719,0.0127332389474,0.00973718272448,-0.00561760541797,0.00337056325078,0.0378252098143,0.00187253513932,
1450287745.73,0.00449408433437,0.00337056325078,0.0134822530031,-0.0108607038081,-0.00486859136224,0.0119842248917,0.00749014055729,
1450287745.73,-0.000374507027864,-0.00262154919505,-0.0063666194737,0.0108607038081,-0.00711563352942,0.0052430983901,0.00262154919505,
1450287745.74,-0.00486859136224,0.00898816866875,0.00973718272448,0.022095914644,0.00299605622292,-0.022095914644,0.0116097178638,
1450287745.75,-0.00561760541797,0.0104861967802,-0.00486859136224,0.0101116897523,-0.0243429568112,0.00599211244583,0.00786464758515,
1450287745.77,-0.000374507027864,-0.0179763373375,-0.00599211244583,-0.016478309226,-0.00861366164088,0.00112352108359,0.00561760541797,
1450287745.77,-0.00786464758515,0.00786464758515,0.013856760031,-0.0153547881424,0.0299605622292,0.016478309226,-0.0116097178638,
1450287745.78,-0.00749014055729,0.00823915461302,-0.00224704216719,-0.00449408433437,0.0116097178638,0.0153547881424,-0.00374507027864,
1450287745.79,0.00112352108359,-0.000749014055729,0.00112352108359,-0.00299605622292,-0.00561760541797,0.013856760031,0.0,
1450287745.81,0.0247174638391,0.0217214076161,0.00711563352942,-0.00823915461302,-0.0119842248917,-0.00599211244583,0.0157292951703,
1450287745.81,-0.0063666194737,-0.0157292951703,0.00973718272448,0.0161038021982,0.00337056325078,-0.0202233795047,0.000374507027864,
1450287745.82,-0.0063666194737,-0.0202233795047,-0.00224704216719,0.00299605622292,0.00936267569661,-0.00449408433437,0.00486859136224,
1450287745.83,0.013856760031,0.000374507027864,-0.00486859136224,0.0101116897523,-0.0101116897523,0.0063666194737,-0.00262154919505,
1450287745.85,-0.0149802811146,0.0247174638391,-0.00299605622292,0.0127332389474,-0.0052430983901,-0.00337056325078,-0.0101116897523,
1450287745.85,0.00561760541797,0.0134822530031,0.000374507027864,-0.00674112650156,-0.00936267569661,-0.00187253513932,-0.0198488724768,
1450287745.86,0.00149802811146,0.00149802811146,-0.00149802811146,-0.000374507027864,0.00262154919505,0.0063666194737,0.0198488724768,
1450287745.87,0.00861366164088,-0.00936267569661,0.00711563352942,-0.00599211244583,-0.00861366164088,-0.00936267569661,0.00112352108359,
1450287745.9,0.00187253513932,-0.0052430983901,-0.00674112650156,0.000749014055729,0.027713520062,-0.00786464758515,0.0172273232818,
1450287745.9,-0.0187253513932,-0.0149802811146,-0.0172273232818,0.0123587319195,-0.00449408433437,-0.013856760031,0.0123587319195,
1450287745.91,0.0108607038081,0.0127332389474,-0.00711563352942,-0.00486859136224,-0.00262154919505,0.00561760541797,-0.00786464758515,
1450287745.92,-0.00711563352942,0.0146057740867,-0.00411957730651,-0.0157292951703,-0.0123587319195,0.0183508443654,-0.0112352108359,
1450287745.94,-0.0119842248917,0.00936267569661,-0.00112352108359,-0.00674112650156,0.0,-0.00599211244583,-0.0123587319195,
1450287745.94,0.00149802811146,-0.0187253513932,0.00936267569661,0.00449408433437,-0.0108607038081,-0.0355781676471,-0.016478309226,
1450287745.95,0.00449408433437,0.00674112650156,-0.0052430983901,0.0123587319195,0.0112352108359,0.00262154919505,0.00786464758515,
1450287745.96,-0.00823915461302,-0.000749014055729,0.00823915461302,-0.0172273232818,-0.00711563352942,0.00449408433437,0.00674112650156,
1450287745.98,0.00749014055729,0.00374507027864,0.00786464758515,-0.00337056325078,-0.0134822530031,0.00411957730651,0.00149802811146,
1450287745.98,-0.016478309226,-0.013856760031,-0.00224704216719,0.00486859136224,-0.0112352108359,0.027713520062,-0.00486859136224,
1450287745.99,-0.00262154919505,0.00374507027864,-0.0104861967802,0.030335069257,-0.0101116897523,0.0149802811146,-0.00936267569661,
1450287746.0,0.016478309226,0.0149802811146,-0.00786464758515,-0.0228449286997,0.0108607038081,-0.0119842248917,0.00973718272448,
1450287746.02,0.00374507027864,-0.00112352108359,0.000749014055729,0.0052430983901,-0.00149802811146,-0.00337056325078,0.0142312670588,
1450287746.02,-0.000749014055729,-0.0273390130341,0.0131077459753,0.00898816866875,-0.00187253513932,-0.0224704216719,-0.00149802811146,
1450287746.03,0.00861366164088,0.00262154919505,0.00711563352942,-0.0149802811146,0.00449408433437,-0.0325821114242,-0.0149802811146,
1450287746.04,0.00337056325078,-0.00112352108359,-0.00749014055729,-0.0168528162539,0.00337056325078,-0.0325821114242,-0.00299605622292,
1450287746.07,0.00823915461302,-0.0101116897523,0.00486859136224,0.00823915461302,0.00823915461302,-0.00823915461302,0.00449408433437,
1450287746.07,-0.00411957730651,0.0161038021982,0.00449408433437,0.00449408433437,-0.0232194357276,0.0614191525698,0.0232194357276,
1450287746.08,-0.019474365449,-0.00299605622292,-0.00561760541797,0.0104861967802,-0.00898816866875,0.00411957730651,-0.00486859136224,
1450287746.09,0.0179763373375,-0.0157292951703,0.000749014055729,-0.0116097178638,0.0153547881424,0.00861366164088,-0.00149802811146,
1450287746.11,-0.000749014055729,0.0307095762849,-0.00711563352942,-0.00337056325078,-0.00411957730651,0.00674112650156,0.000374507027864,
1450287746.11,0.00674112650156,0.00411957730651,-0.000749014055729,0.0101116897523,0.00149802811146,0.00112352108359,-0.00823915461302,
1450287746.12,0.00149802811146,-0.0131077459753,-0.0161038021982,-0.0123587319195,-0.00374507027864,-0.0396977449536,0.0131077459753,
1450287746.13,-0.0187253513932,-0.0393232379258,0.0116097178638,-0.0116097178638,-0.00486859136224,-0.0378252098143,0.0307095762849,
1450287746.15,0.0063666194737,-0.00224704216719,0.0052430983901,0.0157292951703,0.00449408433437,-0.0123587319195,-0.00224704216719,
1450287746.15,-0.0131077459753,0.0149802811146,-0.0146057740867,0.00674112650156,0.0108607038081,0.00599211244583,-0.0063666194737,
1450287746.16,0.0198488724768,0.0101116897523,-0.00561760541797,-0.00411957730651,0.027713520062,0.0299605622292,-0.0269645060062,
1450287746.17,0.0176018303096,0.00112352108359,-0.00973718272448,-0.00599211244583,-0.0310840833127,0.0134822530031,-0.0052430983901,
1450287746.19,-0.0157292951703,-0.000749014055729,0.0127332389474,0.0239684497833,-0.0198488724768,0.0123587319195,-0.00674112650156,
1450287746.2,-0.00449408433437,-0.0378252098143,0.00561760541797,0.00299605622292,0.0119842248917,0.00112352108359,0.00187253513932,
1450287746.2,-0.00374507027864,0.00749014055729,0.0198488724768,-0.0232194357276,0.0205978865325,0.0063666194737,0.0052430983901,
1450287746.22,0.00449408433437,0.00674112650156,-0.00149802811146,0.0179763373375,-0.00561760541797,-0.0101116897523,-0.00823915461302,
1450287746.24,0.0131077459753,0.0176018303096,-0.00411957730651,-0.0052430983901,-0.0134822530031,-0.0168528162539,0.00374507027864,
1450287746.24,0.00337056325078,-0.0119842248917,0.0172273232818,-0.0134822530031,-0.00823915461302,-0.0262154919505,-0.00337056325078,
1450287746.25,-0.0119842248917,-0.00112352108359,-0.00337056325078,-0.00187253513932,0.0127332389474,-0.0168528162539,0.0198488724768,
1450287746.26,-0.0104861967802,0.0168528162539,-0.00337056325078,0.0146057740867,0.0284625341177,-0.0108607038081,0.0161038021982,
1450287746.28,0.0,0.019474365449,-0.0198488724768,-0.0052430983901,0.00449408433437,0.0239684497833,-0.00337056325078,
1450287746.28,0.00823915461302,-0.0168528162539,-0.00898816866875,-0.016478309226,-0.0224704216719,0.022095914644,-0.00262154919505,
1450287746.29,0.00973718272448,-0.00749014055729,0.00786464758515,0.022095914644,0.00786464758515,0.00374507027864,0.00112352108359,
1450287746.3,-0.0142312670588,-0.000374507027864,0.00449408433437,-0.0101116897523,0.0142312670588,-0.000749014055729,-0.00823915461302,
1450287746.32,-0.0101116897523,-0.0104861967802,0.00674112650156,-0.0142312670588,-0.00112352108359,-0.0292115481734,-0.00149802811146,
1450287746.32,0.00823915461302,0.0142312670588,-0.0101116897523,0.00411957730651,-0.0123587319195,-0.00561760541797,-0.0258409849226,
1450287746.33,-0.00224704216719,-0.0190998584211,-0.000374507027864,-0.0101116897523,0.00561760541797,0.0213469005883,-0.013856760031,
1450287746.34,-0.00149802811146,-0.0243429568112,0.00561760541797,-0.0052430983901,-0.00599211244583,-0.0329566184521,-0.00411957730651,
1450287746.37,0.016478309226,-0.00224704216719,0.00411957730651,0.00936267569661,0.0104861967802,-0.0367016887307,0.00936267569661,
1450287746.37,0.00823915461302,0.0153547881424,0.00449408433437,0.0123587319195,-0.0149802811146,0.00561760541797,-0.00337056325078,
1450287746.37,0.000374507027864,-0.00898816866875,-0.00224704216719,-0.0187253513932,-0.0142312670588,0.00149802811146,0.0108607038081,
1450287746.38,0.0142312670588,0.0146057740867,0.00674112650156,-0.0157292951703,0.0101116897523,-0.0052430983901,0.0134822530031,
1450287746.41,-0.00262154919505,-0.0052430983901,-0.00187253513932,0.0322076043963,0.027713520062,-0.0119842248917,0.0172273232818,
1450287746.41,-0.0209723935604,-0.0127332389474,0.0127332389474,0.00112352108359,0.00861366164088,-0.0146057740867,0.0063666194737,
1450287746.42,-0.0116097178638,0.0146057740867,-0.016478309226,-0.0205978865325,0.00299605622292,-0.00411957730651,-0.0198488724768,
1450287746.43,0.0108607038081,0.00674112650156,-0.0127332389474,-0.00823915461302,0.00973718272448,0.00861366164088,-0.00786464758515,
1450287746.45,0.0295860552013,-0.0134822530031,0.00374507027864,0.0161038021982,-0.0235939427555,0.0348291535914,0.00262154919505,
1450287746.45,-0.0232194357276,-0.00749014055729,0.00262154919505,-0.0134822530031,-0.0168528162539,-0.0146057740867,0.00149802811146,
1450287746.46,-0.0198488724768,-0.0146057740867,0.0063666194737,0.00149802811146,-0.00786464758515,-0.0187253513932,0.0131077459753,
1450287746.47,0.00674112650156,0.027713520062,-0.00449408433437,0.0134822530031,-0.0157292951703,0.00898816866875,-0.0116097178638,
1450287746.49,-0.0112352108359,0.0149802811146,-0.00112352108359,0.016478309226,-0.00973718272448,0.0258409849226,0.00112352108359,
1450287746.49,0.0153547881424,-0.0131077459753,-0.0119842248917,-0.0101116897523,0.0232194357276,-0.00486859136224,-0.00786464758515,
1450287746.5,0.00112352108359,0.0108607038081,0.00711563352942,-0.000374507027864,0.0112352108359,-0.00224704216719,0.00861366164088,
1450287746.51,0.00411957730651,-0.0153547881424,0.00711563352942,-0.0149802811146,0.00749014055729,0.0063666194737,-0.0123587319195,
1450287746.53,0.00149802811146,-0.00149802811146,-0.00262154919505,-0.00898816866875,0.00861366164088,-0.00411957730651,-0.000374507027864,
1450287746.53,0.00449408433437,-0.00561760541797,0.00449408433437,0.0104861967802,-0.0250919708669,-0.0187253513932,0.000374507027864,
1450287746.54,0.0063666194737,-0.000749014055729,-0.00411957730651,0.013856760031,0.0157292951703,-0.00337056325078,0.00973718272448,
1450287746.55,0.00861366164088,-0.00861366164088,-0.00898816866875,-0.00337056325078,-0.000749014055729,0.0187253513932,-0.00936267569661,
1450287746.58,0.0101116897523,0.0052430983901,0.00299605622292,-0.00262154919505,0.0119842248917,-0.00711563352942,0.0112352108359,
1450287746.58,0.0149802811146,0.0187253513932,-0.0052430983901,0.00149802811146,0.00224704216719,-0.00786464758515,-0.00861366164088,
1450287746.59,0.00711563352942,-0.00374507027864,-0.00262154919505,-0.0254664778948,0.00449408433437,0.0063666194737,0.00224704216719,
1450287746.6,-0.0168528162539,0.00749014055729,-0.00187253513932,0.022095914644,-0.000749014055729,0.00749014055729,0.0183508443654,
1450287746.62,-0.0104861967802,-0.00224704216719,0.00187253513932,-0.0127332389474,0.0052430983901,0.0119842248917,-0.00786464758515,
1450287746.62,0.0116097178638,-0.019474365449,-0.00374507027864,0.00112352108359,0.00486859136224,-0.00711563352942,0.0127332389474,
1450287746.63,0.0176018303096,-0.00711563352942,-0.0123587319195,-0.0131077459753,-0.0146057740867,0.0119842248917,-0.0063666194737,
1450287746.64,0.0063666194737,0.0131077459753,-0.00299605622292,0.00374507027864,0.0235939427555,0.00187253513932,0.00299605622292,
1450287746.66,0.0157292951703,0.0202233795047,0.00898816866875,-0.00711563352942,0.00561760541797,-0.00936267569661,0.00823915461302,
1450287746.66,-0.0157292951703,-0.00599211244583,0.00599211244583,0.00112352108359,-0.00449408433437,-0.0052430983901,0.00749014055729,
1450287746.67,-0.0119842248917,0.00561760541797,0.000374507027864,-0.00149802811146,-0.0127332389474,0.00861366164088,-0.0370761957586,
1450287746.68,-0.00561760541797,-0.00449408433437,-0.000749014055729,0.00711563352942,-0.00299605622292,-0.00674112650156,-0.00936267569661,
1450287746.7,0.0179763373375,0.00149802811146,0.00861366164088,0.00973718272448,-0.0134822530031,0.0149802811146,0.0127332389474,
1450287746.7,0.0367016887307,0.0,0.00411957730651,0.00112352108359,-0.00898816866875,0.00898816866875,0.0205978865325,
1450287746.71,-0.00187253513932,0.0146057740867,-0.00486859136224,-0.0228449286997,0.00786464758515,-0.00112352108359,-0.000749014055729,
1450287746.72,-0.0119842248917,0.0052430983901,0.00711563352942,-0.0168528162539,0.0161038021982,-0.0213469005883,0.00224704216719,
1450287746.74,-0.00449408433437,0.000749014055729,-0.00599211244583,0.00561760541797,0.0209723935604,-0.0307095762849,0.0104861967802,
1450287746.74,-0.0063666194737,0.0149802811146,-0.00823915461302,0.0172273232818,-0.00224704216719,0.000749014055729,0.00861366164088,
1450287746.75,0.00561760541797,-0.0123587319195,-0.00224704216719,-0.000374507027864,-0.000374507027864,0.0209723935604,-0.0254664778948,
1450287746.76,0.00561760541797,-0.00936267569661,0.00973718272448,0.00674112650156,-0.00337056325078,-0.0116097178638,-0.027713520062,
1450287746.79,0.00224704216719,-0.00374507027864,0.00262154919505,0.00262154919505,-0.0161038021982,-0.00973718272448,-0.00898816866875,
1450287746.79,0.00149802811146,0.00187253513932,-0.0112352108359,-0.00486859136224,0.0176018303096,0.00149802811146,-0.00898816866875,
1450287746.8,0.000374507027864,0.0161038021982,0.00449408433437,0.00337056325078,0.0179763373375,0.0273390130341,0.0179763373375,
1450287746.81,-0.00936267569661,-0.0119842248917,0.00374507027864,0.0292115481734,-0.0134822530031,0.00149802811146,0.00711563352942,
1450287746.83,-0.0123587319195,-0.00262154919505,-0.00411957730651,0.0235939427555,-0.013856760031,-0.0381997168422,-0.00823915461302,
1450287746.83,-0.00149802811146,0.00337056325078,-0.00187253513932,-0.0176018303096,0.0,-0.00861366164088,-0.016478309226,
1450287746.84,0.0123587319195,0.0217214076161,0.00973718272448,-0.00599211244583,0.0176018303096,0.00861366164088,0.0123587319195,
1450287746.85,-0.00224704216719,0.00262154919505,0.00711563352942,0.0187253513932,-0.0161038021982,-0.0243429568112,0.0209723935604,
1450287746.87,-0.0123587319195,-0.0134822530031,-0.0157292951703,0.00711563352942,0.0142312670588,-0.0157292951703,-0.0232194357276,
1450287746.87,0.00486859136224,0.00561760541797,-0.0142312670588,-0.0123587319195,0.00486859136224,-0.00786464758515,-0.00749014055729,
1450287746.88,0.00449408433437,0.00486859136224,0.00449408433437,-0.00786464758515,-0.0112352108359,-0.0142312670588,-0.00374507027864,
1450287746.89,0.0198488724768,0.00262154919505,-0.0119842248917,-0.00337056325078,-0.0168528162539,-0.016478309226,-0.00561760541797,
1450287746.91,-0.000374507027864,0.00149802811146,0.00337056325078,0.0176018303096,-0.00749014055729,-0.016478309226,0.000749014055729,
1450287746.92,-0.0153547881424,-0.00711563352942,0.00674112650156,-0.00711563352942,0.0052430983901,-0.0393232379258,0.00224704216719,
1450287746.93,0.00299605622292,-0.00262154919505,0.00973718272448,0.0243429568112,-0.0052430983901,-0.0250919708669,0.00823915461302,
1450287746.94,-0.00374507027864,-0.000749014055729,0.00449408433437,-0.00674112650156,0.0295860552013,-0.0258409849226,0.0063666194737,
1450287746.96,-0.000374507027864,-0.0131077459753,0.00936267569661,-0.0131077459753,-0.00936267569661,-0.0262154919505,0.0228449286997,
1450287746.96,0.0119842248917,-0.000749014055729,-0.0119842248917,0.0168528162539,-0.00449408433437,-0.0183508443654,0.0112352108359,
1450287746.97,0.00786464758515,0.00411957730651,-0.0127332389474,0.0247174638391,0.00861366164088,-0.0176018303096,-0.0265899989784,
1450287746.98,0.000374507027864,-0.00823915461302,-0.00486859136224,0.0134822530031,0.00599211244583,-0.0269645060062,-0.0262154919505,
1450287747.0,0.0052430983901,0.0243429568112,0.000374507027864,-0.0295860552013,0.00187253513932,-0.0314585903406,0.00786464758515,
1450287747.0,-0.000374507027864,0.0149802811146,0.00786464758515,-0.00561760541797,-0.0134822530031,-0.0104861967802,-0.019474365449,
1450287747.01,0.00299605622292,-0.0172273232818,0.00599211244583,0.0104861967802,0.00187253513932,0.0134822530031,0.0,
1450287747.02,0.00112352108359,0.00599211244583,-0.0116097178638,0.0265899989784,0.00486859136224,0.00337056325078,-0.00823915461302,
1450287747.04,0.0,0.0063666194737,0.00299605622292,0.0247174638391,0.0052430983901,-0.0063666194737,0.019474365449,
1450287747.04,0.00561760541797,-0.0157292951703,0.00299605622292,0.00187253513932,-0.00561760541797,0.019474365449,0.00374507027864,
1450287747.05,-0.0127332389474,0.00187253513932,0.00599211244583,0.0146057740867,-0.0142312670588,0.00411957730651,0.016478309226,
1450287747.06,-0.00861366164088,0.0325821114242,0.00262154919505,-0.0146057740867,0.00149802811146,-0.0104861967802,0.0134822530031,
1450287747.08,0.00299605622292,-0.0217214076161,-0.0101116897523,0.0127332389474,0.00187253513932,-0.019474365449,-0.0262154919505,
1450287747.08,0.00749014055729,-0.0176018303096,-0.00224704216719,0.0153547881424,0.0157292951703,-0.00561760541797,-0.00112352108359,
1450287747.09,-0.00786464758515,0.0224704216719,-0.0123587319195,0.0108607038081,0.0161038021982,0.000749014055729,0.000749014055729,
1450287747.11,-0.00674112650156,-0.00299605622292,0.00486859136224,0.00861366164088,-0.00224704216719,-0.00262154919505,0.00374507027864,
1450287747.13,0.0198488724768,-0.00112352108359,-0.00711563352942,0.00936267569661,-0.0153547881424,-0.0116097178638,0.022095914644,
1450287747.13,-0.0101116897523,0.0187253513932,0.00149802811146,0.00449408433437,-0.00674112650156,0.0265899989784,-0.0101116897523,
1450287747.14,-0.0119842248917,0.000749014055729,0.00449408433437,0.0247174638391,0.0217214076161,-0.00711563352942,0.00973718272448,
1450287747.15,-0.0063666194737,-0.0381997168422,-0.00299605622292,0.0198488724768,0.0116097178638,-0.0269645060062,-0.00898816866875,
1450287747.17,-0.0119842248917,-0.00823915461302,-0.00674112650156,0.0119842248917,0.00936267569661,-0.00486859136224,0.0131077459753,
1450287747.17,-0.00224704216719,0.00374507027864,0.00299605622292,-0.0101116897523,-0.0108607038081,-0.0149802811146,-0.0063666194737,
1450287747.18,0.0153547881424,0.00337056325078,0.00411957730651,0.0187253513932,-0.00861366164088,-0.0494349276781,-0.0161038021982,
1450287747.19,0.0254664778948,0.0116097178638,-0.00149802811146,0.0258409849226,0.0161038021982,-0.0681602790713,-0.0146057740867,
1450287747.21,-0.0119842248917,0.00599211244583,-0.0123587319195,0.0142312670588,-0.0101116897523,-0.0921287288547,-0.013856760031,
1450287747.21,-0.0131077459753,-0.00449408433437,0.00337056325078,0.0318330973685,-0.0108607038081,-0.0880091515481,0.0258409849226,
1450287747.22,-0.0198488724768,-0.0153547881424,0.0176018303096,0.0247174638391,0.0217214076161,-0.0805190109909,0.0108607038081,
1450287747.23,-0.00224704216719,-0.0131077459753,-0.0157292951703,0.0243429568112,0.00936267569661,-0.0486859136224,0.00149802811146,
1450287747.25,0.00711563352942,-0.013856760031,0.00262154919505,0.0314585903406,0.00711563352942,-0.0898816866875,0.013856760031,
1450287747.25,0.0213469005883,-0.00749014055729,0.0157292951703,0.0423192941487,-0.000749014055729,-0.124336333251,-0.00711563352942,
1450287747.26,0.00262154919505,0.00599211244583,0.00786464758515,0.0595466174304,-0.0179763373375,-0.094001263994,-0.00561760541797,
1450287747.27,0.0,-0.0119842248917,-0.00749014055729,0.0217214076161,-0.022095914644,-0.0842640812695,-0.00224704216719,
1450287747.29,-0.0183508443654,-0.00599211244583,-0.00337056325078,0.0337056325078,0.0063666194737,-0.0685347860992,0.00561760541797,
1450287747.29,0.00112352108359,0.00749014055729,0.00561760541797,0.0299605622292,0.0228449286997,-0.0655387298763,-0.00599211244583,
1450287747.3,0.00449408433437,0.0355781676471,0.0052430983901,0.0400722519815,0.0104861967802,-0.0722798563778,0.00898816866875,
1450287747.31,0.0112352108359,-0.0104861967802,0.000374507027864,0.0295860552013,0.00749014055729,-0.0763994336843,-0.0052430983901,
1450287747.34,0.00374507027864,-0.0157292951703,-0.0217214076161,0.0464388714552,-0.0116097178638,-0.0584230963469,0.00224704216719,
1450287747.34,-0.0119842248917,-0.00561760541797,0.00224704216719,0.0198488724768,-0.0142312670588,-0.0674112650156,-0.0149802811146,
1450287747.35,-0.00374507027864,0.0063666194737,0.0052430983901,0.052430983901,-0.00486859136224,-0.0644152087927,0.0052430983901,
1450287747.36,0.0104861967802,-0.00674112650156,0.0119842248917,0.0411957730651,0.0104861967802,-0.0494349276781,0.00262154919505,
1450287747.38,0.0183508443654,0.00711563352942,0.00299605622292,0.0438173222601,-0.00374507027864,-0.0426938011765,0.035952674675,
1450287747.38,-0.0119842248917,-0.0273390130341,0.00561760541797,0.0595466174304,0.00149802811146,-0.0610446455419,0.00262154919505,
1450287747.39,-0.00262154919505,-0.0116097178638,0.00187253513932,0.0393232379258,-0.00711563352942,-0.0614191525698,-0.0116097178638,
1450287747.4,0.00973718272448,-0.0052430983901,-0.00449408433437,0.0539290120125,-0.00823915461302,-0.0453153503716,-0.0202233795047,
1450287747.42,0.00149802811146,0.0119842248917,0.00262154919505,0.0400722519815,0.0217214076161,-0.0430683082044,0.0209723935604,
1450287747.42,-0.00898816866875,0.00711563352942,-0.0131077459753,0.022095914644,-0.00449408433437,-0.0576740822911,0.000374507027864,
1450287747.43,0.0101116897523,-0.0116097178638,-0.00711563352942,0.035952674675,-0.00973718272448,-0.0449408433437,-0.019474365449,
1450287747.44,-0.0198488724768,0.0187253513932,-0.000749014055729,0.03857422387,0.00224704216719,0.0052430983901,-0.00561760541797,
1450287747.46,0.00337056325078,0.013856760031,0.00561760541797,0.0352036606193,0.000374507027864,0.00411957730651,0.0142312670588,
1450287747.46,-0.0052430983901,-0.0247174638391,0.00936267569661,0.0134822530031,-0.00337056325078,0.000749014055729,-0.00674112650156,
1450287747.47,0.0123587319195,-0.0146057740867,0.00898816866875,0.0179763373375,-0.00112352108359,0.0374507027864,0.00599211244583,
1450287747.48,-0.00374507027864,-0.016478309226,-0.0101116897523,0.0329566184521,0.0116097178638,0.00711563352942,0.00187253513932,
1450287747.51,-0.00374507027864,0.000749014055729,0.0,0.0355781676471,0.0063666194737,0.00187253513932,-0.0205978865325,
1450287747.51,-0.0063666194737,0.00187253513932,-0.000749014055729,0.0187253513932,0.0157292951703,0.00187253513932,-0.000374507027864,
1450287747.52,0.00149802811146,-0.0131077459753,0.00337056325078,0.00674112650156,-0.0131077459753,-0.0284625341177,0.0284625341177,
1450287747.53,0.00224704216719,-0.0104861967802,-0.00823915461302,0.0198488724768,-0.0108607038081,-0.00224704216719,0.00786464758515,
1450287747.55,-0.00112352108359,-0.00149802811146,0.013856760031,0.0112352108359,-0.00337056325078,0.0134822530031,-0.0123587319195,
1450287747.55,-0.0063666194737,0.00561760541797,-0.00149802811146,-0.00711563352942,-0.00337056325078,-0.00749014055729,-0.0146057740867,
1450287747.56,-0.00861366164088,0.019474365449,-0.0172273232818,-0.00149802811146,-0.00973718272448,0.0228449286997,-0.019474365449,
1450287747.57,0.0,0.00337056325078,0.00187253513932,0.00823915461302,-0.0134822530031,0.0333311254799,0.00861366164088,
1450287747.59,-0.0134822530031,0.00187253513932,0.00112352108359,-0.00486859136224,0.0161038021982,-0.0108607038081,-0.00112352108359,
1450287747.59,0.00112352108359,0.00224704216719,-0.00187253513932,0.00561760541797,-0.00112352108359,-0.00823915461302,0.0112352108359,
1450287747.6,0.00898816866875,-0.0127332389474,0.013856760031,-0.0101116897523,0.00337056325078,-0.0104861967802,-0.00112352108359,
1450287747.61,0.00711563352942,-0.00149802811146,0.00187253513932,-0.00561760541797,-0.0123587319195,0.0176018303096,-0.00374507027864,
1450287747.63,-0.00898816866875,-0.013856760031,-0.016478309226,0.00674112650156,0.00374507027864,0.000374507027864,-0.00224704216719,
1450287747.63,0.0063666194737,0.0108607038081,-0.00823915461302,-0.00224704216719,0.0179763373375,-0.0127332389474,-0.016478309226,
1450287747.64,-0.0131077459753,0.0123587319195,0.00936267569661,-0.00823915461302,0.0052430983901,0.00936267569661,0.0396977449536,
1450287747.65,-0.000374507027864,-0.00112352108359,0.0104861967802,0.00898816866875,-0.0153547881424,-0.00374507027864,-0.0123587319195,
1450287747.67,-0.00337056325078,0.0101116897523,0.00898816866875,0.0052430983901,-0.0157292951703,-0.0063666194737,-0.00224704216719,
1450287747.67,0.0149802811146,-0.0247174638391,0.00449408433437,-0.00112352108359,-0.00224704216719,-0.00486859136224,-0.00411957730651,
1450287747.68,-0.00187253513932,-0.00898816866875,-0.00936267569661,-0.000374507027864,0.00374507027864,-0.0142312670588,-0.0190998584211,
1450287747.69,0.00224704216719,-0.000749014055729,-0.00861366164088,0.00411957730651,0.0052430983901,-0.0161038021982,0.0,
1450287747.71,0.00599211244583,0.0131077459753,0.000374507027864,0.00149802811146,-0.00187253513932,0.0112352108359,0.0123587319195,
1450287747.71,-0.0119842248917,0.00337056325078,-0.00711563352942,-0.00786464758515,0.0063666194737,-0.00711563352942,0.0052430983901,
1450287747.72,-0.00749014055729,0.0,-0.0149802811146,-0.0202233795047,0.0161038021982,-0.0434428152323,-0.0123587319195,
1450287747.74,0.0127332389474,-0.0157292951703,0.0176018303096,0.0108607038081,0.00337056325078,-0.0280880270898,-0.000374507027864,
1450287747.76,-0.0063666194737,-0.00823915461302,0.0232194357276,-0.0119842248917,-0.0333311254799,-0.063666194737,0.00823915461302,
1450287747.76,-0.00936267569661,0.00224704216719,-0.00823915461302,-0.000749014055729,0.00187253513932,-0.104487460774,-0.0187253513932,
1450287747.77,0.00973718272448,-0.00786464758515,-0.00898816866875,-0.0108607038081,0.00674112650156,-0.102240418607,0.00786464758515,
1450287747.78,-0.00898816866875,-0.00823915461302,-0.0232194357276,0.0142312670588,0.0168528162539,-0.176767317152,0.0131077459753,
1450287747.8,0.0157292951703,-0.00973718272448,-0.000749014055729,0.0142312670588,0.00411957730651,-0.248298159474,0.00224704216719,
1450287747.8,-0.00149802811146,0.00337056325078,0.0142312670588,-0.000374507027864,-0.00599211244583,-0.276760693592,0.0307095762849,
1450287747.81,-0.00786464758515,-0.0052430983901,0.00149802811146,0.00861366164088,-0.0123587319195,-0.301478157431,-0.0161038021982,
1450287747.82,-0.0104861967802,-0.00299605622292,-0.00486859136224,0.00411957730651,-0.000374507027864,-0.301478157431,0.0052430983901,
1450287747.84,0.00449408433437,-0.00449408433437,-0.00224704216719,0.00486859136224,-0.000374507027864,-0.319454494768,-0.0157292951703,
1450287747.84,-0.00337056325078,-0.000749014055729,0.00599211244583,-0.0119842248917,0.00449408433437,-0.301478157431,-0.00224704216719,
1450287747.85,-0.00187253513932,-0.0101116897523,0.0176018303096,0.0,0.0,-0.284625341177,0.0224704216719,
1450287747.86,0.00486859136224,-0.0161038021982,0.00749014055729,0.0,-0.00337056325078,-0.235939427555,-0.00337056325078,
1450287747.88,-0.00149802811146,-0.00674112650156,-0.0153547881424,0.0101116897523,0.0205978865325,-0.205604358298,-0.0318330973685,
1450287747.88,0.00187253513932,0.00299605622292,-0.00374507027864,0.0104861967802,-0.0179763373375,-0.145308726811,-0.0153547881424,
1450287747.89,0.00224704216719,-0.0108607038081,-0.0134822530031,-0.0205978865325,-0.016478309226,-0.0471878855109,0.000374507027864,
1450287747.9,-0.00262154919505,-0.000374507027864,-0.00674112650156,-0.0224704216719,-0.0119842248917,0.0063666194737,-0.00411957730651,
1450287747.92,-0.00411957730651,-0.00449408433437,-0.00411957730651,0.00823915461302,0.0134822530031,0.125834361362,-0.00711563352942,
1450287747.92,0.00374507027864,0.00299605622292,0.0134822530031,0.0104861967802,0.000749014055729,0.139316614366,0.0127332389474,
1450287747.93,0.0123587319195,-0.0239684497833,0.0161038021982,0.00861366164088,0.0,0.175643796068,0.0205978865325,
1450287747.95,0.0104861967802,-0.000374507027864,0.0127332389474,0.013856760031,-0.00187253513932,0.230321822137,0.00449408433437,
1450287747.97,-0.0146057740867,0.0153547881424,0.00823915461302,-0.00711563352942,0.00936267569661,0.319829001796,-0.00449408433437,
1450287747.97,0.00112352108359,0.00486859136224,-0.000374507027864,-0.00861366164088,0.0176018303096,0.328442663437,-0.0116097178638,
1450287747.98,0.00449408433437,-0.0239684497833,0.0108607038081,0.00486859136224,-0.0146057740867,0.369263929474,0.0187253513932,
1450287747.99,0.0168528162539,0.0,-0.0108607038081,-0.0232194357276,0.000374507027864,0.381622661394,0.0217214076161,
1450287748.01,0.00187253513932,-0.00936267569661,0.00786464758515,0.00299605622292,0.00898816866875,0.411208716595,0.00674112650156,
1450287748.01,-0.00374507027864,0.0179763373375,-0.0112352108359,-0.00112352108359,0.0104861967802,0.410459702539,-0.0183508443654,
1450287748.02,-0.0119842248917,-0.0232194357276,0.0,-0.0116097178638,0.0213469005883,0.440045757741,0.00299605622292,
1450287748.03,-0.00711563352942,-0.0134822530031,-0.00486859136224,0.0052430983901,-0.0131077459753,0.423192941487,-0.000749014055729,
1450287748.05,-0.000749014055729,-0.0198488724768,-0.00786464758515,0.00374507027864,-0.0161038021982,0.430308575016,-0.00112352108359,
1450287748.05,0.00224704216719,-0.00411957730651,-0.00262154919505,-0.00337056325078,-0.0198488724768,0.4085871674,-0.00674112650156,
1450287748.06,0.0157292951703,-0.00187253513932,-0.0052430983901,0.000374507027864,0.0116097178638,0.415328293902,0.00898816866875,
1450287748.07,-0.00861366164088,0.00711563352942,0.00711563352942,0.0134822530031,0.0363271817029,0.390610830063,-0.00674112650156,
1450287748.09,-0.0131077459753,-0.00299605622292,0.0063666194737,-0.00187253513932,-0.000374507027864,0.352785620248,-0.00449408433437,
1450287748.09,-0.000749014055729,-0.00449408433437,0.00449408433437,0.0280880270898,0.00973718272448,0.291366467679,-0.00262154919505,
1450287748.1,0.00599211244583,-0.00262154919505,-0.0161038021982,0.0183508443654,-0.0209723935604,0.260656891394,0.0288370411456,
1450287748.11,-0.00187253513932,0.00337056325078,0.0153547881424,-0.00374507027864,0.0063666194737,0.248298159474,0.00449408433437,
1450287748.14,-0.0131077459753,0.00486859136224,-0.00936267569661,0.0310840833127,0.0258409849226,0.210098442632,-0.0445663363159,
1450287748.14,-0.0149802811146,-0.00411957730651,-0.00973718272448,-0.000374507027864,-0.0153547881424,0.167779148483,0.0101116897523,
1450287748.15,-0.000374507027864,0.00337056325078,0.00411957730651,0.0134822530031,-0.0157292951703,0.123961826223,-0.00599211244583,
1450287748.16,0.00149802811146,0.0112352108359,-0.0116097178638,0.0119842248917,0.00187253513932,0.0460643644273,-0.0243429568112,
1450287748.18,-0.0142312670588,0.0101116897523,-0.0149802811146,0.00973718272448,-0.013856760031,-0.0262154919505,-0.0127332389474,
1450287748.18,-0.00449408433437,0.0295860552013,0.00112352108359,0.0119842248917,-0.00599211244583,-0.0921287288547,0.00262154919505,
1450287748.19,0.0,0.0209723935604,0.0217214076161,-0.00786464758515,0.0213469005883,-0.151675346285,0.0337056325078,
1450287748.2,0.000374507027864,-0.00749014055729,-0.000374507027864,0.00374507027864,-0.00337056325078,-0.168153655511,0.0183508443654,
1450287748.22,0.000749014055729,0.00262154919505,-0.00299605622292,-0.000374507027864,-0.00749014055729,-0.195492668545,0.00187253513932,
1450287748.22,-0.0119842248917,-0.0179763373375,0.0063666194737,0.00187253513932,-0.00337056325078,-0.208225907493,-0.00823915461302,
1450287748.23,-0.00561760541797,-0.0176018303096,-0.0142312670588,-0.00674112650156,0.0108607038081,-0.261405905449,-0.0142312670588,
1450287748.24,0.0052430983901,0.00224704216719,-0.0176018303096,-0.0131077459753,-0.00449408433437,-0.318330973685,0.00898816866875,
1450287748.26,0.00898816866875,-0.0119842248917,0.00449408433437,-0.016478309226,0.0101116897523,-0.399973505759,-0.00149802811146,
1450287748.26,0.00411957730651,-0.0389487308979,0.0108607038081,-0.0681602790713,0.000374507027864,-0.417949843097,0.0052430983901,
1450287748.27,-0.00486859136224,-0.0381997168422,0.013856760031,-0.0561760541797,0.0,-0.418324350125,-0.00411957730651,
1450287748.29,-0.00187253513932,-0.0224704216719,0.00674112650156,-0.0318330973685,0.000749014055729,-0.418698857152,0.00224704216719,
1450287748.31,0.000374507027864,-0.0228449286997,-0.00112352108359,-0.0449408433437,-0.019474365449,-0.407463646317,0.00112352108359,
1450287748.31,-0.00561760541797,-0.0449408433437,0.00112352108359,-0.0423192941487,-0.00823915461302,-0.335558296967,-0.0108607038081,
1450287748.32,-0.0183508443654,-0.0539290120125,-0.00486859136224,-0.0344546465635,0.00224704216719,-0.343048437524,-0.0172273232818,
1450287748.33,-0.0116097178638,-0.0689092931271,-0.00149802811146,-0.00449408433437,0.0157292951703,-0.293613509846,0.00898816866875,
1450287748.35,0.0438173222601,-0.085762109381,0.0134822530031,0.0052430983901,-0.00374507027864,-0.214218019938,-0.0142312670588,
1450287748.35,-0.00561760541797,-0.101116897523,0.00823915461302,0.00898816866875,-0.00486859136224,-0.104861967802,0.0149802811146,
1450287748.36,-0.0142312670588,-0.0812680250466,-0.0202233795047,0.00374507027864,0.0123587319195,0.030335069257,-0.019474365449,
1450287748.37,-0.0243429568112,-0.0696583071828,0.000374507027864,-0.0127332389474,0.0209723935604,0.164034078205,-0.00299605622292,
1450287748.39,-0.0250919708669,-0.0868856304646,0.00374507027864,-0.0146057740867,-0.00486859136224,0.262154919505,0.00936267569661,
1450287748.39,0.0198488724768,-0.0689092931271,-0.000749014055729,0.00973718272448,-0.0131077459753,0.312713368267,0.00599211244583,
1450287748.4,-0.00374507027864,-0.07190534935,0.00936267569661,0.0224704216719,-0.00411957730651,0.35428364836,-0.0131077459753,
1450287748.41,-0.000374507027864,-0.066287743932,0.00449408433437,0.0250919708669,0.0112352108359,0.438547729629,-0.0299605622292,
1450287748.43,-0.00861366164088,-0.0550525330961,-0.0131077459753,0.0243429568112,0.0063666194737,0.534421528763,0.0116097178638,
1450287748.43,0.000749014055729,-0.0584230963469,-0.00861366164088,-0.00749014055729,-0.0119842248917,0.615315046781,0.00411957730651,
1450287748.45,0.00411957730651,-0.0689092931271,-0.000374507027864,0.0127332389474,-0.00262154919505,0.640407017648,-0.013856760031,
1450287748.46,0.00599211244583,-0.0558015471518,-0.00299605622292,0.0340801395357,0.0123587319195,0.639658003592,0.0142312670588,
1450287748.48,-0.0112352108359,-0.0591721104026,0.00973718272448,0.0426938011765,0.00898816866875,0.635538426286,0.0172273232818,
1450287748.48,0.0101116897523,-0.0516819698453,0.0116097178638,0.0318330973685,0.0104861967802,0.617562088948,0.00973718272448,
1450287748.49,0.00262154919505,-0.0438173222601,-0.0217214076161,0.0348291535914,-0.00599211244583,0.593593639165,0.00823915461302,
1450287748.5,-0.00898816866875,-0.0483114065945,-0.0168528162539,0.0460643644273,0.00561760541797,0.580860400218,0.0146057740867,
1450287748.52,0.00486859136224,-0.0396977449536,-0.00823915461302,0.027713520062,-0.00337056325078,0.549027302849,-0.0149802811146,
1450287748.52,0.000749014055729,-0.0333311254799,0.00187253513932,0.0389487308979,0.00973718272448,0.548278288794,-0.0273390130341,
1450287748.53,-0.00149802811146,-0.016478309226,0.00449408433437,0.0333311254799,-0.0123587319195,0.489855192447,0.00823915461302,
1450287748.54,0.00411957730651,-0.0445663363159,0.00936267569661,0.0314585903406,0.00823915461302,0.4314320961,0.019474365449,
1450287748.56,-0.0063666194737,-0.0127332389474,0.00262154919505,0.00786464758515,-0.0183508443654,0.360275760806,-0.0112352108359,
1450287748.56,0.00149802811146,0.00112352108359,0.0108607038081,0.0052430983901,-0.0243429568112,0.27001956709,-0.0063666194737,
1450287748.57,0.00674112650156,-0.00224704216719,0.00973718272448,0.0101116897523,0.00786464758515,0.165157599288,-0.00973718272448,
1450287748.58,-0.00149802811146,0.0280880270898,-0.00337056325078,0.00711563352942,0.0329566184521,0.0411957730651,-0.000374507027864,
1450287748.6,-0.00561760541797,0.0172273232818,0.00561760541797,-0.0209723935604,-0.00749014055729,-0.0842640812695,0.0243429568112,
1450287748.6,-0.000374507027864,-0.000374507027864,-0.0142312670588,0.0052430983901,0.00112352108359,-0.172647739846,0.00112352108359,
1450287748.61,0.00374507027864,0.0131077459753,-0.0112352108359,0.00112352108359,0.0131077459753,-0.227325765914,-0.0198488724768,
1450287748.62,-0.00599211244583,0.00149802811146,0.0131077459753,0.00486859136224,0.00486859136224,-0.285748862261,0.0179763373375,
1450287748.65,0.000374507027864,0.0142312670588,-0.00449408433437,0.013856760031,-0.0149802811146,-0.361399281889,0.016478309226,
1450287748.65,-0.0142312670588,-0.00823915461302,-0.00299605622292,0.0187253513932,-0.0146057740867,-0.448659419382,-0.0101116897523,
1450287748.66,-0.0052430983901,0.00973718272448,0.00486859136224,0.00599211244583,0.0104861967802,-0.494349276781,-0.0149802811146,
1450287748.67,0.00936267569661,-0.00299605622292,0.00711563352942,-0.00561760541797,-0.000374507027864,-0.510078571951,-0.0265899989784,
1450287748.69,-0.0063666194737,-0.000374507027864,-0.00936267569661,-0.00711563352942,-0.00486859136224,-0.526556881177,-0.00749014055729,
1450287748.69,-0.0149802811146,-0.0333311254799,-0.00337056325078,-0.00674112650156,0.00898816866875,-0.537417584985,0.0112352108359,
1450287748.7,0.00337056325078,-0.00337056325078,-0.0146057740867,0.00449408433437,-0.0112352108359,-0.503711952478,0.0269645060062,
1450287748.71,-0.00674112650156,-0.0262154919505,0.000374507027864,-0.0176018303096,-0.0198488724768,-0.471504348081,-0.00936267569661,
1450287748.73,-0.00561760541797,-0.0273390130341,0.0052430983901,-0.00374507027864,0.0119842248917,-0.45764758805,-0.00599211244583,
1450287748.73,0.00599211244583,-0.0108607038081,0.0235939427555,-0.0161038021982,-0.00374507027864,-0.397351956564,-0.03857422387,
1450287748.74,0.00337056325078,-0.0209723935604,0.00486859136224,-0.0179763373375,-0.0119842248917,-0.337430832106,-0.00149802811146,
1450287748.75,0.00823915461302,-0.0269645060062,-0.0172273232818,0.00561760541797,0.000374507027864,-0.288744918483,0.0112352108359,
1450287748.77,0.0116097178638,-0.0269645060062,0.00374507027864,-0.00187253513932,0.0142312670588,-0.272266609257,0.0104861967802,
1450287748.77,-0.00711563352942,-0.0490604206502,0.00823915461302,-0.00149802811146,0.0063666194737,-0.186879006904,-0.0161038021982,
1450287748.78,-0.0269645060062,-0.0408212660372,0.000374507027864,-0.00486859136224,0.0153547881424,-0.122463798112,-0.0247174638391,
1450287748.79,0.0,-0.0378252098143,-0.013856760031,-0.0153547881424,-0.00299605622292,-0.0419447871208,0.0116097178638,
1450287748.82,0.00973718272448,-0.0453153503716,0.00112352108359,0.0149802811146,-0.0157292951703,0.0655387298763,-0.00449408433437,
1450287748.82,0.00187253513932,-0.0651642228484,-0.00749014055729,0.0269645060062,-0.00973718272448,0.13856760031,0.0187253513932,
1450287748.83,0.0213469005883,-0.063666194737,-0.00898816866875,0.0352036606193,0.0187253513932,0.220210132384,-0.0108607038081,
1450287748.84,-0.00262154919505,-0.0505584487617,0.00861366164088,0.0262154919505,-0.019474365449,0.229572808081,-0.035952674675,
1450287748.86,-0.0284625341177,-0.0531799979568,0.00936267569661,0.0393232379258,0.00299605622292,0.224329709691,0.00149802811146,
1450287748.86,-0.00112352108359,-0.0299605622292,0.00187253513932,0.00411957730651,0.00786464758515,0.254664778948,0.0224704216719,
1450287748.87,0.0063666194737,-0.00973718272448,-0.000749014055729,0.0123587319195,0.00749014055729,0.277884214675,-0.00599211244583,
1450287748.88,0.0187253513932,0.00823915461302,0.0112352108359,0.0123587319195,0.0176018303096,0.322450550991,0.0224704216719,
1450287748.9,0.0307095762849,0.00224704216719,0.00411957730651,0.0280880270898,0.000749014055729,0.369638436502,-0.0119842248917,
1450287748.9,-0.00711563352942,-0.0190998584211,-0.0153547881424,0.0284625341177,-0.0131077459753,0.433304631239,-0.0232194357276,
1450287748.91,-0.0228449286997,0.000374507027864,-0.0190998584211,0.0205978865325,0.0134822530031,0.497719840032,-0.00149802811146,
1450287748.92,-0.00898816866875,-0.00224704216719,0.0108607038081,0.0374507027864,-0.00973718272448,0.507457022756,0.0104861967802,
1450287748.94,-0.00749014055729,0.0108607038081,0.000374507027864,0.0509329557896,-0.00262154919505,0.518692233592,0.0198488724768,
1450287748.94,0.00936267569661,0.0202233795047,0.027713520062,0.044191829288,-0.00599211244583,0.516445191425,-0.0209723935604,
1450287748.95,-0.00449408433437,0.00337056325078,-0.0116097178638,0.0621681666255,0.000749014055729,0.501090403283,-0.0146057740867,
1450287748.96,0.00861366164088,-0.0269645060062,-0.0104861967802,0.0797699969351,0.00898816866875,0.434428152323,-0.0112352108359,
1450287748.99,-0.0157292951703,0.00112352108359,0.00823915461302,0.0947502780497,-0.00711563352942,0.42618899771,0.00711563352942,
1450287748.99,-0.0157292951703,0.00561760541797,0.00561760541797,0.0805190109909,0.0280880270898,0.391359844118,0.000374507027864,
1450287748.99,-0.00337056325078,-0.00599211244583,-0.0168528162539,0.100742390496,-0.0131077459753,0.333311254799,-0.00187253513932,
1450287749.0,-0.00449408433437,-0.0183508443654,0.0172273232818,0.144185205728,-0.0052430983901,0.235190413499,0.0325821114242,
1450287749.03,-0.00112352108359,0.00149802811146,0.0104861967802,0.118344220805,0.0,0.146057740867,0.0179763373375,
1450287749.03,-0.0104861967802,-0.00786464758515,-0.0052430983901,0.146057740867,0.00187253513932,0.0381997168422,0.0063666194737,
1450287749.04,-0.00599211244583,0.0101116897523,-0.00449408433437,0.139691121393,0.00411957730651,-0.101491404551,-0.0179763373375,
1450287749.05,-0.00786464758515,0.0262154919505,-0.00374507027864,0.131077459753,-0.0149802811146,-0.214967033994,-0.0179763373375,
1450287749.07,0.00337056325078,-0.00262154919505,0.0,0.120591262972,-0.00561760541797,-0.317207452601,0.0123587319195,
1450287749.07,0.00486859136224,-0.0153547881424,-0.00861366164088,0.12808140353,0.000374507027864,-0.407463646317,0.0063666194737,
1450287749.08,0.00898816866875,-0.00898816866875,-0.00861366164088,0.128830417585,-0.00187253513932,-0.514947163314,-0.00599211244583,
1450287749.09,0.00224704216719,-0.00898816866875,0.0104861967802,0.116097178638,0.00973718272448,-0.634414905202,-0.0224704216719,
1450287749.11,-0.0217214076161,0.0052430983901,0.00224704216719,0.103363939691,-0.0052430983901,-0.722798563778,0.00374507027864,
1450287749.11,-0.00299605622292,0.0172273232818,0.0108607038081,0.114224643499,0.00299605622292,-0.805190109909,0.00898816866875,
1450287749.12,0.0052430983901,-0.000749014055729,-0.0052430983901,0.103363939691,-0.0265899989784,-0.917542218268,0.0134822530031,
1450287749.13,-0.00749014055729,-0.0314585903406,-0.022095914644,0.0984953483284,0.00224704216719,-0.961734047556,-0.00936267569661,
1450287749.15,-0.0052430983901,-0.0202233795047,0.00337056325078,0.0887581656039,0.00711563352942,-1.0134160174,-0.0063666194737,
1450287749.16,0.00711563352942,0.00262154919505,0.00674112650156,0.0850130953252,0.00486859136224,-1.01978263687,-0.0258409849226,
1450287749.16,-0.0153547881424,-0.00711563352942,-0.00411957730651,0.0681602790713,-0.00411957730651,-0.958363484305,-0.0157292951703,
1450287749.18,0.00112352108359,-0.0262154919505,0.0116097178638,0.082766053158,-0.0161038021982,-0.972594751364,-0.00936267569661,
1450287749.2,0.0247174638391,-0.0393232379258,0.0,0.0752759126008,0.0367016887307,-0.926155879909,0.00561760541797,
1450287749.2,0.0134822530031,-0.027713520062,-0.00936267569661,0.0644152087927,0.0,-0.849756446224,-0.00898816866875,
1450287749.21,0.0157292951703,-0.0299605622292,-0.00973718272448,0.041570280093,0.0172273232818,-0.758002224398,-0.0209723935604,
1450287749.22,-0.0146057740867,-0.0621681666255,0.00973718272448,0.0205978865325,-0.0198488724768,-0.615315046781,-0.00374507027864,
1450287749.24,-0.019474365449,-0.0423192941487,-0.00599211244583,-0.00374507027864,-0.0265899989784,-0.468133784831,-0.0479368995667,
1450287749.24,-0.0295860552013,-0.063666194737,0.000749014055729,-0.0146057740867,0.00449408433437,-0.32095252288,-0.0494349276781,
1450287749.25,0.00187253513932,-0.0659132369041,0.00861366164088,-0.013856760031,0.0131077459753,-0.145683233839,-0.0460643644273,
1450287749.26,-0.0232194357276,-0.0565505612075,-0.0131077459753,0.00711563352942,-0.00374507027864,0.0247174638391,-0.0520564768732,
1450287749.28,0.00749014055729,-0.0587976033747,-0.0112352108359,-0.0217214076161,-0.0187253513932,0.17714182418,-0.0730288704336,
1450287749.28,0.0142312670588,-0.0700328142107,-0.0187253513932,-0.0250919708669,-0.0190998584211,0.354658155388,-0.106734502941,
1450287749.29,-0.0157292951703,-0.0850130953252,-0.000749014055729,0.00599211244583,-0.000374507027864,0.480867023778,-0.116471685666,
1450287749.3,-0.00674112650156,-0.0928777429104,0.0142312670588,0.0142312670588,0.0239684497833,0.592470118082,-0.112352108359,
1450287749.32,-0.022095914644,-0.0996188694119,-0.00449408433437,0.0190998584211,-0.0149802811146,0.721300535667,-0.0988698553562,
1450287749.32,-0.00711563352942,-0.0838895742416,-0.00299605622292,0.027713520062,0.00374507027864,0.847134897029,-0.0902561937153,
1450287749.33,0.0131077459753,-0.102240418607,-0.00749014055729,0.00823915461302,0.0352036606193,0.941510668051,-0.0629171806812,
1450287749.34,0.00973718272448,-0.0778974617958,-0.00112352108359,-0.0146057740867,-0.00486859136224,1.04861967802,-0.027713520062,
1450287749.37,-0.0273390130341,-0.0737778844893,0.0116097178638,-0.0344546465635,-0.0187253513932,1.061727424,-0.0134822530031,
1450287749.37,0.00749014055729,-0.0767739407122,0.00149802811146,-0.0318330973685,0.016478309226,1.11677995709,0.00599211244583,
1450287749.38,-0.0292115481734,-0.0868856304646,0.00711563352942,-0.0131077459753,0.0134822530031,1.19767347511,0.0224704216719,
1450287749.39,0.0119842248917,-0.111228587276,0.00411957730651,0.0235939427555,-0.0108607038081,1.14037389985,-0.0052430983901,
1450287749.41,-0.0202233795047,-0.0977463342726,-0.00786464758515,0.07190534935,0.0262154919505,1.09056446514,-0.0127332389474,
1450287749.41,0.0123587319195,-0.085762109381,0.0101116897523,0.0621681666255,-0.0104861967802,1.03214136879,0.0333311254799,
1450287749.42,-0.00411957730651,-0.0696583071828,-0.00861366164088,0.0494349276781,-0.00786464758515,0.957614470249,0.00149802811146,
1450287749.43,-0.0108607038081,-0.0704073212385,0.00599211244583,0.0396977449536,-0.00299605622292,0.832154615915,-0.0322076043963,
1450287749.45,-0.0344546465635,-0.0707818282664,0.00561760541797,0.0280880270898,0.00861366164088,0.678981241518,0.00374507027864,
1450287749.45,-0.0280880270898,-0.0468133784831,-0.00374507027864,0.0322076043963,0.000374507027864,0.510827586007,-0.00262154919505,
1450287749.46,0.0131077459753,-0.0254664778948,-0.00561760541797,0.0292115481734,0.00561760541797,0.398475477648,0.0322076043963,
1450287749.47,-0.00973718272448,-0.00861366164088,0.00149802811146,-0.00149802811146,-0.00224704216719,0.228074779969,0.0318330973685,
1450287749.49,0.00112352108359,-0.0157292951703,0.000374507027864,0.0198488724768,-0.0292115481734,0.063666194737,-0.00936267569661,
1450287749.49,-0.016478309226,0.0101116897523,0.0101116897523,0.0183508443654,0.0269645060062,-0.154671402508,-0.00786464758515,
1450287749.5,-0.0224704216719,0.00374507027864,0.00561760541797,0.00262154919505,0.0104861967802,-0.287995904428,0.000374507027864,
1450287749.51,0.000374507027864,0.0198488724768,0.000749014055729,0.0187253513932,0.0153547881424,-0.40334406901,-0.00411957730651,
1450287749.54,-0.0168528162539,0.00973718272448,-0.00374507027864,0.0146057740867,-0.000374507027864,-0.523186317927,-0.00411957730651,
1450287749.54,-0.016478309226,0.00262154919505,-0.00411957730651,0.019474365449,-0.00711563352942,-0.613442511642,0.0239684497833,
1450287749.55,-0.00749014055729,-0.0157292951703,0.016478309226,0.0438173222601,-0.0153547881424,-0.649020679289,-0.00299605622292,
1450287749.56,0.00149802811146,-0.00486859136224,-0.016478309226,0.0322076043963,-0.0131077459753,-0.714559409165,-0.0228449286997,
1450287749.58,0.0134822530031,0.00786464758515,-0.016478309226,0.0183508443654,0.0299605622292,-0.773731519568,-0.00224704216719,
1450287749.58,-0.0127332389474,-0.0153547881424,-0.00337056325078,0.0569250682354,-0.00112352108359,-0.763245322788,0.00262154919505,
1450287749.59,-0.00374507027864,-0.00411957730651,0.0101116897523,0.0696583071828,-0.0108607038081,-0.780847153097,-0.0104861967802,
1450287749.6,0.000374507027864,0.0052430983901,0.0052430983901,0.0599211244583,0.00973718272448,-0.732535746503,-0.0108607038081,
1450287749.62,-0.00561760541797,0.0,-0.00973718272448,0.0423192941487,-0.00374507027864,-0.651267721456,-0.0063666194737,
1450287749.62,-0.0161038021982,-0.0198488724768,0.00599211244583,0.0228449286997,0.000374507027864,-0.602956314862,-0.00187253513932,
1450287749.63,0.00411957730651,-0.0179763373375,0.00599211244583,0.027713520062,-0.0187253513932,-0.483488572973,0.00411957730651,
1450287749.64,-0.0052430983901,-0.0127332389474,0.00411957730651,0.0273390130341,-0.00973718272448,-0.351287592137,-0.00749014055729,
1450287749.66,-0.0134822530031,-0.0213469005883,0.00112352108359,0.03857422387,-0.00449408433437,-0.247923652446,-0.019474365449,
1450287749.66,-0.00823915461302,-0.00823915461302,0.00936267569661,0.0052430983901,0.0190998584211,-0.107483516997,-0.000749014055729,
1450287749.67,-0.00224704216719,-0.00486859136224,-0.00786464758515,0.00262154919505,0.0273390130341,-0.0161038021982,-0.000749014055729,
1450287749.68,-0.0202233795047,-0.0340801395357,-0.00711563352942,0.00337056325078,-0.0134822530031,0.0677857720435,0.00374507027864,
1450287749.71,-0.0127332389474,0.000374507027864,0.0149802811146,0.0149802811146,0.00674112650156,0.0954992921054,0.00561760541797,
1450287749.71,0.00898816866875,-0.0284625341177,-0.00149802811146,0.00936267569661,-0.00262154919505,0.102989432663,-0.0161038021982,
1450287749.72,0.0134822530031,-0.00561760541797,0.0101116897523,0.00898816866875,0.0168528162539,0.142687177616,0.0228449286997,
1450287749.73,-0.00973718272448,0.0146057740867,0.00749014055729,0.0116097178638,-0.03857422387,0.164034078205,0.00861366164088,
1450287749.75,-0.0153547881424,-0.0108607038081,-0.00262154919505,0.0161038021982,-0.0134822530031,0.143061684644,-0.0190998584211,
1450287749.75,-0.00973718272448,0.00187253513932,-0.00224704216719,0.0677857720435,0.0202233795047,0.1666556274,-0.0265899989784,
1450287749.76,-0.0134822530031,0.0198488724768,-0.00486859136224,0.0722798563778,-0.0134822530031,0.165532106316,0.0,
1450287749.77,-0.0127332389474,0.00599211244583,0.0063666194737,0.0576740822911,-0.00411957730651,0.186129992849,0.0,
1450287749.79,-0.000374507027864,0.00898816866875,-0.00561760541797,0.0812680250466,-0.0112352108359,0.19287111935,0.0232194357276,
1450287749.79,0.00187253513932,-0.00149802811146,-0.00898816866875,0.0823915461302,0.019474365449,0.180886894459,0.0243429568112,
1450287749.8,-0.00786464758515,0.00936267569661,0.00786464758515,0.0947502780497,0.00599211244583,0.178639852291,-0.0322076043963,
1450287749.81,0.0063666194737,-0.00337056325078,-0.0101116897523,0.109730559164,-0.00149802811146,0.130328445697,0.00299605622292,
1450287749.83,-0.0280880270898,-0.00149802811146,0.0123587319195,0.135946051115,0.00486859136224,0.0722798563778,-0.0063666194737,
1450287749.84,-0.00823915461302,0.0063666194737,0.00599211244583,0.157667458731,-0.0123587319195,0.0543035190403,-0.000374507027864,
1450287749.85,0.0052430983901,0.0149802811146,-0.00898816866875,0.16478309226,0.00374507027864,0.0449408433437,-0.00823915461302,
1450287749.85,0.00861366164088,-0.0116097178638,-0.0108607038081,0.167030134428,0.00786464758515,-0.00299605622292,-0.00561760541797,
1450287749.88,-0.0127332389474,-0.00973718272448,0.00262154919505,0.213094498855,-0.00823915461302,-0.114599150527,0.0112352108359,
1450287749.88,-0.00486859136224,0.00861366164088,-0.00486859136224,0.220210132384,0.0052430983901,-0.200361259907,-0.00299605622292,
1450287749.89,0.00561760541797,0.00149802811146,-0.00149802811146,0.152049853313,0.0176018303096,-0.238186469722,0.0134822530031,
1450287749.9,-0.00187253513932,0.00187253513932,-0.00861366164088,0.14905379709,-0.000374507027864,-0.277509707648,0.00861366164088,
1450287749.92,-0.000374507027864,0.0063666194737,0.00561760541797,0.145308726811,-0.00299605622292,-0.302976185542,-0.0168528162539,
1450287749.92,0.00486859136224,-0.00749014055729,0.00561760541797,0.152798867369,0.000374507027864,-0.345669986719,-0.00449408433437,
1450287749.93,-0.00449408433437,0.0104861967802,0.0119842248917,0.12096577,-0.0217214076161,-0.392483365202,0.00674112650156,
1450287749.94,0.0112352108359,-0.0119842248917,-0.0232194357276,0.0977463342726,0.00449408433437,-0.482739558917,-0.0119842248917,
1450287749.96,-0.000374507027864,0.0123587319195,0.000374507027864,0.110105066192,-0.0187253513932,-0.575617301828,-0.00786464758515,
1450287749.96,0.00861366164088,-0.0157292951703,0.0052430983901,0.112352108359,-0.00262154919505,-0.652016735512,-0.00449408433437,
1450287749.97,0.0142312670588,-0.00112352108359,-0.00861366164088,0.094001263994,0.0176018303096,-0.749763069785,0.00936267569661,
1450287749.98,0.00112352108359,-0.00112352108359,0.0142312670588,0.0685347860992,0.0127332389474,-0.789835321766,-0.00449408433437,
1450287750.01,0.00599211244583,-0.00374507027864,0.00861366164088,0.0295860552013,0.00861366164088,-0.841891798639,-0.019474365449,
1450287750.01,0.000374507027864,-0.0116097178638,-0.0202233795047,0.0258409849226,0.00449408433437,-0.86623475545,-0.100742390496,
1450287750.02,-0.0052430983901,-0.0112352108359,0.00187253513932,0.0101116897523,0.0262154919505,-0.838521235389,-0.227325765914,
1450287750.03,-0.0187253513932,-0.0179763373375,0.0052430983901,-0.00599211244583,0.00786464758515,-0.818297855884,-0.440045757741,
1450287750.05,0.0258409849226,-0.0209723935604,-0.00224704216719,-0.00599211244583,-0.0337056325078,-0.737404337865,-0.253541257864,
1450287750.05,0.00299605622292,-0.016478309226,0.00786464758515,0.00823915461302,-0.0438173222601,-0.64003251062,-0.0831405601859,
1450287750.06,0.00749014055729,-0.00112352108359,0.00936267569661,-0.0134822530031,-0.000749014055729,-0.539664627153,-0.0352036606193,
1450287750.07,-0.00599211244583,-0.0404467590094,0.00674112650156,-0.00599211244583,0.019474365449,-0.38049914031,-0.0333311254799,
1450287750.09,-0.027713520062,-0.0269645060062,-0.0063666194737,-0.0127332389474,0.0116097178638,-0.185755485821,-0.0644152087927,
1450287750.09,-0.0108607038081,-0.0370761957586,-0.0168528162539,-0.0063666194737,0.00149802811146,-0.0445663363159,-0.044191829288,
1450287750.1,-0.0131077459753,-0.0411957730651,-0.0116097178638,-0.013856760031,-0.00112352108359,0.150177318174,-0.0479368995667,
1450287750.11,-0.0127332389474,-0.060670138514,0.00337056325078,-0.00411957730651,-0.0142312670588,0.29286449579,-0.0659132369041,
1450287750.13,0.0198488724768,-0.0411957730651,0.00561760541797,0.0116097178638,0.00711563352942,0.437049701518,-0.0771484477401,
1450287750.13,0.00711563352942,-0.058048589319,0.00749014055729,0.0172273232818,0.0161038021982,0.553895894212,-0.085762109381,
1450287750.14,-0.00973718272448,-0.049809434706,0.00711563352942,0.0265899989784,-0.00711563352942,0.650144200373,-0.102614925635,
1450287750.15,-0.0202233795047,-0.0479368995667,-0.00449408433437,0.00112352108359,0.00187253513932,0.764743350899,-0.0786464758515,
1450287750.17,-0.0262154919505,-0.0314585903406,-0.00599211244583,-0.0224704216719,-0.016478309226,0.829907573748,-0.0333311254799,
1450287750.17,0.00262154919505,-0.0490604206502,-0.00823915461302,-0.0295860552013,0.00674112650156,0.892450247401,-0.00749014055729,
1450287750.18,0.00973718272448,-0.0393232379258,0.00337056325078,-0.0610446455419,0.0228449286997,0.951996864831,0.0161038021982,
1450287750.19,0.00486859136224,-0.022095914644,-0.00299605622292,-0.0142312670588,0.0134822530031,0.996563201147,0.0344546465635,
1450287750.21,-0.0269645060062,-0.0423192941487,-0.00749014055729,-0.00898816866875,0.00149802811146,0.990571088701,0.0153547881424,
1450287750.21,-0.0108607038081,-0.0760249266565,0.00599211244583,0.0295860552013,-0.00749014055729,0.956865456194,-0.0209723935604,
1450287750.22,-0.00187253513932,-0.0692838001549,0.0,0.0149802811146,0.0198488724768,0.865111234367,0.0183508443654,
1450287750.23,-0.0250919708669,-0.0546780260682,0.00674112650156,0.0355781676471,0.0168528162539,0.769237435234,-0.0108607038081,
1450287750.26,-0.00337056325078,-0.052430983901,0.00749014055729,0.0318330973685,0.00823915461302,0.658383354986,0.0123587319195,
1450287750.26,0.00374507027864,-0.0389487308979,0.000749014055729,-0.00711563352942,0.00187253513932,0.504086459506,0.00599211244583,
1450287750.27,0.0112352108359,-0.0250919708669,-0.0235939427555,-0.0146057740867,0.00112352108359,0.339303367245,-0.00898816866875,
1450287750.28,0.0176018303096,-0.0292115481734,0.0172273232818,-0.0404467590094,0.0,0.149428304118,0.00674112650156,
1450287750.3,-0.0329566184521,-0.0307095762849,0.00486859136224,0.00674112650156,0.0,0.0348291535914,-0.00861366164088,
1450287750.3,-0.0262154919505,-0.0381997168422,0.00973718272448,0.016478309226,-0.0187253513932,-0.104487460774,0.00599211244583,
1450287750.31,0.000374507027864,-0.0224704216719,0.00224704216719,0.0295860552013,0.013856760031,-0.221708160496,-0.0157292951703,
1450287750.32,-0.00749014055729,-0.0183508443654,0.00262154919505,0.0198488724768,0.00599211244583,-0.283127313066,0.00224704216719,
1450287750.34,-0.00749014055729,0.00411957730651,-0.00936267569661,0.0131077459753,0.0116097178638,-0.346419000775,-0.0101116897523,
1450287750.34,0.00599211244583,-0.0112352108359,-0.0168528162539,-0.0198488724768,-0.0217214076161,-0.383120689505,-0.00187253513932,
1450287750.35,-0.000749014055729,-0.0161038021982,-0.00262154919505,-0.0142312670588,0.0307095762849,-0.401097026843,-0.00898816866875,
1450287750.36,0.00262154919505,-0.0134822530031,0.00561760541797,-0.0052430983901,-0.00411957730651,-0.417949843097,0.00149802811146,
1450287750.38,-0.0131077459753,-0.00749014055729,0.0052430983901,0.00973718272448,-0.00861366164088,-0.42094589932,0.00823915461302,
1450287750.38,0.0232194357276,-0.00711563352942,0.0190998584211,0.0348291535914,-0.0116097178638,-0.396602942508,-0.00374507027864,
1450287750.39,0.000374507027864,0.00374507027864,0.000749014055729,-0.0131077459753,0.0205978865325,-0.349789564025,0.00112352108359,
1450287750.41,-0.00337056325078,0.00449408433437,-0.0101116897523,-0.0153547881424,-0.000749014055729,-0.285374355233,0.0134822530031,
1450287750.43,-0.0134822530031,-0.0190998584211,0.00823915461302,0.0108607038081,-0.0131077459753,-0.270394074118,0.0127332389474,
1450287750.43,-0.0149802811146,-0.0202233795047,-0.0127332389474,0.00561760541797,0.0063666194737,-0.234815906471,-0.0243429568112,
1450287750.44,0.00299605622292,0.0112352108359,-0.00449408433437,0.00411957730651,0.00599211244583,-0.239684497833,-0.0168528162539,
1450287750.45,0.000749014055729,0.0052430983901,-0.00224704216719,-0.013856760031,0.0119842248917,-0.227700272942,0.00786464758515,
1450287750.47,0.0116097178638,-0.00449408433437,-0.00149802811146,-0.00187253513932,-0.022095914644,-0.206727879381,0.00187253513932,
1450287750.47,-0.00411957730651,0.0123587319195,-0.0153547881424,-0.0063666194737,0.0108607038081,-0.197365203685,0.00149802811146,
1450287750.48,-0.00112352108359,-0.00224704216719,0.00711563352942,-0.0292115481734,-0.0127332389474,-0.163285064149,-0.00861366164088,
1450287750.49,-0.00149802811146,-0.0052430983901,0.00149802811146,-0.0123587319195,-0.00599211244583,-0.168153655511,-0.0063666194737,
1450287750.51,0.0116097178638,-0.0131077459753,0.00411957730651,0.0299605622292,-0.00449408433437,-0.132200980836,0.0063666194737,
1450287750.51,0.0,-0.0224704216719,0.00224704216719,0.0232194357276,0.0108607038081,-0.103363939691,0.0108607038081,
1450287750.52,0.0176018303096,-0.0176018303096,-0.0179763373375,0.0258409849226,0.0157292951703,-0.074526898545,0.0,
1450287750.53,-0.00149802811146,0.00299605622292,-0.00486859136224,-0.0131077459753,-0.022095914644,-0.0370761957586,-0.0190998584211,
1450287750.55,0.000749014055729,-0.00187253513932,0.00374507027864,-0.00749014055729,-0.00411957730651,-0.0381997168422,-0.0190998584211,
1450287750.55,0.0052430983901,0.00898816866875,0.00187253513932,-0.00936267569661,0.00449408433437,-0.0224704216719,0.00861366164088,
1450287750.57,-0.00786464758515,-0.00187253513932,0.0101116897523,-0.0400722519815,0.0116097178638,-0.0157292951703,-0.00898816866875,
1450287750.58,-0.00936267569661,-0.0134822530031,0.000749014055729,0.0101116897523,0.0149802811146,-0.00299605622292,0.00674112650156,
1450287750.6,-0.00262154919505,-0.0101116897523,-0.0116097178638,0.00786464758515,0.00674112650156,0.0471878855109,-0.0052430983901,
1450287750.6,0.00674112650156,0.0127332389474,-0.0198488724768,0.00861366164088,-0.000749014055729,0.0378252098143,-0.0116097178638,
1450287750.61,0.00411957730651,0.00411957730651,0.00299605622292,0.0176018303096,0.00898816866875,0.0123587319195,0.0187253513932,
1450287750.62,0.00187253513932,-0.000374507027864,0.00337056325078,0.0228449286997,0.0119842248917,-0.0187253513932,0.00262154919505,
1450287750.64,0.000749014055729,0.0108607038081,0.00299605622292,-0.00337056325078,-0.000749014055729,-0.0374507027864,-0.00711563352942,
1450287750.64,-0.00749014055729,0.0179763373375,-0.00149802811146,-0.0063666194737,0.00599211244583,-0.0426938011765,0.0116097178638,
1450287750.65,0.0116097178638,0.0157292951703,-0.00486859136224,-0.0104861967802,0.00374507027864,-0.0651642228484,0.0187253513932,
1450287750.66,0.00149802811146,0.0247174638391,0.00337056325078,0.00711563352942,0.00411957730651,-0.058048589319,-0.0134822530031,
1450287750.68,-0.0183508443654,-0.0063666194737,-0.00337056325078,-0.013856760031,-0.00973718272448,-0.0602956314862,-0.00561760541797,
1450287750.68,-0.0116097178638,-0.013856760031,-0.0146057740867,0.0228449286997,-0.0183508443654,-0.0378252098143,0.0063666194737,
1450287750.69,-0.00711563352942,-0.00749014055729,0.00224704216719,0.027713520062,-0.00187253513932,-0.0528054909289,0.0123587319195,
1450287750.7,0.000374507027864,-0.0063666194737,0.00262154919505,-0.0202233795047,0.00711563352942,-0.0322076043963,-0.0179763373375,
1450287750.73,0.00936267569661,-0.0172273232818,-0.0104861967802,-0.00449408433437,0.00337056325078,-0.0161038021982,0.00112352108359,
1450287750.73,0.0179763373375,0.00112352108359,-0.00337056325078,-0.0116097178638,0.00486859136224,-0.0307095762849,0.0153547881424,
1450287750.74,0.00187253513932,-0.00561760541797,0.00112352108359,-0.00786464758515,-0.0168528162539,-0.0689092931271,0.0153547881424,
1450287750.75,-0.00112352108359,0.00337056325078,0.0131077459753,-0.0340801395357,0.0202233795047,-0.0782719688237,-0.00149802811146,
1450287750.77,-0.00149802811146,0.00224704216719,-0.000749014055729,-0.0176018303096,-0.00486859136224,-0.0704073212385,-0.00411957730651,
1450287750.77,0.00187253513932,-0.00749014055729,0.00674112650156,-0.0108607038081,-0.00262154919505,-0.0572995752633,0.00449408433437,
1450287750.78,-0.000749014055729,-0.00861366164088,0.0116097178638,-0.0190998584211,0.00299605622292,-0.0838895742416,0.00112352108359,
1450287750.79,-0.000749014055729,-0.0348291535914,-0.00786464758515,-0.0217214076161,0.00861366164088,-0.0823915461302,-0.0142312670588,
1450287750.81,0.00674112650156,-0.0127332389474,-0.0131077459753,0.0404467590094,-0.00861366164088,-0.118344220805,0.00561760541797,
1450287750.81,0.0119842248917,-0.00674112650156,0.00224704216719,0.00936267569661,-0.00224704216719,-0.130702952725,-0.0052430983901,
1450287750.82,0.0112352108359,-0.000749014055729,0.00749014055729,0.0183508443654,0.0052430983901,-0.146432247895,0.0202233795047,
1450287750.83,0.00337056325078,-0.00898816866875,0.000749014055729,0.00149802811146,0.00337056325078,-0.147930276006,-0.0052430983901,
1450287750.85,-0.0374507027864,-0.00374507027864,0.0,-0.0183508443654,-0.0172273232818,-0.150177318174,-0.00224704216719,
1450287750.85,-0.0307095762849,-0.00299605622292,-0.00674112650156,-0.0198488724768,-0.00711563352942,-0.184631964737,0.00861366164088,
1450287750.86,0.0202233795047,-0.00149802811146,0.00449408433437,0.00823915461302,0.00786464758515,-0.187253513932,0.0224704216719,
1450287750.87,0.00374507027864,-0.00224704216719,-0.00599211244583,0.0116097178638,0.0149802811146,-0.158416472787,0.00486859136224,
1450287750.89,0.000749014055729,-0.0116097178638,-0.00749014055729,-0.0101116897523,-0.0119842248917,-0.146057740867,0.0,
1450287750.89,-0.00224704216719,-0.0198488724768,0.00112352108359,0.0217214076161,0.013856760031,-0.114224643499,-0.0168528162539,
1450287750.9,-0.00112352108359,0.00149802811146,0.00823915461302,0.00823915461302,-0.0127332389474,-0.102989432663,-0.0161038021982,
1450287750.91,0.00561760541797,-0.00711563352942,0.013856760031,-0.00823915461302,-0.00262154919505,-0.104112953746,-0.0217214076161,
1450287750.94,-0.00786464758515,-0.0265899989784,-0.00187253513932,-0.0209723935604,0.00786464758515,-0.0767739407122,0.00561760541797,
1450287750.94,0.00411957730651,-0.0310840833127,-0.00337056325078,-0.0217214076161,0.0131077459753,-0.0438173222601,-0.00337056325078,
1450287750.95,0.0063666194737,-0.0273390130341,-0.00711563352942,0.00112352108359,0.00411957730651,-0.00786464758515,-0.000749014055729,
1450287750.96,-0.00224704216719,-0.0205978865325,0.00149802811146,0.0232194357276,-0.0310840833127,0.0213469005883,0.00674112650156,
1450287750.98,-0.00936267569661,-0.0153547881424,0.000749014055729,-0.00561760541797,-0.0052430983901,0.0520564768732,0.00861366164088,
1450287750.98,-0.0112352108359,-0.0232194357276,0.00337056325078,0.00224704216719,0.022095914644,0.0674112650156,-0.00711563352942,
1450287750.99,-0.00786464758515,-0.0262154919505,0.00112352108359,0.0052430983901,-0.000749014055729,0.0513074628174,-0.00112352108359,
1450287751.0,-0.0108607038081,-0.0292115481734,0.00936267569661,0.000374507027864,-0.00411957730651,0.0322076043963,0.0176018303096,
1450287751.02,-0.0142312670588,-0.0224704216719,-0.0108607038081,0.0202233795047,0.00149802811146,0.00486859136224,-0.0168528162539,
1450287751.02,-0.000749014055729,-0.0258409849226,0.00411957730651,-0.00973718272448,0.00861366164088,-0.00187253513932,-0.000374507027864,
1450287751.03,-0.000374507027864,-0.0146057740867,0.00374507027864,-0.0131077459753,0.000374507027864,-0.00374507027864,-0.0142312670588,
1450287751.04,0.00187253513932,-0.019474365449,0.00449408433437,-0.00749014055729,0.00861366164088,-0.0269645060062,-0.0101116897523,
1450287751.06,0.0063666194737,0.00262154919505,-0.00486859136224,-0.0101116897523,-0.00599211244583,-0.0123587319195,0.0284625341177,
1450287751.06,-0.013856760031,-0.00262154919505,-0.00973718272448,0.0119842248917,-0.027713520062,0.0205978865325,0.00112352108359,
1450287751.07,-0.013856760031,0.00561760541797,0.0063666194737,-0.00861366164088,0.00674112650156,0.0183508443654,-0.0101116897523,
1450287751.09,-0.00187253513932,-0.0123587319195,0.0104861967802,-0.00749014055729,-0.00449408433437,-0.00861366164088,0.000374507027864,
1450287751.11,0.0157292951703,-0.0176018303096,0.000749014055729,0.00224704216719,0.0224704216719,0.0052430983901,0.00898816866875,
1450287751.11,0.016478309226,-0.00262154919505,-0.00973718272448,-0.0108607038081,0.00898816866875,0.0161038021982,0.0213469005883,
1450287751.12,0.000374507027864,-0.0161038021982,-0.0123587319195,0.0344546465635,0.013856760031,-0.00823915461302,0.00786464758515,
1450287751.13,-0.0209723935604,-0.0119842248917,0.00262154919505,0.0,0.0168528162539,0.00224704216719,-0.00149802811146,
1450287751.15,-0.0149802811146,-0.0295860552013,0.0119842248917,-0.022095914644,-0.00449408433437,0.0254664778948,-0.0104861967802,
1450287751.15,0.0052430983901,-0.0262154919505,0.000749014055729,0.00786464758515,-0.00149802811146,0.0490604206502,-0.0127332389474,
1450287751.16,-0.00898816866875,-0.0265899989784,-0.00561760541797,-0.0224704216719,-0.0299605622292,0.0576740822911,0.00749014055729,
1450287751.17,-0.00823915461302,-0.0168528162539,-0.00561760541797,-0.00486859136224,-0.00486859136224,0.0408212660372,-0.0146057740867,
1450287751.19,0.00374507027864,-0.000374507027864,-0.0142312670588,-0.0108607038081,-0.00898816866875,0.0539290120125,-0.00112352108359,
1450287751.19,0.00898816866875,-0.0190998584211,-0.0063666194737,0.00823915461302,0.00711563352942,0.0565505612075,0.0063666194737,
1450287751.2,0.000374507027864,-0.000749014055729,0.00861366164088,-0.0213469005883,0.00411957730651,0.0505584487617,0.0217214076161,
1450287751.21,-0.0307095762849,-0.0149802811146,0.0235939427555,-0.00936267569661,0.00599211244583,0.0572995752633,0.0209723935604,
1450287751.23,-0.00224704216719,-0.0299605622292,0.00112352108359,0.0052430983901,0.00861366164088,0.0614191525698,-0.0119842248917,
1450287751.23,0.0295860552013,-0.0104861967802,-0.00187253513932,-0.0205978865325,0.00486859136224,0.0576740822911,-0.0172273232818,
1450287751.24,-0.00599211244583,-0.0127332389474,-0.022095914644,0.027713520062,-0.0127332389474,0.0632916877091,0.0108607038081,
1450287751.25,-0.00599211244583,-0.0310840833127,-0.0157292951703,-0.000374507027864,-0.00898816866875,0.110105066192,-0.0168528162539,
1450287751.27,0.000749014055729,-0.0464388714552,-0.0123587319195,-0.0232194357276,0.000749014055729,0.0865111234367,-0.0161038021982,
1450287751.27,0.0052430983901,-0.0408212660372,0.0168528162539,-0.0367016887307,0.035952674675,0.0763994336843,0.0101116897523,
1450287751.28,-0.0123587319195,-0.019474365449,0.0153547881424,0.00674112650156,0.00224704216719,0.0681602790713,-0.00262154919505,
1450287751.29,-0.00374507027864,-0.0247174638391,0.0,-0.00898816866875,-0.0209723935604,0.0797699969351,0.000374507027864,
1450287751.31,0.00599211244583,-0.0149802811146,0.00187253513932,-0.0307095762849,0.0108607038081,0.0490604206502,0.0247174638391,
1450287751.31,0.0063666194737,-0.0134822530031,0.00337056325078,-0.0501839417338,0.00936267569661,0.0411957730651,0.00449408433437,
1450287751.32,0.00411957730651,-0.0142312670588,0.00411957730651,-0.0333311254799,0.0108607038081,0.0554270401239,-0.0217214076161,
1450287751.33,-0.00112352108359,-0.0329566184521,-0.00149802811146,0.00112352108359,-0.0052430983901,0.0786464758515,-0.0168528162539,
1450287751.36,0.000749014055729,-0.0258409849226,-0.00187253513932,-0.0250919708669,-0.0108607038081,0.0602956314862,0.00898816866875,
1450287751.36,-0.0123587319195,-0.0168528162539,-0.00561760541797,-0.0239684497833,0.00262154919505,0.0704073212385,0.00711563352942,
1450287751.37,-0.00224704216719,-0.0374507027864,0.00973718272448,-0.0134822530031,-0.0318330973685,0.0535545049846,0.00599211244583,
1450287751.38,0.00486859136224,-0.0509329557896,0.0108607038081,-0.0205978865325,0.0104861967802,0.0183508443654,-0.0063666194737,
1450287751.4,-0.0250919708669,-0.0131077459753,-0.0190998584211,0.00561760541797,0.0202233795047,0.0149802811146,-0.0228449286997,
1450287751.4,-0.00486859136224,-0.0280880270898,-0.0063666194737,0.0183508443654,0.00486859136224,0.0052430983901,-0.00112352108359,
1450287751.41,0.0116097178638,-0.0374507027864,0.0101116897523,-0.000749014055729,-0.0063666194737,0.00374507027864,0.00112352108359,
1450287751.42,0.022095914644,-0.0453153503716,0.0176018303096,-0.0119842248917,-0.0101116897523,0.013856760031,0.0239684497833,
1450287751.44,0.0202233795047,-0.0381997168422,-0.00561760541797,0.00898816866875,0.0179763373375,0.0153547881424,0.00561760541797,
1450287751.44,-0.00561760541797,-0.0265899989784,-0.00187253513932,0.0108607038081,0.0123587319195,-0.00411957730651,0.00898816866875,
1450287751.45,-0.00823915461302,-0.0355781676471,0.0172273232818,-0.0108607038081,-0.00786464758515,0.000749014055729,-0.0168528162539,
1450287751.46,0.00187253513932,-0.0176018303096,-0.0104861967802,-0.00449408433437,-0.0131077459753,-0.0161038021982,-0.0232194357276,
1450287751.49,-0.00973718272448,-0.0235939427555,0.0131077459753,-0.0119842248917,-0.00224704216719,0.00187253513932,-0.0104861967802,
1450287751.49,0.0142312670588,-0.0325821114242,-0.0119842248917,0.00262154919505,0.00299605622292,-0.0411957730651,0.00561760541797,
1450287751.5,0.0370761957586,-0.03857422387,-0.00786464758515,-0.00149802811146,-0.00337056325078,-0.0209723935604,0.00337056325078,
1450287751.51,0.00187253513932,-0.0445663363159,-0.0142312670588,0.0112352108359,0.0265899989784,-0.0123587319195,0.00898816866875,
1450287751.53,0.000749014055729,-0.0310840833127,0.00149802811146,0.0123587319195,-0.000749014055729,0.0224704216719,-0.0168528162539,
1450287751.53,-0.00411957730651,-0.013856760031,0.00823915461302,0.0063666194737,-0.0262154919505,0.0340801395357,-0.00411957730651,
1450287751.54,0.00299605622292,-0.0288370411456,0.00973718272448,-0.0325821114242,-0.00599211244583,0.00337056325078,0.00861366164088,
1450287751.55,-0.0262154919505,-0.0318330973685,0.0104861967802,0.0149802811146,-0.0142312670588,0.00674112650156,0.00224704216719,
1450287751.57,0.00112352108359,-0.0318330973685,0.00374507027864,-0.0123587319195,-0.00262154919505,-0.00112352108359,-0.0063666194737,
1450287751.57,0.0101116897523,-0.0205978865325,-0.0119842248917,0.00486859136224,0.0104861967802,0.00299605622292,-0.000749014055729,
1450287751.58,0.0052430983901,-0.0232194357276,-0.00749014055729,0.0235939427555,0.0187253513932,0.00786464758515,0.00262154919505,
1450287751.59,0.0213469005883,-0.0322076043963,0.00449408433437,0.00749014055729,0.00786464758515,-0.00861366164088,-0.0179763373375,
1450287751.61,-0.00187253513932,-0.0344546465635,-0.000374507027864,0.00337056325078,-0.016478309226,-0.00449408433437,0.00374507027864,
1450287751.61,-0.0112352108359,-0.0258409849226,-0.00674112650156,-0.00299605622292,0.0052430983901,-0.00749014055729,0.030335069257,
1450287751.62,-0.0198488724768,-0.0190998584211,0.00374507027864,-0.00973718272448,-0.0153547881424,-0.0112352108359,-0.0161038021982,
1450287751.63,0.0101116897523,-0.0142312670588,-0.000749014055729,0.00187253513932,-0.00411957730651,-0.0063666194737,0.00374507027864,
1450287751.66,-0.00936267569661,-0.0157292951703,0.013856760031,-0.00262154919505,0.0063666194737,0.00262154919505,-0.0063666194737,
1450287751.66,0.00599211244583,-0.0183508443654,-0.00973718272448,0.00224704216719,-0.00112352108359,-0.0217214076161,0.0127332389474,
