1450287850.08,0.00299605622292,-0.0187253513932,-0.00262154919505,0.080144503963,0.0183508443654,-0.123212812167,0.00749014055729,
1450287850.08,-0.0104861967802,-0.0213469005883,0.0112352108359,0.0644152087927,0.0146057740867,-0.171149711734,-0.00861366164088,
1450287850.09,-0.0134822530031,-0.0318330973685,0.00299605622292,0.0778974617958,0.00224704216719,-0.19998675288,0.00262154919505,
1450287850.1,-0.0217214076161,-0.019474365449,-0.0119842248917,0.0730288704336,-0.0052430983901,-0.220210132384,-0.0179763373375,
1450287850.12,-0.00149802811146,-0.0348291535914,-0.00149802811146,0.0689092931271,-0.0108607038081,-0.24193154,-0.00674112650156,
1450287850.12,0.000374507027864,-0.0322076043963,-0.000374507027864,0.0820170391023,-0.0108607038081,-0.250919708669,-0.00374507027864,
1450287850.13,-0.00936267569661,-0.0123587319195,0.00299605622292,0.0632916877091,-0.00749014055729,-0.247923652446,-0.00674112650156,
1450287850.14,0.00823915461302,-0.0149802811146,-0.00599211244583,0.0816425320745,0.0161038021982,-0.233692385387,-0.00449408433437,
1450287850.16,-0.0168528162539,-0.0280880270898,0.0123587319195,0.0666622509599,0.00486859136224,-0.231819850248,0.00561760541797,
1450287850.16,-0.0198488724768,-0.0243429568112,-0.0063666194737,0.0722798563778,0.0142312670588,-0.216090555078,0.0161038021982,
1450287850.17,-0.035952674675,-0.0209723935604,0.0104861967802,0.0771484477401,-0.0190998584211,-0.213094498855,-0.00973718272448,
1450287850.18,-0.0172273232818,-0.0310840833127,0.0112352108359,0.0808935180187,-0.00374507027864,-0.17714182418,0.0063666194737,
1450287850.21,0.00486859136224,-0.0299605622292,-0.00898816866875,0.0655387298763,-0.00374507027864,-0.122089291084,0.0108607038081,
1450287850.21,-0.000374507027864,-0.0314585903406,-0.00262154919505,0.080144503963,0.0176018303096,-0.0902561937153,-0.0176018303096,
1450287850.22,-0.00112352108359,-0.0355781676471,-0.00486859136224,0.0793954899073,0.00262154919505,-0.0614191525698,-0.0119842248917,
1450287850.23,-0.0209723935604,-0.0217214076161,0.00374507027864,0.0674112650156,0.00674112650156,-0.0471878855109,0.00449408433437,
1450287850.25,0.00187253513932,-0.00861366164088,0.000374507027864,0.0572995752633,0.00149802811146,-0.00711563352942,-0.00561760541797,
1450287850.25,-0.00861366164088,-0.0168528162539,-0.00337056325078,0.0235939427555,0.000749014055729,0.0108607038081,0.00898816866875,
1450287850.26,0.00374507027864,0.00112352108359,0.00823915461302,0.0307095762849,0.0101116897523,0.0101116897523,0.00674112650156,
1450287850.27,-0.0123587319195,-0.00337056325078,-0.000749014055729,-0.00337056325078,-0.00449408433437,0.0209723935604,-0.00486859136224,
1450287850.29,-0.0209723935604,-0.00711563352942,-0.00973718272448,-0.00411957730651,0.00449408433437,0.0378252098143,0.00449408433437,
1450287850.29,-0.0228449286997,-0.000374507027864,-0.0108607038081,-0.00112352108359,0.0112352108359,0.0314585903406,-0.000374507027864,
1450287850.3,-0.0119842248917,-0.0209723935604,0.0,0.00337056325078,0.0554270401239,-0.0108607038081,-0.00337056325078,
1450287850.31,-0.0295860552013,-0.00149802811146,0.00973718272448,0.00486859136224,0.0153547881424,-0.0434428152323,0.0134822530031,
1450287850.33,-0.0280880270898,0.016478309226,0.00898816866875,-0.00449408433437,0.0464388714552,-0.0149802811146,0.00599211244583,
1450287850.33,-0.0217214076161,0.0213469005883,-0.00861366164088,-0.00898816866875,0.108981545109,0.00486859136224,-0.0131077459753,
1450287850.34,-0.0292115481734,-0.000374507027864,-0.0112352108359,0.00262154919505,0.186129992849,-0.00561760541797,-0.000749014055729,
1450287850.36,-0.0449408433437,-0.00749014055729,-0.0146057740867,-0.00449408433437,0.256911821115,0.00898816866875,0.00187253513932,
1450287850.38,-0.0318330973685,-0.0063666194737,0.0123587319195,0.0224704216719,0.328068156409,0.0142312670588,0.000749014055729,
1450287850.38,-0.0468133784831,-0.0052430983901,0.0363271817029,0.0190998584211,0.297358580124,0.0224704216719,0.0052430983901,
1450287850.39,-0.0535545049846,0.00561760541797,0.0426938011765,-0.0112352108359,0.130702952725,0.0374507027864,0.0108607038081,
1450287850.4,-0.0602956314862,-0.00374507027864,0.0363271817029,-0.0134822530031,0.0104861967802,0.0232194357276,-0.0134822530031,
1450287850.42,-0.082766053158,0.0063666194737,-0.00337056325078,-0.0112352108359,0.0187253513932,0.0104861967802,0.000749014055729,
1450287850.42,-0.0891326726317,0.000749014055729,-0.019474365449,0.00786464758515,0.00711563352942,-0.0235939427555,0.0104861967802,
1450287850.43,-0.0767739407122,0.019474365449,-0.0262154919505,0.0116097178638,0.00711563352942,-0.0168528162539,-0.00486859136224,
1450287850.44,-0.0666622509599,0.00149802811146,-0.0112352108359,0.00374507027864,-0.00861366164088,0.00411957730651,-0.0265899989784,
1450287850.46,-0.0771484477401,-0.00149802811146,0.0112352108359,0.0187253513932,0.0426938011765,0.0179763373375,0.00599211244583,
1450287850.46,-0.0853876023531,-0.00337056325078,0.0205978865325,-0.00374507027864,0.0689092931271,0.0453153503716,0.00973718272448,
1450287850.47,-0.0958737991333,0.0101116897523,0.0104861967802,0.00337056325078,0.0734033774614,0.0546780260682,0.00786464758515,
1450287850.48,-0.117969713777,0.000749014055729,0.0157292951703,-0.00936267569661,0.0546780260682,0.0494349276781,-0.00561760541797,
1450287850.5,-0.0835150672138,-0.00187253513932,-0.0243429568112,0.00337056325078,0.0314585903406,0.0689092931271,-0.0179763373375,
1450287850.5,-0.111977601331,-0.0127332389474,-0.0273390130341,0.00149802811146,-0.00411957730651,0.106734502941,-0.013856760031,
1450287850.51,-0.12096577,-0.0104861967802,-0.0190998584211,0.00599211244583,-0.0681602790713,0.123212812167,-0.0119842248917,
1450287850.52,-0.0853876023531,-0.00599211244583,-0.00486859136224,-0.00674112650156,-0.183133936626,0.115348164582,-0.0063666194737,
1450287850.55,-0.0984953483284,-0.00674112650156,-0.00936267569661,0.000749014055729,-0.28237829901,0.111603094304,0.00187253513932,
1450287850.55,-0.0715308423221,0.0116097178638,-0.00149802811146,-0.0104861967802,-0.43667519449,0.12283830514,0.0149802811146,
1450287850.56,-0.0572995752633,-0.0213469005883,-0.0198488724768,-0.0213469005883,-0.404467590094,0.12283830514,0.00711563352942,
1450287850.57,-0.0685347860992,-0.000749014055729,-0.0928777429104,-0.00486859136224,-0.166281120372,0.112352108359,0.00224704216719,
1450287850.59,-0.0711563352942,-0.0183508443654,-0.0505584487617,0.00936267569661,-0.0490604206502,0.094001263994,-0.00449408433437,
1450287850.59,-0.0381997168422,-0.0190998584211,-0.00898816866875,0.0243429568112,-0.0273390130341,0.066287743932,-0.0157292951703,
1450287850.6,-0.00936267569661,-0.0288370411456,-0.0741523915172,0.0101116897523,-0.00337056325078,0.0681602790713,0.0149802811146,
1450287850.61,0.0396977449536,-0.00898816866875,-0.0711563352942,-0.00599211244583,-0.0644152087927,0.0516819698453,0.0131077459753,
1450287850.63,0.0172273232818,-0.00337056325078,-0.0307095762849,0.019474365449,-0.114973657554,0.0269645060062,-0.0176018303096,
1450287850.63,0.0063666194737,-0.00149802811146,-0.0352036606193,-0.0149802811146,-0.0756504196286,0.00936267569661,-0.000374507027864,
1450287850.64,0.0666622509599,0.00149802811146,-0.022095914644,-0.00973718272448,-0.0749014055729,-0.013856760031,-0.00299605622292,
1450287850.65,0.0808935180187,-0.00973718272448,-0.0202233795047,0.00299605622292,-0.149428304118,-0.0479368995667,0.0153547881424,
1450287850.67,0.0629171806812,-0.00786464758515,-0.0232194357276,-0.00112352108359,-0.119093234861,-0.0280880270898,0.00337056325078,
1450287850.67,0.0838895742416,0.00599211244583,-0.0153547881424,-0.00561760541797,-0.13332450192,-0.00823915461302,0.00149802811146,
1450287850.68,0.0797699969351,-0.00374507027864,0.0101116897523,0.00187253513932,-0.117595206749,0.00187253513932,-0.00411957730651,
1450287850.69,0.122463798112,-0.0254664778948,-0.0352036606193,-0.0063666194737,-0.185380978793,-0.0161038021982,-0.0063666194737,
1450287850.71,0.137069572198,-0.0157292951703,-0.0190998584211,0.0213469005883,-0.206727879381,-0.00861366164088,0.00224704216719,
1450287850.71,0.134822530031,0.00187253513932,-0.0142312670588,-0.00374507027864,-0.150551825202,-0.00299605622292,-0.00337056325078,
1450287850.72,0.129953938669,-0.00411957730651,-0.0127332389474,-0.022095914644,-0.0988698553562,0.00486859136224,-0.0052430983901,
1450287850.73,0.117595206749,0.00486859136224,0.00299605622292,-0.0131077459753,-0.0816425320745,0.00187253513932,-0.000749014055729,
1450287850.76,0.106359995914,0.0052430983901,0.0108607038081,0.0,-0.117595206749,-0.019474365449,0.00936267569661,
1450287850.76,0.113475629443,-0.0176018303096,0.0168528162539,-0.0052430983901,-0.139691121393,-0.00711563352942,0.0,
1450287850.77,0.121714784056,-0.0209723935604,0.0280880270898,0.027713520062,-0.121340277028,-0.00262154919505,-0.0108607038081,
1450287850.78,0.135571544087,0.00112352108359,0.000374507027864,0.00224704216719,-0.041570280093,0.0381997168422,0.0104861967802,
1450287850.8,0.130702952725,-0.000374507027864,-0.013856760031,0.00374507027864,0.00936267569661,0.0449408433437,0.00337056325078,
1450287850.8,0.13856760031,-0.0127332389474,-0.00374507027864,-0.00374507027864,0.0494349276781,0.041570280093,0.0149802811146,
1450287850.81,0.111603094304,0.00187253513932,0.000374507027864,-0.00973718272448,0.101491404551,0.0262154919505,-0.00337056325078,
1450287850.82,0.0816425320745,-0.0104861967802,0.0172273232818,-0.00411957730651,0.195867175573,0.0157292951703,-0.0213469005883,
1450287850.84,0.0981208413005,0.0209723935604,0.0520564768732,0.0116097178638,0.269645060062,-0.0168528162539,0.00149802811146,
1450287850.84,0.0509329557896,0.0,0.044191829288,-0.00187253513932,0.310091819072,-0.00374507027864,0.0149802811146,
1450287850.85,0.0659132369041,0.00449408433437,0.0280880270898,0.013856760031,0.319079987741,-0.000749014055729,0.00187253513932,
1450287850.86,0.0767739407122,-0.00561760541797,0.0190998584211,0.00187253513932,0.280131256843,0.0108607038081,-0.013856760031,
1450287850.88,0.0793954899073,0.00674112650156,0.0505584487617,0.00224704216719,0.116471685666,0.00973718272448,0.000749014055729,
1450287850.88,0.0235939427555,0.0198488724768,0.0880091515481,-0.0127332389474,0.0835150672138,0.00749014055729,0.00898816866875,
1450287850.89,-0.0179763373375,0.00224704216719,0.0984953483284,0.00823915461302,0.110105066192,0.00823915461302,-0.0104861967802,
1450287850.9,-0.00823915461302,0.00337056325078,0.0760249266565,0.0355781676471,0.120216755944,0.00898816866875,-0.0292115481734,
1450287850.93,-0.030335069257,-0.0153547881424,0.0632916877091,0.0348291535914,0.162536050093,0.0176018303096,0.0,
1450287850.93,-0.00936267569661,0.00299605622292,-0.00898816866875,0.0355781676471,0.191747598267,0.0157292951703,0.00299605622292,
1450287850.94,-0.0228449286997,0.0101116897523,-0.0250919708669,0.0348291535914,0.220210132384,0.00337056325078,0.00599211244583,
1450287850.95,-0.0273390130341,-0.0101116897523,-0.0149802811146,0.0295860552013,0.224704216719,0.0142312670588,-0.0052430983901,
1450287850.97,-0.058048589319,0.00411957730651,-0.0157292951703,0.0505584487617,0.251668722725,0.016478309226,0.00224704216719,
1450287850.97,-0.0734033774614,-0.00711563352942,0.00749014055729,0.0367016887307,0.174145767957,0.0295860552013,-0.00898816866875,
1450287850.98,-0.074526898545,0.00861366164088,0.00411957730651,0.016478309226,0.137069572198,0.0584230963469,-0.00337056325078,
1450287850.99,-0.0644152087927,0.0134822530031,-0.0224704216719,0.0217214076161,0.0973718272448,0.0666622509599,-0.00299605622292,
1450287851.01,-0.0565505612075,0.00449408433437,-0.0587976033747,0.0134822530031,0.0456898573995,0.0595466174304,-0.0063666194737,
1450287851.01,-0.0471878855109,0.00112352108359,-0.0917542218268,0.00749014055729,-0.0168528162539,0.0520564768732,-0.00449408433437,
1450287851.02,-0.0640407017648,0.0157292951703,-0.0797699969351,0.0146057740867,-0.100367883468,0.0509329557896,0.000374507027864,
1450287851.03,-0.0453153503716,-0.000374507027864,-0.0127332389474,0.0396977449536,-0.188377035016,0.0179763373375,0.0161038021982,
1450287851.05,-0.0767739407122,-0.00112352108359,0.0063666194737,0.0198488724768,-0.127332389474,-0.00674112650156,-0.00599211244583,
1450287851.05,-0.0696583071828,-0.0142312670588,-0.0176018303096,0.0486859136224,0.0190998584211,-0.0468133784831,0.00374507027864,
1450287851.07,-0.0400722519815,-0.00374507027864,0.0,0.0610446455419,0.022095914644,-0.074526898545,0.00674112650156,
1450287851.08,-0.00337056325078,0.00786464758515,-0.013856760031,0.0348291535914,0.00187253513932,-0.0670367579877,-0.0235939427555,
1450287851.1,-0.0198488724768,0.00299605622292,-0.0217214076161,0.030335069257,0.0456898573995,-0.0659132369041,-0.00262154919505,
1450287851.1,-0.0123587319195,-0.0131077459753,-0.0254664778948,0.0235939427555,-0.000749014055729,-0.0902561937153,0.0119842248917,
1450287851.11,-0.0205978865325,-0.0217214076161,-0.0239684497833,0.0400722519815,-0.0243429568112,-0.100367883468,-0.00561760541797,
1450287851.12,-0.0239684497833,-0.0176018303096,0.00299605622292,0.0325821114242,-0.0116097178638,-0.121714784056,-0.00149802811146,
1450287851.14,0.00112352108359,-0.00898816866875,0.013856760031,0.0168528162539,-0.00224704216719,-0.155420416564,-0.00561760541797,
1450287851.14,0.0295860552013,-0.0116097178638,0.0213469005883,-0.00674112650156,-0.0052430983901,-0.204106330186,0.00561760541797,
1450287851.15,0.013856760031,-0.0149802811146,-0.0172273232818,-0.0161038021982,0.00449408433437,-0.249421680558,-0.00823915461302,
1450287851.16,0.0,-0.0052430983901,-0.00411957730651,-0.00861366164088,0.00936267569661,-0.273390130341,0.013856760031,
1450287851.18,-0.000374507027864,-0.0168528162539,0.00449408433437,-0.0284625341177,-0.00674112650156,-0.279756749815,-0.00411957730651,
1450287851.18,-0.00749014055729,-0.00411957730651,-0.00262154919505,-0.0063666194737,0.0123587319195,-0.30335069257,-0.00711563352942,
1450287851.19,-0.000374507027864,-0.013856760031,-0.000749014055729,0.00224704216719,0.0295860552013,-0.322825058019,0.0112352108359,
1450287851.2,0.0131077459753,-0.0280880270898,0.019474365449,0.00749014055729,0.0494349276781,-0.334809282911,0.0329566184521,
1450287851.22,0.0258409849226,-0.0202233795047,0.0161038021982,-0.00711563352942,0.0853876023531,-0.329191677493,0.00449408433437,
1450287851.22,-0.000374507027864,-0.0161038021982,0.00749014055729,0.0153547881424,0.130702952725,-0.322076043963,-0.0161038021982,
1450287851.23,-0.0329566184521,0.000749014055729,-0.00374507027864,0.000749014055729,0.230321822137,-0.314960410434,-0.00299605622292,
1450287851.24,-0.0213469005883,-0.0116097178638,-0.0063666194737,0.0116097178638,0.315334917462,-0.3104663261,0.00749014055729,
1450287851.27,-0.0190998584211,0.0142312670588,0.0052430983901,0.0176018303096,0.357279704583,-0.286123369288,-0.013856760031,
1450287851.27,-0.0063666194737,0.00262154919505,0.0344546465635,0.00711563352942,0.2647764687,-0.245302103251,-0.0104861967802,
1450287851.28,-0.0190998584211,0.00187253513932,0.0486859136224,0.00374507027864,0.105610981858,-0.191373091239,0.0209723935604,
1450287851.29,-0.0411957730651,0.0,0.0449408433437,0.00749014055729,0.0501839417338,-0.123587319195,-0.000374507027864,
1450287851.31,-0.0550525330961,0.0318330973685,0.00411957730651,0.0153547881424,0.0471878855109,-0.116846192694,-0.0131077459753,
1450287851.31,-0.0846385882974,0.0254664778948,-0.00374507027864,0.0176018303096,0.00374507027864,-0.0381997168422,-0.000749014055729,
1450287851.32,-0.0880091515481,0.0104861967802,-0.0123587319195,0.0179763373375,0.0295860552013,0.0513074628174,0.00187253513932,
1450287851.33,-0.0685347860992,0.0217214076161,-0.0471878855109,0.0363271817029,0.0142312670588,0.066287743932,-0.00224704216719,
1450287851.35,-0.0561760541797,0.0176018303096,-0.0531799979568,0.0374507027864,0.00786464758515,0.107109009969,-0.00411957730651,
1450287851.35,-0.0621681666255,0.00711563352942,-0.0258409849226,0.0460643644273,-0.0217214076161,0.121714784056,0.00786464758515,
1450287851.36,-0.0674112650156,-0.0190998584211,-0.00823915461302,0.0868856304646,-0.0426938011765,0.127706896502,-0.00262154919505,
1450287851.37,-0.0535545049846,-0.00149802811146,0.0202233795047,0.100742390496,-0.0254664778948,0.111603094304,0.0,
1450287851.39,-0.0599211244583,0.00262154919505,-0.00749014055729,0.111228587276,-0.0490604206502,0.0954992921054,0.0063666194737,
1450287851.39,-0.0621681666255,-0.0161038021982,-0.0101116897523,0.131077459753,-0.145683233839,0.104861967802,0.0131077459753,
1450287851.4,-0.0599211244583,-0.0352036606193,-0.0168528162539,0.112352108359,-0.254664778948,0.114973657554,-0.000374507027864,
1450287851.41,-0.0340801395357,-0.00973718272448,-0.00711563352942,0.104861967802,-0.312713368267,0.104112953746,-0.00674112650156,
1450287851.43,-0.0243429568112,-0.0265899989784,-0.0172273232818,0.0850130953252,-0.386116745728,0.0876346445203,-0.00486859136224,
1450287851.43,-0.0310840833127,-0.0292115481734,-0.044191829288,0.0835150672138,-0.241182525945,0.0891326726317,0.00112352108359,
1450287851.44,-0.0262154919505,-0.0119842248917,-0.0314585903406,0.0793954899073,-0.0689092931271,0.0584230963469,-0.0142312670588,
1450287851.45,-0.00299605622292,-0.0265899989784,-0.0232194357276,0.0659132369041,-0.030335069257,0.0449408433437,-0.0127332389474,
1450287851.47,-0.0205978865325,-0.0370761957586,-0.0157292951703,0.0363271817029,-0.0112352108359,0.0314585903406,0.00112352108359,
1450287851.47,0.0265899989784,-0.027713520062,-0.0205978865325,0.0322076043963,-0.0299605622292,0.0258409849226,0.0183508443654,
1450287851.49,0.0396977449536,-0.0149802811146,0.00149802811146,0.0205978865325,-0.0535545049846,0.0179763373375,-0.00861366164088,
1450287851.5,0.0576740822911,-0.0202233795047,0.0239684497833,0.00749014055729,-0.0850130953252,-0.0235939427555,-0.0112352108359,
1450287851.52,0.0494349276781,-0.00936267569661,-0.019474365449,0.00861366164088,-0.127332389474,-0.0179763373375,-0.00299605622292,
1450287851.52,0.0651642228484,-0.022095914644,0.00674112650156,0.0262154919505,-0.137069572198,0.0,-0.0131077459753,
1450287851.53,0.0778974617958,-0.00936267569661,-0.019474365449,0.00374507027864,-0.102240418607,-0.0187253513932,0.0209723935604,
1450287851.54,0.0659132369041,-0.0456898573995,-0.00786464758515,-0.0168528162539,-0.0936267569661,-0.0389487308979,-0.00337056325078,
1450287851.56,0.0831405601859,-0.022095914644,-0.0101116897523,0.00224704216719,-0.0962483061612,-0.0187253513932,-0.013856760031,
1450287851.56,0.0846385882974,-0.00973718272448,-0.00861366164088,-0.00599211244583,-0.0872601374924,-0.00187253513932,0.00861366164088,
1450287851.57,0.0921287288547,-0.0116097178638,-0.0131077459753,0.0063666194737,-0.0936267569661,0.0142312670588,0.00374507027864,
1450287851.58,0.102614925635,-0.0307095762849,-0.00898816866875,0.000749014055729,-0.0749014055729,0.0149802811146,-0.0157292951703,
1450287851.6,0.0763994336843,-0.0273390130341,0.0116097178638,-0.0157292951703,-0.058048589319,0.00112352108359,0.0052430983901,
1450287851.6,0.0793954899073,-0.0273390130341,0.0228449286997,0.0168528162539,-0.0846385882974,0.0224704216719,-0.00224704216719,
1450287851.61,0.105985488886,-0.0258409849226,0.000374507027864,0.00599211244583,-0.0722798563778,0.00936267569661,0.00599211244583,
1450287851.62,0.0992443623841,-0.00149802811146,0.0123587319195,0.0239684497833,-0.0314585903406,-0.00936267569661,0.00861366164088,
1450287851.64,0.0898816866875,-0.00674112650156,0.0176018303096,-0.00486859136224,0.0176018303096,-0.000374507027864,-0.0123587319195,
1450287851.64,0.0775229547679,-0.0149802811146,0.0153547881424,-0.022095914644,0.052430983901,-0.00374507027864,-0.0265899989784,
1450287851.65,0.0722798563778,0.0063666194737,0.0123587319195,-0.0258409849226,0.14905379709,0.016478309226,0.00299605622292,
1450287851.66,0.0666622509599,0.00486859136224,-0.0052430983901,0.0205978865325,0.319454494768,-0.0149802811146,0.0176018303096,
1450287851.69,0.0423192941487,0.00149802811146,0.0202233795047,-0.0063666194737,0.492102234614,-0.00861366164088,-0.00411957730651,
1450287851.69,0.0434428152323,0.00786464758515,0.0749014055729,0.0265899989784,0.40334406901,-0.00674112650156,0.0153547881424,
1450287851.7,0.0352036606193,0.0101116897523,0.157292951703,0.016478309226,0.110854080248,0.0187253513932,-0.00262154919505,
1450287851.71,0.000374507027864,0.000749014055729,0.196990696657,0.0116097178638,0.0685347860992,0.0516819698453,0.00786464758515,
1450287851.73,-0.0292115481734,0.0161038021982,0.179388866347,-0.000749014055729,0.119467741889,0.030335069257,-0.000749014055729,
1450287851.73,-0.03857422387,0.00149802811146,0.125459854335,0.0112352108359,0.116471685666,0.0344546465635,-0.00749014055729,
1450287851.74,-0.0423192941487,-0.00149802811146,0.101491404551,-0.00786464758515,0.143436191672,0.0396977449536,-0.0202233795047,
1450287851.75,-0.049809434706,0.0063666194737,0.0239684497833,0.00224704216719,0.24380407514,0.0711563352942,-0.00112352108359,
1450287851.77,-0.0408212660372,0.00486859136224,0.000749014055729,0.00337056325078,0.250170694613,0.0584230963469,-0.00187253513932,
1450287851.77,-0.052430983901,0.000374507027864,-0.0655387298763,0.000374507027864,0.253915764892,0.0644152087927,0.00149802811146,
1450287851.78,-0.0666622509599,-0.00411957730651,-0.082766053158,-0.00224704216719,0.276760693592,0.0726543634057,0.0052430983901,
1450287851.79,-0.0726543634057,-0.0119842248917,-0.0363271817029,0.000749014055729,0.199237738824,0.0426938011765,-0.00337056325078,
1450287851.81,-0.0902561937153,-0.000749014055729,-0.066287743932,0.00823915461302,0.0913797147989,0.0722798563778,0.00486859136224,
1450287851.81,-0.0831405601859,-0.00224704216719,-0.0610446455419,-0.00112352108359,0.0685347860992,0.0734033774614,-0.00337056325078,
1450287851.82,-0.0808935180187,-0.0183508443654,-0.0797699969351,-0.0134822530031,0.0258409849226,0.0722798563778,-0.0161038021982,
1450287851.83,-0.0928777429104,0.00299605622292,-0.0853876023531,-0.0134822530031,0.00486859136224,0.0322076043963,-0.00823915461302,
1450287851.85,-0.0805190109909,-0.00374507027864,-0.118344220805,-0.0157292951703,0.0,0.0550525330961,0.00711563352942,
1450287851.85,-0.0677857720435,-0.0307095762849,-0.169277176595,0.0119842248917,-0.00674112650156,0.0569250682354,0.00898816866875,
1450287851.86,-0.074526898545,-0.00749014055729,-0.173022246873,0.0104861967802,-0.0430683082044,0.0247174638391,0.00599211244583,
1450287851.87,-0.0677857720435,-0.0146057740867,-0.049809434706,-0.000749014055729,-0.0969973202169,0.0273390130341,0.00374507027864,
1450287851.9,-0.0741523915172,0.0134822530031,0.0408212660372,0.0123587319195,-0.0344546465635,0.00486859136224,-0.0052430983901,
1450287851.9,-0.0629171806812,0.00561760541797,0.0659132369041,0.000749014055729,0.0363271817029,0.00449408433437,0.00299605622292,
1450287851.9,-0.0176018303096,-0.0123587319195,0.0337056325078,-0.000374507027864,0.0179763373375,-0.00411957730651,0.0052430983901,
1450287851.92,-0.0153547881424,-0.0168528162539,-0.0247174638391,-0.00299605622292,-0.0123587319195,-0.0052430983901,-0.000749014055729,
1450287851.94,-0.000374507027864,-0.0119842248917,-0.0786464758515,-0.00112352108359,-0.0381997168422,-0.0149802811146,0.00486859136224,
1450287851.94,-0.0052430983901,0.00374507027864,-0.0677857720435,-0.00187253513932,-0.0887581656039,0.0116097178638,-0.0179763373375,
1450287851.95,0.00711563352942,0.0063666194737,-0.0797699969351,-0.0123587319195,-0.162161543065,-0.0262154919505,0.00224704216719,
1450287851.96,0.0445663363159,0.0,-0.096622813189,0.00112352108359,-0.1666556274,-0.00936267569661,0.00224704216719,
1450287851.98,0.03857422387,-0.0123587319195,-0.0595466174304,0.00411957730651,-0.151300839257,-0.0318330973685,-0.00599211244583,
1450287851.98,0.0247174638391,-0.0217214076161,-0.0250919708669,-0.00898816866875,-0.163285064149,-0.00299605622292,-0.00861366164088,
1450287851.99,0.0411957730651,-0.0142312670588,0.0314585903406,0.0161038021982,-0.130702952725,0.0213469005883,0.0063666194737,
1450287852.0,0.0561760541797,0.00449408433437,0.0258409849226,0.00411957730651,-0.149428304118,0.00711563352942,0.0153547881424,
1450287852.02,0.101491404551,-0.00711563352942,-0.0307095762849,0.00149802811146,-0.204480837214,0.00337056325078,0.00861366164088,
1450287852.02,0.102989432663,-0.00749014055729,-0.027713520062,0.00898816866875,-0.235190413499,-0.0146057740867,0.00711563352942,
1450287852.03,0.0988698553562,-0.0172273232818,-0.0101116897523,-0.0172273232818,-0.1666556274,0.0146057740867,-0.0224704216719,
1450287852.04,0.0880091515481,-0.0172273232818,0.000374507027864,-0.00861366164088,-0.150926332229,0.000749014055729,-0.00561760541797,
1450287852.06,0.105985488886,0.00711563352942,0.0239684497833,-0.0101116897523,-0.196990696657,-0.0325821114242,-0.00786464758515,
1450287852.06,0.0752759126008,0.00224704216719,0.00749014055729,0.0127332389474,-0.195492668545,-0.0479368995667,-0.00112352108359,
1450287852.08,0.0797699969351,-0.00936267569661,0.0284625341177,0.00973718272448,-0.184631964737,-0.0262154919505,0.00749014055729,
1450287852.09,0.0973718272448,-0.000374507027864,0.00561760541797,-0.00711563352942,-0.146057740867,0.0101116897523,0.0134822530031,
1450287852.11,0.114973657554,-0.00823915461302,-0.00449408433437,0.000749014055729,-0.0782719688237,0.00599211244583,0.0307095762849,
1450287852.11,0.102989432663,-0.00973718272448,-0.00299605622292,-0.0063666194737,0.00861366164088,-0.00374507027864,0.0187253513932,
1450287852.12,0.074526898545,0.00861366164088,0.0142312670588,-0.00786464758515,0.0954992921054,0.00337056325078,-0.0187253513932,
1450287852.13,0.0572995752633,-0.0123587319195,-0.00973718272448,-0.000749014055729,0.246800131363,-0.0254664778948,-0.0119842248917,
1450287852.15,0.0456898573995,0.0131077459753,0.0127332389474,-0.00187253513932,0.343422944552,-0.0243429568112,-0.0131077459753,
1450287852.15,0.0453153503716,-0.0142312670588,0.0273390130341,0.000374507027864,0.428810546905,-0.00411957730651,0.0108607038081,
1450287852.16,0.0659132369041,-0.00898816866875,0.0584230963469,0.00861366164088,0.34379745158,-0.00786464758515,0.000749014055729,
1450287852.17,0.0426938011765,0.0224704216719,0.103363939691,0.000749014055729,0.132200980836,-0.0108607038081,-0.0232194357276,
1450287852.19,0.0172273232818,0.00561760541797,0.11572267161,-0.0112352108359,0.0752759126008,0.000749014055729,-0.00149802811146,
1450287852.19,-0.00674112650156,0.00299605622292,0.0906307007432,-0.0142312670588,0.127332389474,-0.00711563352942,-0.0127332389474,
1450287852.2,-0.0202233795047,-0.0063666194737,0.0917542218268,-0.00973718272448,0.0973718272448,-0.00898816866875,0.00711563352942,
1450287852.21,-0.0288370411456,-0.0142312670588,0.0910052077711,0.016478309226,0.119467741889,0.0198488724768,0.00337056325078,
1450287852.23,-0.044191829288,-0.019474365449,0.0501839417338,0.00823915461302,0.192122105294,0.0119842248917,0.0187253513932,
1450287852.23,-0.0558015471518,0.00861366164088,0.00187253513932,0.00299605622292,0.219461118329,0.0183508443654,-0.00486859136224,
1450287852.24,-0.060670138514,0.0104861967802,-0.00224704216719,-0.00936267569661,0.22095914644,0.0430683082044,0.00149802811146,
1450287852.25,-0.060670138514,-0.00786464758515,0.0119842248917,-0.0202233795047,0.242306047028,0.019474365449,0.00187253513932,
1450287852.27,-0.0846385882974,-0.00973718272448,-0.0112352108359,-0.00374507027864,0.227325765914,-0.0123587319195,-0.00898816866875,
1450287852.27,-0.0962483061612,-0.0146057740867,-0.00599211244583,-0.00224704216719,0.251668722725,-0.0265899989784,-0.013856760031,
1450287852.28,-0.125085347307,-0.00374507027864,0.00749014055729,0.0112352108359,0.250170694613,-0.0318330973685,-0.000749014055729,
1450287852.29,-0.125459854335,0.00337056325078,-0.0168528162539,-0.00674112650156,0.237437455666,0.00374507027864,-0.000374507027864,
1450287852.32,-0.122089291084,0.00711563352942,-0.0400722519815,-0.00149802811146,0.259907877338,0.0052430983901,0.00561760541797,
1450287852.32,-0.116846192694,0.0063666194737,-0.0258409849226,0.00337056325078,0.267023510867,0.0333311254799,0.0131077459753,
1450287852.33,-0.116097178638,-0.0273390130341,-0.0632916877091,0.00337056325078,0.23331787836,0.0161038021982,-0.00711563352942,
1450287852.34,-0.139691121393,0.00112352108359,-0.0438173222601,0.0108607038081,0.175269289041,0.0108607038081,-0.0101116897523,
1450287852.36,-0.118718727833,0.00786464758515,-0.0411957730651,-0.00561760541797,0.101491404551,0.0205978865325,0.0176018303096,
1450287852.36,-0.134822530031,-0.00561760541797,-0.0674112650156,0.00749014055729,0.0288370411456,-0.0052430983901,-0.0280880270898,
1450287852.37,-0.116097178638,0.00936267569661,-0.0617936595976,0.00786464758515,-0.0453153503716,-0.00749014055729,0.00823915461302,
1450287852.38,-0.103363939691,0.0116097178638,-0.0243429568112,-0.00374507027864,-0.214967033994,-0.00411957730651,0.00224704216719,
1450287852.4,-0.120591262972,0.0161038021982,-0.00936267569661,0.00898816866875,-0.235564920527,0.0202233795047,-0.0176018303096,
1450287852.4,-0.118718727833,0.0112352108359,-0.0254664778948,-0.00224704216719,-0.0685347860992,-0.0052430983901,0.0161038021982,
1450287852.41,-0.11047957322,-0.0101116897523,-0.0134822530031,0.0161038021982,0.00411957730651,0.0116097178638,0.0243429568112,
1450287852.42,-0.0644152087927,-0.0232194357276,-0.0374507027864,0.00973718272448,-0.00449408433437,-0.0198488724768,-0.00486859136224,
1450287852.44,-0.035952674675,-0.00561760541797,-0.0558015471518,0.00599211244583,-0.022095914644,0.00823915461302,-0.022095914644,
1450287852.44,-0.0247174638391,0.00973718272448,-0.0734033774614,0.00224704216719,-0.101491404551,-0.00786464758515,0.00224704216719,
1450287852.45,-0.0269645060062,0.00786464758515,-0.0284625341177,-0.0250919708669,-0.141189149505,0.00449408433437,-0.00149802811146,
1450287852.46,-0.0149802811146,0.0168528162539,-0.052430983901,-0.0172273232818,-0.161038021982,-0.0134822530031,-0.00224704216719,
1450287852.49,0.0101116897523,-0.0318330973685,-0.0153547881424,0.00936267569661,-0.246425624335,-0.0408212660372,0.027713520062,
1450287852.49,0.016478309226,-0.0108607038081,-0.019474365449,0.00187253513932,-0.280131256843,0.00337056325078,0.0,
1450287852.5,0.0528054909289,-0.000749014055729,-0.0509329557896,-0.0149802811146,-0.27189210223,0.00898816866875,-0.0142312670588,
1450287852.51,0.0576740822911,0.00112352108359,-0.0262154919505,-0.00711563352942,-0.28050576387,-0.00224704216719,-0.00749014055729,
1450287852.53,0.066287743932,-0.0258409849226,-0.0198488724768,-0.0127332389474,-0.230321822137,-0.00449408433437,-0.00823915461302,
1450287852.53,0.0726543634057,-0.0119842248917,-0.0318330973685,-0.000749014055729,-0.263278440589,-0.0161038021982,0.00224704216719,
1450287852.54,0.0692838001549,-0.0295860552013,0.0142312670588,0.00823915461302,-0.334060268855,-0.0239684497833,0.0116097178638,
1450287852.55,0.0936267569661,-0.0209723935604,0.0101116897523,0.00224704216719,-0.368140408391,-0.016478309226,0.00449408433437,
1450287852.57,0.105985488886,-0.0123587319195,0.0131077459753,0.00299605622292,-0.3857422387,-0.0187253513932,0.0,
1450287852.57,0.110105066192,-0.0295860552013,-0.00262154919505,0.0063666194737,-0.397351956564,0.013856760031,0.00561760541797,
1450287852.58,0.102240418607,-0.0213469005883,-0.0119842248917,-0.0209723935604,-0.318705480713,0.0310840833127,0.0295860552013,
1450287852.59,0.115348164582,-0.00262154919505,-0.0161038021982,-0.019474365449,-0.251668722725,-0.000374507027864,-0.00786464758515,
1450287852.61,0.0812680250466,-0.0344546465635,0.0131077459753,-0.00973718272448,-0.137818586254,-0.00337056325078,-0.0396977449536,
1450287852.61,0.0947502780497,-0.035952674675,0.0123587319195,-0.00749014055729,-0.0262154919505,-0.00599211244583,0.0157292951703,
1450287852.62,0.0853876023531,-0.0310840833127,0.0157292951703,0.00711563352942,0.00486859136224,0.00861366164088,0.0209723935604,
1450287852.64,0.0898816866875,-0.0344546465635,0.0430683082044,0.00411957730651,0.00561760541797,-0.00449408433437,-0.00861366164088,
1450287852.66,0.0977463342726,-0.0295860552013,0.0172273232818,0.0131077459753,0.0475623925388,0.00898816866875,-0.0213469005883,
1450287852.66,0.0981208413005,-0.0172273232818,0.0052430983901,0.0052430983901,0.0984953483284,0.0280880270898,-0.00449408433437,
1450287852.67,0.0659132369041,0.00299605622292,0.0176018303096,-0.0179763373375,0.0846385882974,0.0378252098143,0.00823915461302,
1450287852.68,0.0471878855109,-0.0205978865325,0.044191829288,0.000749014055729,0.0471878855109,0.0239684497833,0.00149802811146,
1450287852.7,0.0299605622292,-0.0052430983901,0.0494349276781,-0.00149802811146,0.0445663363159,-0.0209723935604,-0.013856760031,
1450287852.7,0.0337056325078,-0.00374507027864,0.066287743932,0.00936267569661,0.0554270401239,-0.0127332389474,-0.00337056325078,
1450287852.71,0.0232194357276,0.00374507027864,0.0823915461302,-0.0112352108359,0.0831405601859,-0.00973718272448,0.00823915461302,
1450287852.72,0.016478309226,-0.00898816866875,0.0190998584211,-0.00561760541797,0.102989432663,-0.0247174638391,0.00149802811146,
1450287852.74,0.0,0.0127332389474,0.0142312670588,0.00486859136224,0.171524218762,0.00599211244583,0.0127332389474,
1450287852.74,-0.0127332389474,0.0063666194737,-0.00749014055729,0.0063666194737,0.195492668545,0.00786464758515,-0.00187253513932,
1450287852.75,-0.0262154919505,-0.0108607038081,-0.00449408433437,-0.00486859136224,0.217963090217,0.0295860552013,0.00262154919505,
1450287852.76,-0.0396977449536,-0.00786464758515,0.0127332389474,0.00149802811146,0.24193154,0.0235939427555,0.00149802811146,
1450287852.78,-0.0453153503716,0.000374507027864,-0.00861366164088,0.0052430983901,0.241557032973,0.0288370411456,-0.00861366164088,
1450287852.78,-0.0659132369041,-0.000374507027864,-0.00861366164088,0.0176018303096,0.190624077183,0.0101116897523,-0.0052430983901,
1450287852.79,-0.0655387298763,0.00149802811146,-0.0153547881424,0.00936267569661,0.206353372353,0.0190998584211,0.00711563352942,
1450287852.8,-0.0659132369041,-0.00337056325078,-0.0475623925388,0.0172273232818,0.248298159474,0.00786464758515,0.00711563352942,
1450287852.83,-0.082766053158,-0.0101116897523,-0.0374507027864,-0.00674112650156,0.223955202663,-0.000374507027864,-0.0127332389474,
1450287852.83,-0.082766053158,-0.000749014055729,0.013856760031,-0.0239684497833,0.196990696657,0.00149802811146,-0.0063666194737,
1450287852.84,-0.0771484477401,0.0157292951703,-0.00187253513932,-0.00411957730651,0.181261401486,0.0187253513932,0.0157292951703,
1450287852.85,-0.0906307007432,0.00374507027864,0.00262154919505,0.00224704216719,0.176392810124,0.0430683082044,-0.00262154919505,
1450287852.87,-0.0984953483284,-0.0104861967802,-0.00112352108359,0.00973718272448,0.153922388452,0.0337056325078,-0.0119842248917,
1450287852.87,-0.102240418607,0.0,-0.0063666194737,0.00112352108359,0.0861366164088,0.0288370411456,-0.0205978865325,
1450287852.88,-0.0816425320745,0.0,-0.0187253513932,0.0131077459753,0.0232194357276,0.0161038021982,0.0280880270898,
1450287852.89,-0.0898816866875,-0.0123587319195,-0.00449408433437,-0.0052430983901,0.00449408433437,0.0273390130341,0.00411957730651,
1450287852.91,-0.0906307007432,-0.00449408433437,0.00861366164088,-0.00449408433437,-0.013856760031,0.00561760541797,-0.0131077459753,
1450287852.91,-0.0902561937153,-0.00112352108359,-0.00561760541797,-0.00898816866875,-0.0471878855109,0.0063666194737,-0.0108607038081,
1450287852.92,-0.0838895742416,0.00786464758515,-0.0116097178638,-0.016478309226,-0.0572995752633,0.0198488724768,-0.0112352108359,
1450287852.93,-0.0584230963469,0.00337056325078,-0.022095914644,0.000749014055729,-0.0202233795047,0.0232194357276,0.0205978865325,
1450287852.95,-0.0756504196286,-0.0198488724768,0.00411957730651,-0.00561760541797,-0.00411957730651,0.0213469005883,-0.0149802811146,
1450287852.95,-0.0475623925388,-0.00187253513932,-0.0134822530031,0.00337056325078,-0.013856760031,-0.00374507027864,0.00224704216719,
1450287852.96,-0.0659132369041,-0.0146057740867,-0.00861366164088,0.0101116897523,-0.0254664778948,0.0123587319195,0.0,
1450287852.97,-0.0546780260682,0.00561760541797,-0.0168528162539,-0.00786464758515,-0.000749014055729,-0.0146057740867,0.00149802811146,
1450287852.99,-0.0471878855109,0.0232194357276,0.00449408433437,0.0119842248917,-0.0131077459753,-0.0123587319195,0.00973718272448,
1450287852.99,-0.0352036606193,0.00374507027864,0.00224704216719,-0.00973718272448,-0.0453153503716,-0.0269645060062,0.0142312670588,
1450287853.01,-0.0262154919505,-0.00936267569661,-0.016478309226,0.00823915461302,-0.0367016887307,-0.0239684497833,-0.00749014055729,
1450287853.02,-0.0243429568112,-0.0198488724768,-0.0142312670588,0.00299605622292,-0.0438173222601,-0.0337056325078,-0.0213469005883,
1450287853.04,0.0104861967802,0.00337056325078,-0.0325821114242,-0.0104861967802,-0.0224704216719,-0.0063666194737,0.00112352108359,
1450287853.04,0.0273390130341,-0.00112352108359,-0.0235939427555,-0.0112352108359,-0.0381997168422,0.00411957730651,-0.00449408433437,
1450287853.05,0.0235939427555,0.0063666194737,-0.0232194357276,0.00374507027864,-0.0310840833127,0.0434428152323,-0.00486859136224,
1450287853.06,0.0269645060062,-0.00561760541797,-0.0239684497833,0.00224704216719,-0.0599211244583,0.0292115481734,0.000374507027864,
1450287853.08,0.0243429568112,-0.0355781676471,-0.00374507027864,0.00749014055729,-0.0561760541797,0.0408212660372,0.0101116897523,
1450287853.08,0.0183508443654,-0.00823915461302,0.0213469005883,0.0179763373375,-0.0329566184521,0.0370761957586,0.00299605622292,
1450287853.09,0.0352036606193,0.00711563352942,-0.00224704216719,0.0284625341177,-0.0419447871208,0.00224704216719,-0.013856760031,
1450287853.1,0.0711563352942,0.00411957730651,0.0131077459753,0.0052430983901,-0.0202233795047,0.00599211244583,0.0176018303096,
1450287853.12,0.0625426736534,-0.0119842248917,0.0258409849226,0.00823915461302,-0.0318330973685,0.0134822530031,-0.00674112650156,
1450287853.12,0.0644152087927,0.0183508443654,0.022095914644,0.00149802811146,-0.0528054909289,0.00561760541797,-0.0292115481734,
1450287853.13,0.0584230963469,0.0123587319195,-0.0232194357276,0.0176018303096,-0.0265899989784,-0.00749014055729,0.00374507027864,
1450287853.14,0.0853876023531,0.00561760541797,-0.0134822530031,-0.00861366164088,0.00224704216719,-0.00861366164088,0.0198488724768,
1450287853.16,0.0610446455419,0.0131077459753,0.00374507027864,0.0101116897523,0.0378252098143,-0.00337056325078,-0.0104861967802,
1450287853.16,0.0561760541797,0.0161038021982,0.0262154919505,0.0198488724768,0.102614925635,-0.030335069257,0.000749014055729,
1450287853.17,0.0550525330961,0.0224704216719,0.027713520062,0.0265899989784,0.145308726811,-0.0632916877091,-0.00711563352942,
1450287853.18,0.0479368995667,-0.00449408433437,0.0352036606193,0.0052430983901,0.100367883468,-0.0887581656039,-0.00973718272448,
1450287853.2,0.0430683082044,0.0235939427555,0.0396977449536,-0.00374507027864,0.126583375418,-0.082766053158,0.00749014055729,
1450287853.2,0.0280880270898,0.0239684497833,-0.00749014055729,-0.00936267569661,0.165906613344,-0.108232531053,0.00861366164088,
1450287853.21,0.0367016887307,0.0374507027864,-0.016478309226,-0.00749014055729,0.230321822137,-0.119467741889,-0.00823915461302,
1450287853.23,0.0190998584211,0.0131077459753,-0.00337056325078,0.00149802811146,0.311589847183,-0.155045909536,-0.0101116897523,
1450287853.25,0.00599211244583,0.0318330973685,0.0198488724768,-0.0063666194737,0.285748862261,-0.153922388452,0.00374507027864,
1450287853.25,-0.00786464758515,0.0,0.0389487308979,0.00674112650156,0.13145196678,-0.158041965759,0.0123587319195,
1450287853.26,-0.0318330973685,0.00486859136224,0.00786464758515,-0.0063666194737,0.0209723935604,-0.174894782013,-0.0119842248917,
1450287853.27,-0.049809434706,-0.00337056325078,-0.0112352108359,-0.00112352108359,0.00149802811146,-0.149428304118,0.00337056325078,
1450287853.29,-0.0715308423221,0.00486859136224,0.00599211244583,-0.00561760541797,-0.0157292951703,-0.120216755944,-0.0052430983901,
1450287853.29,-0.0520564768732,0.0247174638391,0.00149802811146,-0.000749014055729,-0.0333311254799,-0.116097178638,-0.00561760541797,
1450287853.3,-0.0617936595976,0.0108607038081,0.0052430983901,-0.0247174638391,-0.0104861967802,-0.0958737991333,0.00374507027864,
1450287853.31,-0.0453153503716,-0.0123587319195,-0.0104861967802,-0.0146057740867,-0.0157292951703,-0.0494349276781,0.0146057740867,
1450287853.33,-0.035952674675,-0.0101116897523,0.00337056325078,-0.00861366164088,-0.0202233795047,-0.0161038021982,0.0134822530031,
1450287853.33,-0.0644152087927,-0.0265899989784,-0.00262154919505,-0.0254664778948,0.000749014055729,0.0340801395357,-0.0183508443654,
1450287853.34,-0.0734033774614,-0.00599211244583,-0.000374507027864,-0.0131077459753,-0.0247174638391,0.0625426736534,-0.00449408433437,
1450287853.35,-0.0689092931271,-0.0243429568112,-0.00711563352942,0.00449408433437,-0.0805190109909,0.0842640812695,0.00112352108359,
1450287853.37,-0.0569250682354,-0.0104861967802,-0.00973718272448,-0.00861366164088,-0.175643796068,0.0572995752633,0.0187253513932,
1450287853.37,-0.044191829288,-0.0393232379258,-0.0355781676471,0.0198488724768,-0.247923652446,0.0273390130341,0.00599211244583,
1450287853.39,-0.035952674675,-0.0116097178638,0.0157292951703,-0.00711563352942,-0.37525604192,0.0168528162539,-0.00898816866875,
1450287853.4,-0.0284625341177,0.0052430983901,-0.00224704216719,-0.0172273232818,-0.443416320992,0.0254664778948,0.00224704216719,
1450287853.42,-0.0374507027864,-0.013856760031,-0.0486859136224,-0.0112352108359,-0.322450550991,0.0520564768732,0.0239684497833,
1450287853.42,-0.0157292951703,-0.0127332389474,-0.0595466174304,-0.0269645060062,-0.125834361362,0.0325821114242,0.00374507027864,
1450287853.43,0.00861366164088,-0.0142312670588,-0.0644152087927,-0.00374507027864,-0.0891326726317,0.0232194357276,-0.0322076043963,
1450287853.44,0.0486859136224,0.0101116897523,-0.0756504196286,0.00149802811146,-0.0213469005883,0.00861366164088,-0.0063666194737,
1450287853.46,0.0494349276781,0.0063666194737,-0.07190534935,-0.0101116897523,-0.0438173222601,0.0307095762849,-0.000374507027864,
1450287853.46,0.0370761957586,-0.0232194357276,-0.0284625341177,0.013856760031,-0.063666194737,0.0243429568112,0.0168528162539,
1450287853.47,0.0483114065945,-0.0131077459753,-0.00187253513932,-0.0112352108359,-0.0621681666255,-0.00599211244583,-0.0063666194737,
1450287853.48,0.0483114065945,-0.0101116897523,0.0063666194737,0.0127332389474,-0.124336333251,-0.0187253513932,0.00674112650156,
1450287853.5,0.0778974617958,-0.00711563352942,-0.00337056325078,0.0146057740867,-0.240059004861,-0.0187253513932,-0.0104861967802,
1450287853.5,0.121714784056,0.00449408433437,-0.0400722519815,0.00112352108359,-0.215341541022,-0.013856760031,0.0228449286997,
1450287853.51,0.114973657554,0.0190998584211,-0.052430983901,0.00749014055729,-0.141563656533,0.00112352108359,-0.0161038021982,
1450287853.52,0.105985488886,0.0157292951703,-0.0101116897523,-0.00898816866875,-0.123587319195,-0.0400722519815,0.00486859136224,
1450287853.55,0.104487460774,0.00973718272448,-0.00599211244583,-0.00674112650156,-0.147181261951,-0.0172273232818,0.00449408433437,
1450287853.55,0.100742390496,-0.0176018303096,0.013856760031,0.00411957730651,-0.209349428576,-0.0131077459753,0.00112352108359,
1450287853.56,0.108607038081,0.0,0.0370761957586,-0.00861366164088,-0.265899989784,0.0,-0.0123587319195,
1450287853.57,0.117220699722,0.0172273232818,-0.00449408433437,0.00112352108359,-0.286123369288,-0.00112352108359,0.00112352108359,
1450287853.59,0.125834361362,-0.00187253513932,0.00187253513932,0.00898816866875,-0.244553089195,0.0292115481734,0.00674112650156,
1450287853.59,0.150177318174,-0.0101116897523,-0.00786464758515,0.0104861967802,-0.21047294966,0.0265899989784,0.00749014055729,
1450287853.6,0.116846192694,-0.0247174638391,-0.0217214076161,-0.0134822530031,-0.153173374397,0.000749014055729,0.0108607038081,
1450287853.61,0.107858024025,-0.00486859136224,-0.00224704216719,0.00861366164088,-0.103363939691,-0.0333311254799,-0.00711563352942,
1450287853.63,0.12808140353,0.00674112650156,0.0307095762849,0.0,-0.0501839417338,-0.0370761957586,-0.0265899989784,
1450287853.63,0.0984953483284,-0.0176018303096,0.022095914644,-0.0179763373375,-0.00374507027864,-0.0449408433437,-0.00149802811146,
1450287853.64,0.124710840279,-0.00861366164088,0.0239684497833,-0.0176018303096,0.0149802811146,-0.0404467590094,0.0063666194737,
1450287853.65,0.0925032358825,0.0142312670588,0.0243429568112,-0.00823915461302,0.0123587319195,-0.0108607038081,0.00561760541797,
1450287853.67,0.0958737991333,0.000749014055729,-0.00411957730651,0.000374507027864,0.0722798563778,-0.00936267569661,0.0134822530031,
1450287853.67,0.104487460774,-0.0202233795047,-0.00449408433437,0.00112352108359,0.155420416564,0.0235939427555,-0.0127332389474,
1450287853.68,0.085762109381,-0.00187253513932,-0.00449408433437,-0.00262154919505,0.282003791982,0.00262154919505,-0.0052430983901,
1450287853.69,0.0468133784831,-0.00337056325078,0.0198488724768,0.00861366164088,0.348291535914,-0.0063666194737,-0.0101116897523,
1450287853.71,0.0310840833127,-0.0052430983901,0.0820170391023,-0.0116097178638,0.205604358298,-0.00561760541797,-0.000374507027864,
1450287853.71,0.0370761957586,-0.00299605622292,0.128455910558,-0.00823915461302,0.0558015471518,-0.00599211244583,0.0112352108359,
1450287853.72,0.00973718272448,0.0052430983901,0.173771260929,-0.00262154919505,0.0696583071828,0.00861366164088,-0.00262154919505,
1450287853.73,-0.00561760541797,0.00711563352942,0.173022246873,-0.0254664778948,0.0943757710218,-0.00898816866875,0.00299605622292,
1450287853.76,-0.0190998584211,0.0104861967802,0.176392810124,-0.00224704216719,0.101491404551,0.000374507027864,0.013856760031,
1450287853.76,-0.0307095762849,0.000374507027864,0.121714784056,0.0108607038081,0.163285064149,0.00187253513932,0.00749014055729,
1450287853.77,-0.0423192941487,-0.00262154919505,0.0190998584211,0.00449408433437,0.246051117307,0.0284625341177,-0.00486859136224,
1450287853.78,-0.0468133784831,-0.0217214076161,0.00337056325078,0.00337056325078,0.25953337031,0.0509329557896,-0.000374507027864,
1450287853.8,-0.0430683082044,-0.0142312670588,-0.0224704216719,-0.0119842248917,0.268147031951,0.0310840833127,-0.00674112650156,
1450287853.8,-0.0644152087927,0.00599211244583,-0.0127332389474,0.00449408433437,0.279007735759,0.016478309226,-0.00749014055729,
1450287853.81,-0.0760249266565,0.0127332389474,-0.00973718272448,0.00936267569661,0.260282384366,0.00449408433437,0.0190998584211,
1450287853.82,-0.106359995914,0.0134822530031,-0.0134822530031,0.00262154919505,0.261031398422,-0.00187253513932,0.00561760541797,
1450287853.84,-0.106734502941,0.0337056325078,-0.0108607038081,0.00786464758515,0.278633228731,-0.0254664778948,-0.0123587319195,
1450287853.84,-0.119467741889,0.0,0.00561760541797,-0.00711563352942,0.299231115264,-0.0112352108359,-0.0168528162539,
1450287853.85,-0.119842248917,-0.00674112650156,-0.00973718272448,0.0052430983901,0.284250834149,0.00299605622292,-0.0101116897523,
1450287853.86,-0.128455910558,0.016478309226,-0.0453153503716,0.0153547881424,0.282003791982,0.00561760541797,-0.00224704216719,
1450287853.88,-0.101865911579,0.0063666194737,-0.0528054909289,0.013856760031,0.262529426533,0.00262154919505,0.00449408433437,
1450287853.88,-0.103363939691,-0.0112352108359,-0.0411957730651,0.0157292951703,0.25953337031,0.0146057740867,-0.00936267569661,
1450287853.89,-0.130702952725,-0.000374507027864,-0.0666622509599,0.00337056325078,0.190249570155,0.0217214076161,0.00674112650156,
1450287853.9,-0.118718727833,0.0161038021982,-0.0752759126008,0.0101116897523,0.0999933764398,0.0123587319195,-0.00973718272448,
1450287853.93,-0.128455910558,-0.0119842248917,-0.0816425320745,-0.00898816866875,0.0250919708669,-0.00561760541797,0.0,
1450287853.93,-0.107858024025,0.0250919708669,-0.141189149505,0.00187253513932,-0.0101116897523,-0.013856760031,0.00711563352942,
1450287853.94,-0.12096577,0.0202233795047,-0.126957882446,0.00374507027864,-0.066287743932,-0.0295860552013,0.00599211244583,
1450287853.95,-0.119093234861,0.00112352108359,0.0052430983901,-0.0063666194737,-0.23331787836,-0.0232194357276,-0.0119842248917,
1450287853.97,-0.138942107338,-0.0063666194737,0.0247174638391,-0.0127332389474,-0.0715308423221,0.0149802811146,-0.0112352108359,
1450287853.97,-0.103363939691,-0.00486859136224,0.0318330973685,0.0112352108359,0.0235939427555,0.0119842248917,0.0052430983901,
1450287853.98,-0.0951247850776,-0.00936267569661,0.00823915461302,0.000374507027864,-0.0269645060062,0.0157292951703,-0.000374507027864,
1450287853.99,-0.0572995752633,0.00898816866875,-0.063666194737,-0.00936267569661,-0.00823915461302,0.0161038021982,0.0183508443654,
1450287854.01,-0.0273390130341,-0.0153547881424,-0.0640407017648,-0.016478309226,-0.0689092931271,0.0408212660372,0.0134822530031,
1450287854.01,-0.0273390130341,0.00149802811146,-0.0674112650156,-0.00262154919505,-0.117969713777,0.0146057740867,0.0,
1450287854.02,-0.0176018303096,0.00224704216719,-0.0539290120125,0.0153547881424,-0.12283830514,-0.00411957730651,-0.00823915461302,
1450287854.03,-0.0104861967802,-0.016478309226,-0.0558015471518,-0.00149802811146,-0.200735766935,-0.00823915461302,0.00936267569661,
1450287854.05,0.00149802811146,-0.00898816866875,-0.0400722519815,-0.0187253513932,-0.253541257864,-0.0254664778948,-0.0295860552013,
1450287854.05,0.0239684497833,-0.013856760031,-0.0142312670588,-0.00674112650156,-0.228449286997,-0.0258409849226,0.0116097178638,
1450287854.06,0.0295860552013,-0.0168528162539,-0.00561760541797,0.00674112650156,-0.248298159474,0.00112352108359,0.0146057740867,
1450287854.07,0.0602956314862,0.0063666194737,-0.0273390130341,-0.0119842248917,-0.264027454644,0.0116097178638,-0.00973718272448,
1450287854.1,0.074526898545,-0.000749014055729,-0.0209723935604,-0.00411957730651,-0.269270553035,0.0179763373375,-0.00262154919505,
1450287854.1,0.0617936595976,0.00599211244583,-0.0104861967802,0.0104861967802,-0.317581959629,-0.00936267569661,-0.0172273232818,
1450287854.11,0.0374507027864,-0.0153547881424,0.0112352108359,-0.000749014055729,-0.332187733716,-0.0127332389474,0.0213469005883,
1450287854.12,0.0576740822911,0.0,0.0187253513932,0.0284625341177,-0.348666042942,-0.0119842248917,-0.00861366164088,
1450287854.14,0.0876346445203,0.00299605622292,-0.0146057740867,-0.00299605622292,-0.372259985697,0.0104861967802,0.0,
1450287854.14,0.106734502941,-0.00411957730651,-0.0131077459753,-0.00861366164088,-0.351287592137,0.0052430983901,0.00411957730651,
1450287854.15,0.102614925635,0.0142312670588,0.00224704216719,0.0,-0.262154919505,0.0205978865325,-0.00112352108359,
1450287854.16,0.0823915461302,0.00112352108359,-0.000749014055729,-0.00973718272448,-0.17189872579,0.0183508443654,-0.00299605622292,
1450287854.18,0.0696583071828,-0.00187253513932,0.0127332389474,-0.00711563352942,-0.0632916877091,-0.0190998584211,-0.00786464758515,
1450287854.18,0.0471878855109,-0.00786464758515,0.0161038021982,0.00149802811146,0.0176018303096,-0.0404467590094,0.0,
1450287854.19,0.0842640812695,0.00411957730651,0.041570280093,0.00786464758515,0.022095914644,-0.03857422387,0.00823915461302,
1450287854.2,0.0715308423221,0.00411957730651,0.0340801395357,0.0142312670588,0.00749014055729,-0.0187253513932,-0.0146057740867,
1450287854.22,0.0846385882974,0.00823915461302,-0.00299605622292,0.0063666194737,0.0119842248917,-0.0161038021982,0.0112352108359,
1450287854.22,0.0670367579877,-0.00187253513932,-0.00561760541797,-0.0247174638391,0.0209723935604,0.0052430983901,0.0112352108359,
1450287854.23,0.044191829288,0.0142312670588,-0.0063666194737,-0.00486859136224,0.0344546465635,0.0262154919505,0.0063666194737,
1450287854.24,0.0119842248917,0.0250919708669,0.00112352108359,0.00112352108359,0.0486859136224,0.00449408433437,-0.00823915461302,
1450287854.26,0.00149802811146,0.00224704216719,0.0190998584211,0.00786464758515,0.0479368995667,-0.0168528162539,-0.00262154919505,
1450287854.26,0.0183508443654,-0.00224704216719,0.0172273232818,0.0153547881424,0.0471878855109,0.00486859136224,-0.0063666194737,
1450287854.28,0.0052430983901,-0.0213469005883,0.00898816866875,-0.0104861967802,0.0475623925388,0.022095914644,0.016478309226,
1450287854.29,-0.0127332389474,-0.0134822530031,0.000749014055729,0.00898816866875,0.0569250682354,0.00187253513932,-0.00561760541797,
1450287854.31,-0.00112352108359,-0.00112352108359,-0.00112352108359,0.0176018303096,0.108232531053,0.0209723935604,-0.0119842248917,
1450287854.31,-0.0400722519815,0.0232194357276,-0.00486859136224,-0.0318330973685,0.14905379709,0.00749014055729,-0.0112352108359,
1450287854.32,-0.022095914644,-0.00561760541797,-0.00224704216719,-0.0228449286997,0.14905379709,-0.00599211244583,0.0101116897523,
1450287854.33,-0.0352036606193,-0.00786464758515,-0.00674112650156,0.00486859136224,0.121714784056,-0.0149802811146,0.00299605622292,
1450287854.35,-0.060670138514,0.00299605622292,-0.0104861967802,0.0104861967802,0.107483516997,0.00411957730651,0.00112352108359,
1450287854.35,-0.0711563352942,0.00786464758515,0.00749014055729,0.0134822530031,0.0846385882974,0.00936267569661,0.0123587319195,
1450287854.36,-0.0632916877091,0.00411957730651,-0.0119842248917,-0.00262154919505,0.0569250682354,0.0217214076161,-0.00711563352942,
1450287854.37,-0.0539290120125,-0.0176018303096,0.00561760541797,-0.00936267569661,0.0378252098143,0.0101116897523,0.0,
1450287854.39,-0.0659132369041,0.00486859136224,-0.00486859136224,0.00973718272448,-0.0119842248917,-0.0247174638391,0.0168528162539,
1450287854.39,-0.058048589319,0.00749014055729,-0.0269645060062,0.00786464758515,-0.0292115481734,-0.0157292951703,-0.0131077459753,
1450287854.4,-0.0756504196286,-0.00973718272448,0.0052430983901,0.0116097178638,-0.107858024025,0.00337056325078,-0.013856760031,
1450287854.41,-0.060670138514,0.00262154919505,-0.00973718272448,-0.00936267569661,-0.127706896502,-0.0258409849226,0.00374507027864,
1450287854.43,-0.0513074628174,0.0269645060062,0.00449408433437,-0.00674112650156,-0.123587319195,0.0116097178638,0.0149802811146,
1450287854.43,-0.0483114065945,0.00973718272448,0.00262154919505,0.00674112650156,-0.147555768979,0.0247174638391,0.0,
1450287854.44,-0.0426938011765,-0.00599211244583,-0.00749014055729,0.00898816866875,-0.169651683623,0.0610446455419,-0.00299605622292,
1450287854.45,-0.0232194357276,-0.0101116897523,-0.0112352108359,0.0127332389474,-0.0992443623841,0.0565505612075,-0.00149802811146,
1450287854.47,-0.0430683082044,0.0149802811146,-0.0104861967802,0.027713520062,-0.0486859136224,0.0516819698453,-0.00749014055729,
1450287854.47,-0.044191829288,-0.000749014055729,0.00449408433437,0.0337056325078,-0.0108607038081,0.0468133784831,-0.000749014055729,
1450287854.48,-0.035952674675,0.0149802811146,0.0134822530031,0.0205978865325,-0.00187253513932,0.0674112650156,-0.00973718272448,
1450287854.49,-0.0262154919505,0.0273390130341,0.00973718272448,0.0254664778948,0.0176018303096,0.058048589319,0.000749014055729,
1450287854.52,-0.0172273232818,0.0153547881424,-0.0232194357276,0.0262154919505,0.00337056325078,0.0925032358825,-0.00187253513932,
1450287854.52,-0.0254664778948,0.00674112650156,-0.0116097178638,0.0134822530031,-0.0134822530031,0.118718727833,0.00449408433437,
1450287854.53,-0.0232194357276,0.0258409849226,0.0119842248917,0.0254664778948,-0.00149802811146,0.114973657554,-0.00973718272448,
1450287854.54,-0.0232194357276,0.0329566184521,-0.00411957730651,0.0325821114242,-0.00973718272448,0.129953938669,0.000374507027864,
1450287854.56,-0.0318330973685,0.0370761957586,0.00823915461302,0.0142312670588,-0.0153547881424,0.140065628421,-0.00411957730651,
1450287854.56,0.0,0.00823915461302,-0.00898816866875,0.00599211244583,0.0112352108359,0.117595206749,0.0269645060062,
1450287854.57,-0.000749014055729,0.0295860552013,0.00823915461302,0.00262154919505,0.00486859136224,0.0958737991333,0.0052430983901,
1450287854.58,-0.00486859136224,0.0355781676471,0.0063666194737,0.0190998584211,-0.000374507027864,0.0396977449536,-0.0187253513932,
1450287854.6,0.00973718272448,0.052430983901,-0.00449408433437,0.0153547881424,0.00337056325078,-0.0232194357276,0.00337056325078,
1450287854.6,0.022095914644,0.0299605622292,0.00299605622292,0.0280880270898,0.00262154919505,-0.0741523915172,0.0116097178638,
1450287854.61,0.00861366164088,0.0202233795047,-0.00374507027864,0.0558015471518,-0.00823915461302,-0.102240418607,-0.0176018303096,
1450287854.62,0.0119842248917,0.0149802811146,-0.00749014055729,0.0531799979568,-0.00262154919505,-0.180886894459,0.00187253513932,
1450287854.64,0.00674112650156,0.0134822530031,-0.0213469005883,0.0677857720435,-0.00112352108359,-0.242306047028,-0.00337056325078,
1450287854.64,-0.0116097178638,0.0314585903406,-0.0179763373375,0.0644152087927,0.0116097178638,-0.273015623313,0.00187253513932,
1450287854.65,-0.0187253513932,0.0217214076161,0.0176018303096,0.0704073212385,0.00861366164088,-0.330315198576,-0.00898816866875,
1450287854.66,-0.0123587319195,0.0250919708669,0.0108607038081,0.102989432663,0.0116097178638,-0.389112801951,0.0172273232818,
1450287854.69,-0.016478309226,0.0104861967802,0.019474365449,0.0910052077711,-0.00486859136224,-0.443041813964,-0.00337056325078,
1450287854.69,0.00112352108359,0.0146057740867,-0.00898816866875,0.0936267569661,0.0247174638391,-0.539664627153,-0.00149802811146,
1450287854.7,0.00486859136224,-0.00262154919505,-0.00411957730651,0.105610981858,-0.00823915461302,-0.574868287772,-0.00262154919505,
1450287854.71,0.00936267569661,0.0348291535914,0.0161038021982,0.109356052136,0.0052430983901,-0.638908989537,0.00299605622292,
1450287854.73,0.013856760031,0.0471878855109,-0.0187253513932,0.113475629443,0.0228449286997,-0.674112650156,-0.000374507027864,
1450287854.73,0.000749014055729,0.0337056325078,-0.00299605622292,0.11047957322,0.00711563352942,-0.697706592911,-0.00262154919505,
1450287854.74,-0.0456898573995,0.0430683082044,0.0131077459753,0.127706896502,-0.00599211244583,-0.735531802726,-0.00561760541797,
1450287854.75,-0.0340801395357,0.0408212660372,-0.000749014055729,0.133699008948,-0.0101116897523,-0.699579128051,-0.00749014055729,
1450287854.77,0.000374507027864,0.035952674675,-0.00262154919505,0.129953938669,0.00149802811146,-0.684973353964,0.027713520062,
1450287854.77,0.0265899989784,0.0565505612075,-0.00411957730651,0.119842248917,-0.00337056325078,-0.64003251062,0.0104861967802,
1450287854.78,-0.0205978865325,0.0280880270898,0.00861366164088,0.126583375418,0.000374507027864,-0.579362372106,-0.00973718272448,
1450287854.79,-0.0157292951703,0.0116097178638,0.00299605622292,0.126583375418,0.00674112650156,-0.489855192447,-0.0149802811146,
1450287854.81,-0.0239684497833,0.0374507027864,0.00599211244583,0.104487460774,-0.0168528162539,-0.398849984676,0.000374507027864,
1450287854.81,-0.0161038021982,0.0101116897523,-0.0123587319195,0.0906307007432,-0.0322076043963,-0.296235059041,0.00749014055729,
1450287854.82,0.0146057740867,-0.0063666194737,0.000749014055729,0.0861366164088,-0.013856760031,-0.189500556099,-0.00561760541797,
1450287854.83,0.0299605622292,-0.0123587319195,-0.00411957730651,0.0865111234367,-0.0168528162539,-0.0670367579877,0.00224704216719,
1450287854.85,0.0224704216719,-0.0052430983901,-0.00486859136224,0.0546780260682,-0.0183508443654,0.0644152087927,0.0,
1450287854.85,0.0146057740867,-0.0157292951703,-0.00449408433437,0.0172273232818,0.0247174638391,0.181635908514,-0.0101116897523,
1450287854.86,0.0108607038081,-0.0284625341177,0.0157292951703,0.00262154919505,0.0288370411456,0.267398017895,-0.0108607038081,
1450287854.87,0.00187253513932,-0.0374507027864,0.00711563352942,-0.0187253513932,0.0228449286997,0.311964354211,-0.00374507027864,
1450287854.9,-0.00299605622292,-0.0374507027864,-0.00449408433437,-0.0161038021982,0.00299605622292,0.349415056998,0.00561760541797,
1450287854.9,0.00973718272448,-0.0378252098143,0.00112352108359,-0.0322076043963,-0.0146057740867,0.406340125233,0.00823915461302,
1450287854.91,0.0228449286997,-0.0284625341177,-0.0146057740867,-0.0625426736534,-0.00187253513932,0.455026038855,-0.00112352108359,
1450287854.92,0.00449408433437,-0.0490604206502,0.00149802811146,-0.0337056325078,0.00898816866875,0.477496460527,0.00898816866875,
1450287854.94,-0.0123587319195,-0.0561760541797,0.0146057740867,-0.0531799979568,0.0183508443654,0.485361108112,-0.000374507027864,
1450287854.94,0.00187253513932,-0.0490604206502,0.00861366164088,-0.0621681666255,0.0190998584211,0.528054909289,0.00936267569661,
1450287854.95,0.0209723935604,-0.052430983901,0.00599211244583,-0.0842640812695,0.00973718272448,0.501839417338,0.013856760031,
1450287854.96,-0.0202233795047,-0.0587976033747,-0.000374507027864,-0.0756504196286,-0.00711563352942,0.491727727586,0.00823915461302,
1450287854.98,0.0063666194737,-0.0617936595976,-0.00374507027864,-0.0752759126008,0.00823915461302,0.477121953499,-0.0119842248917,
1450287854.98,0.013856760031,-0.0850130953252,-0.0134822530031,-0.0763994336843,0.0127332389474,0.417575336069,-0.019474365449,
1450287854.99,-0.0295860552013,-0.0782719688237,-0.00262154919505,-0.0520564768732,0.000374507027864,0.410085195512,0.00149802811146,
1450287855.0,-0.0322076043963,-0.0576740822911,0.00262154919505,-0.0516819698453,-0.00112352108359,0.34192491644,0.0116097178638,
1450287855.02,0.00823915461302,-0.0812680250466,0.0131077459753,-0.0509329557896,0.00486859136224,0.323948579103,-0.00561760541797,
1450287855.02,0.00224704216719,-0.0610446455419,0.00823915461302,-0.0404467590094,0.00749014055729,0.277509707648,0.0247174638391,
1450287855.03,-0.00599211244583,-0.0520564768732,-0.00749014055729,-0.0516819698453,-0.00973718272448,0.229947315109,-0.00224704216719,
1450287855.04,-0.0108607038081,-0.0505584487617,0.00711563352942,-0.0617936595976,-0.0239684497833,0.159165486842,-0.0134822530031,
1450287855.06,-0.00973718272448,-0.0378252098143,-0.0146057740867,-0.0490604206502,-0.00262154919505,0.106359995914,-0.00224704216719,
1450287855.06,-0.0131077459753,-0.0265899989784,-0.00599211244583,-0.0322076043963,0.00973718272448,0.0224704216719,-0.000374507027864,
1450287855.07,-0.00674112650156,-0.00187253513932,0.00187253513932,-0.0209723935604,-0.00936267569661,-0.0213469005883,0.00337056325078,
1450287855.08,0.00599211244583,-0.0063666194737,0.00337056325078,0.0146057740867,-0.022095914644,-0.088383658576,-0.0119842248917,
1450287855.1,-0.0187253513932,0.00337056325078,0.0052430983901,0.00674112650156,0.0108607038081,-0.119093234861,0.00711563352942,
1450287855.1,-0.00561760541797,0.00936267569661,-0.00374507027864,0.00187253513932,0.00749014055729,-0.139316614366,0.00561760541797,
1450287855.12,-0.00823915461302,0.0157292951703,-0.0063666194737,0.0172273232818,0.0205978865325,-0.128455910558,0.0254664778948,
1450287855.13,0.00374507027864,0.0426938011765,0.0108607038081,0.0400722519815,-0.00936267569661,-0.139316614366,0.00674112650156,
1450287855.15,0.0172273232818,0.0213469005883,0.0123587319195,0.0142312670588,-0.0131077459753,-0.128455910558,-0.0153547881424,
1450287855.15,-0.0116097178638,0.0355781676471,-0.016478309226,0.0426938011765,-0.022095914644,-0.111977601331,-0.0213469005883,
1450287855.16,-0.0112352108359,0.0322076043963,-0.0052430983901,0.0426938011765,-0.0131077459753,-0.0850130953252,0.00561760541797,
1450287855.17,0.0123587319195,0.0501839417338,-0.0101116897523,0.0284625341177,-0.00711563352942,-0.0666622509599,0.0,
1450287855.19,-0.00149802811146,0.0378252098143,0.00224704216719,-0.00112352108359,0.000749014055729,-0.0419447871208,-0.0104861967802,
1450287855.19,-0.00299605622292,0.0550525330961,0.0273390130341,0.000374507027864,-0.0344546465635,-0.0273390130341,0.00112352108359,
1450287855.2,-0.00149802811146,0.0288370411456,-0.0104861967802,-0.00749014055729,-0.00823915461302,0.0142312670588,0.0198488724768,
1450287855.21,0.0123587319195,0.0228449286997,-0.00337056325078,-0.0052430983901,-0.00936267569661,0.0307095762849,0.00112352108359,
1450287855.23,0.0131077459753,-0.00599211244583,0.019474365449,-0.0187253513932,0.00674112650156,0.0363271817029,-0.0142312670588,
1450287855.23,0.019474365449,-0.000749014055729,-0.0127332389474,-0.00149802811146,-0.00936267569661,0.0217214076161,-0.00112352108359,
1450287855.24,0.00786464758515,-0.0307095762849,-0.00749014055729,-0.0217214076161,0.0119842248917,0.027713520062,0.0127332389474,
1450287855.25,0.0052430983901,-0.0310840833127,-0.00187253513932,-0.019474365449,-0.00674112650156,0.0569250682354,-0.013856760031,
1450287855.28,0.0123587319195,-0.0374507027864,0.0209723935604,-0.0247174638391,0.0,0.0565505612075,-0.00449408433437,
1450287855.28,0.0213469005883,-0.0483114065945,0.0119842248917,-0.0505584487617,0.00861366164088,0.0973718272448,0.0262154919505,
1450287855.29,0.0202233795047,-0.0595466174304,0.00112352108359,-0.0464388714552,-0.00898816866875,0.0973718272448,-0.0190998584211,
1450287855.3,0.0344546465635,-0.0554270401239,-0.0149802811146,-0.0449408433437,-0.00936267569661,0.132575487864,-0.00337056325078,
1450287855.32,0.0269645060062,-0.0771484477401,-0.0116097178638,-0.0404467590094,-0.000374507027864,0.176767317152,-0.00299605622292,
1450287855.32,0.03857422387,-0.0782719688237,0.00711563352942,-0.0483114065945,0.0153547881424,0.207476893437,0.013856760031,
1450287855.33,0.0168528162539,-0.0895071796596,-0.000749014055729,-0.0535545049846,-0.0153547881424,0.254664778948,0.0119842248917,
1450287855.34,-0.0112352108359,-0.0666622509599,0.000749014055729,-0.0453153503716,-0.0202233795047,0.298856608236,-0.000374507027864,
1450287855.36,0.0434428152323,-0.0778974617958,0.00674112650156,-0.0666622509599,-0.00262154919505,0.320578015852,-0.0142312670588,
1450287855.36,0.0146057740867,-0.0651642228484,-0.0127332389474,-0.0531799979568,-0.000374507027864,0.346419000775,-0.00973718272448,
1450287855.37,0.0183508443654,-0.0516819698453,-0.000374507027864,-0.0468133784831,0.00449408433437,0.332936747772,0.000749014055729,
1450287855.38,0.0288370411456,-0.0314585903406,-0.0063666194737,-0.0651642228484,0.00224704216719,0.327693649381,0.0310840833127,
1450287855.4,0.0404467590094,-0.0640407017648,-0.00374507027864,-0.0550525330961,0.00898816866875,0.356156183499,0.00187253513932,
1450287855.4,-0.000749014055729,-0.0352036606193,0.00973718272448,-0.0576740822911,-0.0101116897523,0.366642380279,0.00299605622292,
1450287855.41,-0.00561760541797,-0.049809434706,0.00861366164088,-0.030335069257,-0.00786464758515,0.343422944552,-0.000749014055729,
1450287855.42,0.00449408433437,-0.0228449286997,-0.00599211244583,-0.0340801395357,0.00936267569661,0.332936747772,-0.0134822530031,
1450287855.44,0.0393232379258,-0.0292115481734,-0.0190998584211,-0.0363271817029,0.00486859136224,0.301478157431,-0.0273390130341,
1450287855.44,0.0269645060062,-0.0284625341177,0.000374507027864,-0.0516819698453,0.0250919708669,0.261405905449,-0.0112352108359,
1450287855.46,0.0198488724768,-0.0157292951703,0.0123587319195,-0.0460643644273,0.0146057740867,0.24904717353,0.0123587319195,
1450287855.47,0.0213469005883,0.00411957730651,0.0108607038081,-0.0393232379258,0.0063666194737,0.217963090217,0.00411957730651,
1450287855.49,-0.00674112650156,-0.00674112650156,0.0108607038081,-0.030335069257,-0.0161038021982,0.192496612322,0.00449408433437,
1450287855.49,-0.000374507027864,-0.0228449286997,0.0119842248917,-0.0213469005883,0.00337056325078,0.181635908514,-0.000749014055729,
1450287855.5,-0.00449408433437,0.0,-0.0127332389474,-0.0344546465635,-0.00262154919505,0.143436191672,0.0131077459753,
1450287855.51,0.013856760031,-0.00224704216719,-0.0172273232818,-0.0228449286997,-0.0172273232818,0.121340277028,-0.0153547881424,
1450287855.53,0.00262154919505,0.0224704216719,-0.00486859136224,-0.0295860552013,-0.00262154919505,0.082766053158,-0.00749014055729,
1450287855.53,-0.0146057740867,0.00337056325078,0.0149802811146,-0.016478309226,0.0179763373375,0.0367016887307,0.0108607038081,
1450287855.54,-0.019474365449,-0.00599211244583,-0.0153547881424,-0.00561760541797,0.0134822530031,0.0228449286997,0.00861366164088,
1450287855.55,-0.0269645060062,0.00411957730651,0.0052430983901,0.00823915461302,0.000374507027864,-0.0250919708669,0.0187253513932,
1450287855.57,-0.0052430983901,0.00599211244583,0.0101116897523,0.0146057740867,-0.0187253513932,-0.044191829288,-0.00898816866875,
1450287855.57,0.00411957730651,-0.00823915461302,-0.0288370411456,0.0213469005883,-0.0205978865325,-0.00449408433437,0.00599211244583,
1450287855.58,-0.0112352108359,0.00299605622292,-0.00861366164088,0.00674112650156,-0.019474365449,0.0288370411456,-0.0116097178638,
1450287855.59,-0.0063666194737,-0.00898816866875,0.00112352108359,-0.00486859136224,-0.00486859136224,-0.00561760541797,-0.019474365449,
1450287855.61,0.0153547881424,-0.00449408433437,0.013856760031,-0.00187253513932,0.0318330973685,-0.00486859136224,0.00861366164088,
1450287855.61,0.00449408433437,-0.013856760031,0.00262154919505,-0.00149802811146,0.00674112650156,0.0153547881424,0.0134822530031,
1450287855.62,0.0063666194737,-0.0157292951703,0.00411957730651,-0.0153547881424,-0.00299605622292,-0.00411957730651,-0.00187253513932,
1450287855.63,-0.0108607038081,-0.000374507027864,-0.00374507027864,-0.0101116897523,-0.0104861967802,-0.00599211244583,0.013856760031,
1450287855.65,0.00224704216719,-0.0108607038081,-0.0235939427555,-0.0131077459753,0.00337056325078,0.0205978865325,-0.00149802811146,
1450287855.65,0.00262154919505,-0.0157292951703,-0.00786464758515,0.00674112650156,-0.00187253513932,0.0348291535914,-0.00936267569661,
1450287855.66,0.0119842248917,-0.030335069257,0.0217214076161,-0.00187253513932,-0.00149802811146,0.0393232379258,0.00112352108359,
1450287855.68,0.00187253513932,-0.0337056325078,0.0187253513932,0.0228449286997,-0.00374507027864,0.0456898573995,-0.0161038021982,
1450287855.7,0.0112352108359,-0.00823915461302,0.00486859136224,-0.00749014055729,-0.0190998584211,0.00299605622292,0.0149802811146,
1450287855.7,-0.0108607038081,-0.0119842248917,-0.00749014055729,-0.00149802811146,0.0202233795047,0.00898816866875,-0.00411957730651,
1450287855.71,0.0134822530031,0.00337056325078,-0.0123587319195,-0.00749014055729,-0.000374507027864,0.0299605622292,-0.000749014055729,
1450287855.72,0.0307095762849,-0.0123587319195,-0.00299605622292,-0.00711563352942,-0.0052430983901,0.0063666194737,-0.00337056325078,
1450287855.74,0.013856760031,-0.0108607038081,-0.0161038021982,-0.00749014055729,0.0104861967802,-0.0142312670588,-0.0112352108359,
1450287855.74,-0.00486859136224,-0.00374507027864,0.0123587319195,0.00936267569661,0.00187253513932,0.0116097178638,0.00337056325078,
1450287855.75,0.00449408433437,-0.0131077459753,0.0183508443654,0.0149802811146,-0.0142312670588,0.0348291535914,0.00299605622292,
1450287855.76,-0.00149802811146,-0.016478309226,-0.00149802811146,-0.0243429568112,-0.0127332389474,0.066287743932,0.000374507027864,
1450287855.78,-0.00674112650156,-0.00823915461302,0.00299605622292,0.00224704216719,-0.0052430983901,0.094001263994,0.016478309226,
1450287855.78,0.0123587319195,-0.00374507027864,0.0153547881424,-0.00823915461302,-0.00411957730651,0.102989432663,0.00187253513932,
1450287855.79,0.00224704216719,-0.000749014055729,-0.000374507027864,-0.0378252098143,-0.00711563352942,0.0763994336843,-0.0209723935604,
1450287855.8,-0.00112352108359,-0.022095914644,-0.016478309226,-0.0104861967802,-0.00224704216719,0.101491404551,0.00187253513932,
1450287855.82,-0.0153547881424,-0.0224704216719,0.00149802811146,-0.0119842248917,0.0108607038081,0.0962483061612,0.00411957730651,
1450287855.82,0.0142312670588,-0.0258409849226,0.0153547881424,-0.049809434706,0.00936267569661,0.116097178638,0.00711563352942,
1450287855.84,0.016478309226,0.00711563352942,-0.0052430983901,-0.0685347860992,-0.00449408433437,0.115348164582,0.00674112650156,
1450287855.85,0.0116097178638,-0.00823915461302,-0.0127332389474,-0.0786464758515,-0.00337056325078,0.0969973202169,-0.0176018303096,
1450287855.87,0.00749014055729,-0.00224704216719,0.0134822530031,-0.0707818282664,0.016478309226,0.0786464758515,0.00599211244583,
1450287855.87,-0.0116097178638,-0.000749014055729,0.0112352108359,-0.0917542218268,0.0104861967802,0.0790209828794,0.022095914644,
1450287855.88,-0.00599211244583,-0.00262154919505,0.0149802811146,-0.118344220805,0.0112352108359,0.0790209828794,-0.00786464758515,
1450287855.89,0.00898816866875,-0.00299605622292,0.00749014055729,-0.105985488886,0.00898816866875,0.0775229547679,-0.0116097178638,
1450287855.91,0.0243429568112,0.00823915461302,-0.0176018303096,-0.122463798112,-0.00337056325078,0.0711563352942,0.00861366164088,
1450287855.91,-0.00112352108359,-0.00786464758515,-0.019474365449,-0.1438106987,0.00374507027864,0.0617936595976,0.00374507027864,
1450287855.92,0.00599211244583,-0.0179763373375,-0.00749014055729,-0.15429689548,0.00973718272448,0.063666194737,0.000374507027864,
1450287855.93,-0.00112352108359,0.0176018303096,-0.00112352108359,-0.153922388452,0.0101116897523,0.0917542218268,-0.0116097178638,
1450287855.95,-0.0209723935604,0.00374507027864,0.00711563352942,-0.168153655511,0.019474365449,0.0898816866875,0.00711563352942,
1450287855.95,-0.00262154919505,-0.0250919708669,0.00786464758515,-0.160663514954,-0.00486859136224,0.13145196678,-0.0063666194737,
1450287855.96,0.00898816866875,-0.0314585903406,0.00112352108359,-0.163285064149,-0.00187253513932,0.134448023003,0.00299605622292,
1450287855.97,0.0172273232818,0.0,-0.00449408433437,-0.167779148483,0.0149802811146,0.169651683623,-0.000749014055729,
1450287856.0,0.00823915461302,-0.0258409849226,-0.0063666194737,-0.169277176595,0.0146057740867,0.177890838236,0.000374507027864,
1450287856.0,-0.00449408433437,-0.0284625341177,0.022095914644,-0.186504499876,0.00299605622292,0.180886894459,-0.00861366164088,
1450287856.01,-0.0127332389474,-0.0198488724768,0.0123587319195,-0.181261401486,-0.0209723935604,0.228823794025,0.0190998584211,
1450287856.02,-0.00262154919505,-0.0295860552013,-0.00411957730651,-0.173022246873,-0.0108607038081,0.237811962694,0.00374507027864,
1450287856.04,-0.00674112650156,-0.0378252098143,-0.00486859136224,-0.164408585232,-0.0108607038081,0.256537314087,-0.0262154919505,
1450287856.04,0.0052430983901,-0.0314585903406,-0.00674112650156,-0.157667458731,0.00599211244583,0.272266609257,0.0119842248917,
1450287856.05,-0.00262154919505,-0.0119842248917,0.013856760031,-0.174145767957,0.00486859136224,0.306721255821,0.0172273232818,
1450287856.06,-0.00674112650156,-0.0209723935604,-0.0116097178638,-0.196616189629,0.00411957730651,0.32095252288,-0.00786464758515,
1450287856.08,-0.013856760031,-0.019474365449,-0.00187253513932,-0.206727879381,0.00224704216719,0.332562240744,0.00823915461302,
1450287856.08,-0.0112352108359,-0.0119842248917,0.00224704216719,-0.210847456688,-0.00936267569661,0.323574072075,-0.00411957730651,
1450287856.09,-0.0134822530031,0.00374507027864,-0.0157292951703,-0.235190413499,-0.0187253513932,0.327319142354,-0.0123587319195,
1450287856.1,-0.00936267569661,0.00486859136224,0.00374507027864,-0.214967033994,-0.00224704216719,0.35241111322,-0.0063666194737,
1450287856.12,-0.0052430983901,-0.0119842248917,-0.00112352108359,-0.222082667524,0.0131077459753,0.351662099165,0.00262154919505,
1450287856.12,0.0101116897523,0.00674112650156,0.0258409849226,-0.196616189629,0.013856760031,0.33668181805,-0.00674112650156,
1450287856.13,0.00299605622292,0.0104861967802,0.0176018303096,-0.197365203685,0.0190998584211,0.345295479691,-0.0104861967802,
1450287856.14,-0.016478309226,-0.00449408433437,-0.00861366164088,-0.172273232818,0.00224704216719,0.311215340155,0.0063666194737,
1450287856.16,-0.0157292951703,-0.00149802811146,-0.00599211244583,-0.142312670588,-0.00599211244583,0.275637172508,-0.00674112650156,
1450287856.16,-0.0063666194737,0.00411957730651,0.00449408433437,-0.154671402508,-0.0104861967802,0.249796187586,0.0101116897523,
1450287856.17,-0.0146057740867,0.0250919708669,0.00337056325078,-0.13145196678,0.00337056325078,0.211596470743,-0.00749014055729,
1450287856.18,-0.00449408433437,-0.0209723935604,-0.00561760541797,-0.0846385882974,0.0101116897523,0.192496612322,0.0318330973685,
1450287856.21,-0.00411957730651,0.0063666194737,-0.0127332389474,-0.0853876023531,0.00411957730651,0.159914500898,-0.013856760031,
1450287856.21,-0.0273390130341,0.00224704216719,0.0101116897523,-0.0539290120125,0.00823915461302,0.119842248917,-0.0209723935604,
1450287856.22,-0.0250919708669,0.0146057740867,-0.0119842248917,-0.0400722519815,0.000374507027864,0.0610446455419,0.00374507027864,
1450287856.23,-0.0299605622292,-0.00561760541797,-0.00262154919505,-0.00674112650156,0.0116097178638,0.0104861967802,-0.00149802811146,
1450287856.25,-0.0250919708669,0.00187253513932,0.00187253513932,0.0157292951703,0.00299605622292,-0.052430983901,-0.00374507027864,
1450287856.25,-0.0262154919505,0.0127332389474,0.0149802811146,0.0310840833127,-0.00786464758515,-0.0872601374924,-0.0101116897523,
1450287856.26,-0.0528054909289,0.0340801395357,0.00749014055729,0.0292115481734,-0.000749014055729,-0.0962483061612,0.0052430983901,
1450287856.27,-0.044191829288,0.0273390130341,0.0,0.0168528162539,0.0273390130341,-0.0820170391023,0.00861366164088,
1450287856.29,-0.0299605622292,0.0146057740867,0.00299605622292,0.0127332389474,0.0205978865325,-0.0584230963469,0.0063666194737,
1450287856.29,-0.0363271817029,0.0352036606193,-0.00112352108359,0.0176018303096,0.00187253513932,-0.0659132369041,0.0104861967802,
1450287856.3,-0.044191829288,0.0404467590094,0.00187253513932,0.0224704216719,0.00112352108359,-0.0726543634057,0.00823915461302,
1450287856.31,-0.0325821114242,0.0411957730651,0.00262154919505,0.0445663363159,-0.00449408433437,-0.0700328142107,-0.0101116897523,
1450287856.33,-0.0333311254799,0.03857422387,-0.0131077459753,0.0543035190403,0.00711563352942,-0.0820170391023,-0.0198488724768,
1450287856.33,-0.0367016887307,0.0614191525698,-0.00149802811146,0.0880091515481,-0.0119842248917,-0.101491404551,-0.000749014055729,
1450287856.34,-0.0445663363159,0.0445663363159,0.0,0.0850130953252,0.00262154919505,-0.137069572198,-0.00262154919505,
1450287856.35,-0.0576740822911,0.0617936595976,0.0052430983901,0.115348164582,-0.00299605622292,-0.16478309226,-0.00224704216719,
1450287856.37,-0.0247174638391,0.0584230963469,0.00411957730651,0.116471685666,0.0112352108359,-0.182010415542,0.0205978865325,
1450287856.37,-0.0576740822911,0.060670138514,0.00749014055729,0.111977601331,-0.00411957730651,-0.210098442632,0.0187253513932,
1450287856.39,-0.0239684497833,0.0868856304646,-0.00786464758515,0.139691121393,-0.00823915461302,-0.261405905449,0.00337056325078,
1450287856.4,-0.0329566184521,0.0797699969351,-0.00786464758515,0.133699008948,0.0217214076161,-0.332187733716,0.00973718272448,
1450287856.42,-0.0381997168422,0.0917542218268,0.0142312670588,0.120216755944,-0.00299605622292,-0.367391394335,-0.0108607038081,
1450287856.42,-0.0494349276781,0.118718727833,-0.00711563352942,0.127706896502,-0.0262154919505,-0.427687025821,-0.0176018303096,
1450287856.43,-0.0232194357276,0.135197037059,-0.0157292951703,0.125085347307,-0.00561760541797,-0.495847304893,-0.00262154919505,
1450287856.44,-0.0295860552013,0.132575487864,-0.00112352108359,0.12808140353,0.0,-0.561760541797,-0.0209723935604,
1450287856.46,-0.0479368995667,0.147181261951,0.0273390130341,0.117969713777,-0.00337056325078,-0.614940539753,0.0176018303096,
1450287856.46,-0.0187253513932,0.17002619065,-0.00262154919505,0.117969713777,0.000749014055729,-0.653140256596,-0.00486859136224,
1450287856.47,-0.0116097178638,0.168902669567,-0.0153547881424,0.129204924613,-0.00224704216719,-0.682351804769,0.00187253513932,
1450287856.48,-0.0490604206502,0.161787036037,-0.00374507027864,0.139316614366,-0.00449408433437,-0.717929972416,-0.00337056325078,
1450287856.5,-0.0344546465635,0.148304783034,-0.00786464758515,0.137818586254,0.00374507027864,-0.72429659189,0.00823915461302,
1450287856.5,-0.0179763373375,0.124336333251,0.00187253513932,0.186504499876,-0.00898816866875,-0.756504196286,-0.00936267569661,
1450287856.51,-0.0205978865325,0.111228587276,0.00449408433437,0.195492668545,-0.0250919708669,-0.775604054707,-0.00861366164088,
1450287856.52,-0.00749014055729,0.121340277028,-0.0108607038081,0.242306047028,-0.00898816866875,-0.761372787648,-0.00449408433437,
1450287856.54,-0.0146057740867,0.0737778844893,0.00337056325078,0.246051117307,0.00112352108359,-0.749763069785,0.00299605622292,
1450287856.54,-0.0157292951703,0.0756504196286,-0.00149802811146,0.242680554056,-0.0063666194737,-0.763245322788,0.00749014055729,
1450287856.55,0.000749014055729,0.0471878855109,0.00299605622292,0.265150975728,0.0280880270898,-0.70145166319,0.0,
1450287856.57,-0.0161038021982,0.0812680250466,-0.00224704216719,0.223580695635,-0.00187253513932,-0.653889270651,0.00374507027864,
1450287856.59,-0.013856760031,0.0722798563778,0.0202233795047,0.195118161517,-0.00599211244583,-0.648646172261,0.00112352108359,
1450287856.59,-0.0142312670588,0.0565505612075,-0.0269645060062,0.201859288019,-0.0187253513932,-0.578613358051,0.00786464758515,
1450287856.6,-0.00711563352942,0.0483114065945,-0.00861366164088,0.153173374397,-0.0344546465635,-0.5295529374,0.00599211244583,
1450287856.61,0.0284625341177,0.0483114065945,0.00486859136224,0.158790979815,-0.0213469005883,-0.443790828019,0.00224704216719,
1450287856.63,0.0063666194737,0.0307095762849,0.00374507027864,0.15429689548,0.0187253513932,-0.407838153344,-0.0131077459753,
1450287856.63,-0.00187253513932,0.0172273232818,0.0119842248917,0.140065628421,-0.0063666194737,-0.373383506781,-0.0131077459753,
1450287856.64,-0.00561760541797,0.0265899989784,0.0,0.123961826223,0.00262154919505,-0.321701536936,0.00973718272448,
1450287856.65,0.027713520062,0.0389487308979,-0.0104861967802,0.123961826223,0.00299605622292,-0.317581959629,-0.0063666194737,
1450287856.67,0.0280880270898,-0.00187253513932,-0.00936267569661,0.103363939691,-0.00749014055729,-0.305972241765,-0.0101116897523,
1450287856.67,0.0112352108359,0.00411957730651,0.0228449286997,0.0906307007432,-0.0228449286997,-0.274513651425,0.00149802811146,
1450287856.68,0.00262154919505,0.0063666194737,0.00411957730651,0.0760249266565,0.0168528162539,-0.238935483778,0.0104861967802,
1450287856.69,-0.0119842248917,-0.000749014055729,-0.022095914644,0.0752759126008,0.000749014055729,-0.216090555078,-0.00262154919505,
