1450287744.0,-0.68914086817,0.309097128406,0.0970242847229,0.116966034943,-0.0479368995667,-0.525771914447,0.00958737991333,
1450287744.01,-0.688373877777,0.309864118799,0.0970242847229,0.116582539746,-0.0479368995667,-0.525771914447,0.0103543703064,
1450287744.03,-0.689907858563,0.311014604388,0.0974077799194,0.116582539746,-0.0475534043701,-0.52653890484,0.0092038847168,
1450287744.03,-0.689524363367,0.310247613995,0.0970242847229,0.116582539746,-0.0471699091736,-0.526155409644,0.00958737991333,
1450287744.04,-0.688757372974,0.308713633209,0.0966407895264,0.115815549353,-0.0475534043701,-0.525771914447,0.0092038847168,
1450287744.05,-0.688757372974,0.308713633209,0.0970242847229,0.116582539746,-0.046019423584,-0.52538841925,0.0103543703064,
1450287744.07,-0.689524363367,0.309864118799,0.0970242847229,0.116582539746,-0.0471699091736,-0.52653890484,0.00958737991333,
1450287744.07,-0.689524363367,0.310247613995,0.0974077799194,0.11619904455,-0.0471699091736,-0.525771914447,0.0103543703064,
1450287744.08,-0.687990382581,0.308713633209,0.0974077799194,0.116582539746,-0.0471699091736,-0.526155409644,0.00997087510986,
1450287744.09,-0.688757372974,0.309097128406,0.0970242847229,0.116582539746,-0.0479368995667,-0.52538841925,0.0092038847168,
1450287744.11,-0.688757372974,0.308713633209,0.0962572943298,0.116582539746,-0.0475534043701,-0.52538841925,0.00958737991333,
1450287744.12,-0.688373877777,0.309480623602,0.0970242847229,0.116582539746,-0.0475534043701,-0.526155409644,0.00882038952026,
1450287744.13,-0.689524363367,0.308713633209,0.0970242847229,0.117349530139,-0.0475534043701,-0.526155409644,0.00958737991333,
1450287744.14,-0.689524363367,0.309097128406,0.0966407895264,0.116582539746,-0.0464029187805,-0.526155409644,0.00997087510986,
1450287744.16,-0.689524363367,0.309097128406,0.0974077799194,0.117349530139,-0.0475534043701,-0.525771914447,0.00958737991333,
1450287744.16,-0.68914086817,0.309097128406,0.0970242847229,0.116966034943,-0.0475534043701,-0.525004924054,0.0092038847168,
1450287744.17,-0.68914086817,0.309480623602,0.0970242847229,0.117349530139,-0.0475534043701,-0.52538841925,0.0111213606995,
1450287744.18,-0.68914086817,0.309097128406,0.0974077799194,0.115815549353,-0.0475534043701,-0.52538841925,0.0092038847168,
1450287744.2,-0.68914086817,0.309097128406,0.097791275116,0.116582539746,-0.0471699091736,-0.525004924054,0.0092038847168,
1450287744.2,-0.68914086817,0.308713633209,0.0966407895264,0.116966034943,-0.0479368995667,-0.52538841925,0.0103543703064,
1450287744.21,-0.688757372974,0.309864118799,0.097791275116,0.116582539746,-0.0483203947632,-0.524237933661,0.00997087510986,
1450287744.22,-0.689524363367,0.308713633209,0.0974077799194,0.116582539746,-0.0479368995667,-0.524621428857,0.00997087510986,
1450287744.24,-0.689907858563,0.308713633209,0.0970242847229,0.116966034943,-0.0471699091736,-0.52538841925,0.00997087510986,
1450287744.24,-0.68914086817,0.309480623602,0.0974077799194,0.116582539746,-0.0475534043701,-0.525004924054,0.00997087510986,
1450287744.25,-0.689524363367,0.309480623602,0.0970242847229,0.116582539746,-0.0467864139771,-0.525771914447,0.00997087510986,
1450287744.26,-0.689524363367,0.308713633209,0.0974077799194,0.116966034943,-0.0479368995667,-0.52538841925,0.00958737991333,
1450287744.29,-0.689524363367,0.309480623602,0.0966407895264,0.117349530139,-0.0467864139771,-0.525004924054,0.00958737991333,
1450287744.29,-0.69029135376,0.309097128406,0.0970242847229,0.116966034943,-0.0479368995667,-0.52538841925,0.00997087510986,
1450287744.3,-0.69029135376,0.309097128406,0.097791275116,0.116966034943,-0.0471699091736,-0.525004924054,0.00997087510986,
1450287744.31,-0.691058344153,0.309097128406,0.0966407895264,0.116582539746,-0.0471699091736,-0.525771914447,0.00997087510986,
1450287744.33,-0.690674848956,0.309864118799,0.097791275116,0.116966034943,-0.0475534043701,-0.52538841925,0.00958737991333,
1450287744.33,-0.690674848956,0.309480623602,0.0970242847229,0.116582539746,-0.0471699091736,-0.52538841925,0.0092038847168,
1450287744.34,-0.690674848956,0.309097128406,0.0970242847229,0.116966034943,-0.0475534043701,-0.525004924054,0.00958737991333,
1450287744.35,-0.691058344153,0.309097128406,0.0966407895264,0.116582539746,-0.0475534043701,-0.525004924054,0.0103543703064,
1450287744.37,-0.691058344153,0.309097128406,0.0981747703125,0.11619904455,-0.0471699091736,-0.52538841925,0.00958737991333,
1450287744.37,-0.691058344153,0.309864118799,0.0970242847229,0.117349530139,-0.0464029187805,-0.525004924054,0.0103543703064,
1450287744.38,-0.691441839349,0.309480623602,0.097791275116,0.117349530139,-0.0471699091736,-0.526155409644,0.00882038952026,
1450287744.39,-0.691825334546,0.308713633209,0.0974077799194,0.116966034943,-0.0471699091736,-0.526155409644,0.0092038847168,
1450287744.41,-0.691825334546,0.309480623602,0.0974077799194,0.116582539746,-0.0467864139771,-0.525771914447,0.0111213606995,
1450287744.41,-0.691441839349,0.310631109192,0.0974077799194,0.116582539746,-0.0471699091736,-0.525771914447,0.0092038847168,
1450287744.42,-0.692592324939,0.308713633209,0.0970242847229,0.116582539746,-0.0464029187805,-0.52538841925,0.00997087510986,
1450287744.43,-0.691825334546,0.308330138013,0.0974077799194,0.117733025336,-0.0479368995667,-0.525004924054,0.00997087510986,
1450287744.45,-0.692208829742,0.309097128406,0.0966407895264,0.116966034943,-0.0467864139771,-0.523470943268,0.0103543703064,
1450287744.45,-0.692208829742,0.309864118799,0.0970242847229,0.117733025336,-0.0479368995667,-0.524237933661,0.00997087510986,
1450287744.46,-0.692975820135,0.310247613995,0.0970242847229,0.117733025336,-0.0479368995667,-0.523854438464,0.00958737991333,
1450287744.47,-0.693359315332,0.309864118799,0.0966407895264,0.117733025336,-0.0475534043701,-0.523854438464,0.0092038847168,
1450287744.5,-0.693359315332,0.309864118799,0.0970242847229,0.118116520532,-0.0471699091736,-0.523854438464,0.0103543703064,
1450287744.5,-0.693359315332,0.309480623602,0.0966407895264,0.117733025336,-0.0483203947632,-0.524621428857,0.0092038847168,
1450287744.51,-0.692592324939,0.309864118799,0.0970242847229,0.117733025336,-0.0471699091736,-0.524621428857,0.0092038847168,
1450287744.52,-0.693359315332,0.311014604388,0.0970242847229,0.117733025336,-0.0471699091736,-0.524621428857,0.0107378655029,
1450287744.54,-0.693359315332,0.309864118799,0.0966407895264,0.117733025336,-0.0464029187805,-0.52538841925,0.00882038952026,
1450287744.54,-0.693742810529,0.309480623602,0.0974077799194,0.118116520532,-0.0479368995667,-0.524237933661,0.00882038952026,
1450287744.55,-0.694509800922,0.309864118799,0.0970242847229,0.118116520532,-0.0471699091736,-0.523087448071,0.00958737991333,
1450287744.56,-0.694126305725,0.312165089978,0.0970242847229,0.117733025336,-0.0467864139771,-0.523470943268,0.0092038847168,
1450287744.58,-0.693742810529,0.310247613995,0.0970242847229,0.118116520532,-0.0475534043701,-0.521169972089,0.0092038847168,
1450287744.58,-0.692592324939,0.309864118799,0.0970242847229,0.117349530139,-0.0487038899597,-0.520019486499,0.00958737991333,
1450287744.59,-0.693359315332,0.310631109192,0.0966407895264,0.118116520532,-0.0471699091736,-0.519635991302,0.00958737991333,
1450287744.6,-0.693359315332,0.310247613995,0.0962572943298,0.117733025336,-0.0487038899597,-0.518869000909,0.0092038847168,
1450287744.62,-0.693359315332,0.310247613995,0.0970242847229,0.117733025336,-0.0479368995667,-0.51771851532,0.0092038847168,
1450287744.63,-0.694126305725,0.310631109192,0.0966407895264,0.116966034943,-0.0483203947632,-0.515801039337,0.0103543703064,
1450287744.63,-0.693359315332,0.311398099585,0.0966407895264,0.116966034943,-0.0467864139771,-0.514650553748,0.00997087510986,
1450287744.64,-0.693359315332,0.309864118799,0.0966407895264,0.117733025336,-0.0483203947632,-0.513500068158,0.00997087510986,
1450287744.67,-0.693359315332,0.310247613995,0.0970242847229,0.117733025336,-0.0479368995667,-0.511199096979,0.0092038847168,
1450287744.67,-0.694126305725,0.310247613995,0.0962572943298,0.117733025336,-0.0471699091736,-0.510048611389,0.0092038847168,
1450287744.68,-0.693742810529,0.309864118799,0.0966407895264,0.118116520532,-0.0483203947632,-0.50774764021,0.00997087510986,
1450287744.69,-0.693359315332,0.309864118799,0.0962572943298,0.117349530139,-0.0483203947632,-0.505830164227,0.0107378655029,
1450287744.71,-0.694126305725,0.309864118799,0.0974077799194,0.116966034943,-0.0483203947632,-0.503529193048,0.00882038952026,
1450287744.71,-0.694126305725,0.310247613995,0.0966407895264,0.117349530139,-0.0471699091736,-0.501611717065,0.00882038952026,
1450287744.72,-0.693742810529,0.310247613995,0.0974077799194,0.117349530139,-0.0475534043701,-0.499310745886,0.00843689432373,
1450287744.73,-0.694126305725,0.309864118799,0.0966407895264,0.118116520532,-0.0475534043701,-0.497009774707,0.0092038847168,
1450287744.75,-0.694893296118,0.310631109192,0.0970242847229,0.117733025336,-0.0475534043701,-0.494325308331,0.00882038952026,
1450287744.75,-0.694509800922,0.310631109192,0.0970242847229,0.117349530139,-0.0475534043701,-0.492024337152,0.0092038847168,
1450287744.76,-0.694509800922,0.310631109192,0.0966407895264,0.117733025336,-0.0483203947632,-0.490106861169,0.0092038847168,
1450287744.77,-0.693742810529,0.310247613995,0.0966407895264,0.117349530139,-0.0471699091736,-0.48780588999,0.00958737991333,
1450287744.79,-0.694126305725,0.309864118799,0.0966407895264,0.118116520532,-0.0487038899597,-0.486271909204,0.00997087510986,
1450287744.79,-0.694509800922,0.310247613995,0.0962572943298,0.118500015729,-0.0483203947632,-0.484737928418,0.0092038847168,
1450287744.8,-0.694893296118,0.310247613995,0.0974077799194,0.118116520532,-0.0475534043701,-0.483587442828,0.00882038952026,
1450287744.81,-0.694509800922,0.310247613995,0.0970242847229,0.118883510925,-0.0479368995667,-0.483203947632,0.00997087510986,
1450287744.84,-0.695660286511,0.310247613995,0.0966407895264,0.118116520532,-0.0475534043701,-0.482820452435,0.00958737991333,
1450287744.84,-0.694509800922,0.310631109192,0.0970242847229,0.118883510925,-0.0479368995667,-0.482436957239,0.0092038847168,
1450287744.85,-0.694893296118,0.310631109192,0.0966407895264,0.118883510925,-0.0475534043701,-0.482436957239,0.00882038952026,
1450287744.86,-0.695660286511,0.310247613995,0.0966407895264,0.119650501318,-0.0471699091736,-0.483203947632,0.00997087510986,
1450287744.88,-0.695276791315,0.309480623602,0.0966407895264,0.120033996515,-0.0483203947632,-0.482820452435,0.0092038847168,
1450287744.88,-0.695660286511,0.311014604388,0.0966407895264,0.119650501318,-0.0475534043701,-0.483203947632,0.00882038952026,
1450287744.89,-0.695660286511,0.309480623602,0.0970242847229,0.118883510925,-0.0479368995667,-0.483587442828,0.00958737991333,
1450287744.9,-0.695660286511,0.312165089978,0.0970242847229,0.119650501318,-0.0483203947632,-0.483970938025,0.0092038847168,
1450287744.92,-0.697194267297,0.311781594781,0.0966407895264,0.119650501318,-0.0487038899597,-0.483587442828,0.0092038847168,
1450287744.92,-0.696427276904,0.310247613995,0.0966407895264,0.119650501318,-0.0479368995667,-0.483970938025,0.0103543703064,
1450287744.93,-0.696427276904,0.309480623602,0.0966407895264,0.119650501318,-0.0475534043701,-0.482436957239,0.0092038847168,
1450287744.94,-0.696043781708,0.309864118799,0.0966407895264,0.120033996515,-0.0479368995667,-0.482820452435,0.00997087510986,
1450287744.96,-0.697194267297,0.310247613995,0.0966407895264,0.119267006122,-0.0479368995667,-0.482436957239,0.0092038847168,
1450287744.96,-0.696810772101,0.310631109192,0.0970242847229,0.119650501318,-0.0471699091736,-0.482436957239,0.0092038847168,
1450287744.97,-0.696427276904,0.310631109192,0.0970242847229,0.119650501318,-0.0483203947632,-0.482820452435,0.00843689432373,
1450287744.98,-0.696427276904,0.309864118799,0.0962572943298,0.120033996515,-0.0479368995667,-0.482820452435,0.00958737991333,
1450287745.0,-0.697194267297,0.310247613995,0.0970242847229,0.120033996515,-0.0471699091736,-0.483587442828,0.00997087510986,
1450287745.0,-0.696810772101,0.309864118799,0.0966407895264,0.120417491711,-0.0471699091736,-0.483587442828,0.00843689432373,
1450287745.01,-0.696810772101,0.309864118799,0.0974077799194,0.120800986908,-0.0467864139771,-0.483587442828,0.0092038847168,
1450287745.02,-0.697194267297,0.310247613995,0.0966407895264,0.121184482104,-0.0479368995667,-0.483587442828,0.00958737991333,
1450287745.05,-0.697577762494,0.309864118799,0.0966407895264,0.121184482104,-0.0483203947632,-0.483203947632,0.00882038952026,
1450287745.05,-0.697577762494,0.310631109192,0.0966407895264,0.121951472498,-0.0483203947632,-0.483587442828,0.00882038952026,
1450287745.06,-0.697577762494,0.310247613995,0.0962572943298,0.122718462891,-0.0475534043701,-0.483203947632,0.0092038847168,
1450287745.07,-0.69796125769,0.309480623602,0.0966407895264,0.123101958087,-0.0479368995667,-0.482820452435,0.00882038952026,
1450287745.09,-0.69796125769,0.310631109192,0.0970242847229,0.124635938873,-0.0471699091736,-0.482436957239,0.00882038952026,
1450287745.09,-0.697577762494,0.310631109192,0.0966407895264,0.124635938873,-0.0479368995667,-0.482820452435,0.00882038952026,
1450287745.1,-0.69796125769,0.310247613995,0.0966407895264,0.125402929266,-0.0479368995667,-0.483203947632,0.00882038952026,
1450287745.11,-0.698344752887,0.310247613995,0.0966407895264,0.125402929266,-0.0475534043701,-0.483587442828,0.0092038847168,
1450287745.13,-0.698344752887,0.309864118799,0.0966407895264,0.126936910052,-0.0483203947632,-0.483587442828,0.00843689432373,
1450287745.13,-0.698728248083,0.309480623602,0.0966407895264,0.126553414856,-0.0479368995667,-0.483587442828,0.0080533991272,
1450287745.14,-0.698728248083,0.310631109192,0.0966407895264,0.127703900446,-0.0479368995667,-0.484737928418,0.00882038952026,
1450287745.15,-0.69911174328,0.309480623602,0.0970242847229,0.128087395642,-0.0471699091736,-0.484354433221,0.0080533991272,
1450287745.18,-0.698728248083,0.310247613995,0.0970242847229,0.128470890839,-0.0475534043701,-0.483970938025,0.00843689432373,
1450287745.18,-0.699495238477,0.311014604388,0.0970242847229,0.129621376428,-0.0479368995667,-0.483970938025,0.00882038952026,
1450287745.19,-0.699878733673,0.310631109192,0.0966407895264,0.130388366821,-0.0483203947632,-0.484354433221,0.00882038952026,
1450287745.2,-0.699495238477,0.310631109192,0.0962572943298,0.130388366821,-0.0471699091736,-0.484737928418,0.00882038952026,
1450287745.22,-0.69911174328,0.310247613995,0.0974077799194,0.131538852411,-0.0471699091736,-0.485121423615,0.00958737991333,
1450287745.22,-0.69911174328,0.309864118799,0.0970242847229,0.132689338,-0.0475534043701,-0.484737928418,0.00843689432373,
1450287745.23,-0.69911174328,0.309864118799,0.0962572943298,0.13383982359,-0.0475534043701,-0.486271909204,0.00882038952026,
1450287745.24,-0.699495238477,0.309480623602,0.0966407895264,0.133456328394,-0.0483203947632,-0.486271909204,0.00843689432373,
1450287745.26,-0.699495238477,0.309864118799,0.0966407895264,0.134223318787,-0.0483203947632,-0.488189385187,0.00843689432373,
1450287745.26,-0.70026222887,0.309480623602,0.0966407895264,0.13499030918,-0.0471699091736,-0.48895637558,0.00728640873413,
1450287745.27,-0.699495238477,0.310631109192,0.0966407895264,0.135757299573,-0.0483203947632,-0.490873851563,0.00882038952026,
1450287745.28,-0.699495238477,0.310247613995,0.0962572943298,0.136140794769,-0.0479368995667,-0.492407832349,0.00843689432373,
1450287745.3,-0.699495238477,0.311014604388,0.0966407895264,0.136524289966,-0.0487038899597,-0.493941813135,0.0092038847168,
1450287745.3,-0.699878733673,0.310247613995,0.0962572943298,0.138058270752,-0.0471699091736,-0.495475793921,0.00728640873413,
1450287745.31,-0.69911174328,0.311398099585,0.0966407895264,0.138058270752,-0.0483203947632,-0.498543755493,0.005752427948,
1450287745.32,-0.699878733673,0.312165089978,0.0962572943298,0.139208756342,-0.0479368995667,-0.501228221869,0.00613592314453,
1450287745.34,-0.70026222887,0.310247613995,0.0974077799194,0.140359241931,-0.0483203947632,-0.503529193048,0.00421844716187,
1450287745.34,-0.699495238477,0.309480623602,0.0970242847229,0.141509727521,-0.0483203947632,-0.506980649817,0.00306796157227,
1450287745.35,-0.699878733673,0.309864118799,0.0970242847229,0.143043708307,-0.0483203947632,-0.509281620996,0.00268446637573,
1450287745.36,-0.699495238477,0.309864118799,0.0970242847229,0.143427203503,-0.0487038899597,-0.511582592175,0.00191747598267,
1450287745.39,-0.70026222887,0.309864118799,0.0970242847229,0.14496118429,-0.0475534043701,-0.513500068158,0.000383495196533,
1450287745.39,-0.699495238477,0.309864118799,0.0970242847229,0.145728174683,-0.0475534043701,-0.514650553748,0.000766990393066,
1450287745.4,-0.699878733673,0.311014604388,0.0970242847229,0.146111669879,-0.0479368995667,-0.517335020123,-0.00153398078613,
1450287745.41,-0.699495238477,0.310247613995,0.0966407895264,0.146111669879,-0.0475534043701,-0.519252496106,-0.0023009711792,
1450287745.43,-0.70026222887,0.310247613995,0.0974077799194,0.146495165076,-0.0487038899597,-0.518869000909,-0.0023009711792,
1450287745.43,-0.699878733673,0.310631109192,0.0966407895264,0.147262155469,-0.0479368995667,-0.519252496106,-0.0023009711792,
1450287745.44,-0.699495238477,0.310631109192,0.0966407895264,0.148029145862,-0.0479368995667,-0.519635991302,-0.00153398078613,
1450287745.45,-0.699878733673,0.311014604388,0.0966407895264,0.146878660272,-0.0471699091736,-0.519252496106,-0.0023009711792,
1450287745.47,-0.699878733673,0.310247613995,0.0970242847229,0.148029145862,-0.0479368995667,-0.519635991302,-0.00191747598267,
1450287745.47,-0.70026222887,0.310631109192,0.0962572943298,0.147645650665,-0.0483203947632,-0.518869000909,-0.0011504855896,
1450287745.48,-0.699878733673,0.309864118799,0.0962572943298,0.148029145862,-0.0475534043701,-0.519252496106,-0.0023009711792,
1450287745.49,-0.699878733673,0.311014604388,0.0966407895264,0.147262155469,-0.0475534043701,-0.519252496106,-0.00153398078613,
1450287745.51,-0.699495238477,0.311781594781,0.0966407895264,0.148412641058,-0.0479368995667,-0.518869000909,-0.00191747598267,
1450287745.51,-0.69911174328,0.310631109192,0.0962572943298,0.148029145862,-0.0487038899597,-0.518485505713,-0.00268446637573,
1450287745.53,-0.69911174328,0.310247613995,0.0962572943298,0.147262155469,-0.0471699091736,-0.518485505713,-0.00306796157227,
1450287745.54,-0.699878733673,0.310247613995,0.0970242847229,0.147645650665,-0.0475534043701,-0.518869000909,-0.00191747598267,
1450287745.56,-0.699495238477,0.310247613995,0.0962572943298,0.148029145862,-0.0479368995667,-0.518485505713,-0.00191747598267,
1450287745.56,-0.69911174328,0.311014604388,0.0970242847229,0.147262155469,-0.0483203947632,-0.518869000909,-0.0023009711792,
1450287745.57,-0.69911174328,0.310247613995,0.0962572943298,0.148029145862,-0.0475534043701,-0.518869000909,-0.0023009711792,
1450287745.58,-0.69911174328,0.312165089978,0.0966407895264,0.147262155469,-0.0471699091736,-0.518485505713,-0.0023009711792,
1450287745.6,-0.69911174328,0.309097128406,0.0962572943298,0.147262155469,-0.0479368995667,-0.518102010516,-0.00191747598267,
1450287745.6,-0.699495238477,0.309864118799,0.0966407895264,0.147645650665,-0.0483203947632,-0.519635991302,-0.00153398078613,
1450287745.61,-0.70026222887,0.309097128406,0.0962572943298,0.147262155469,-0.0475534043701,-0.519635991302,-0.0023009711792,
1450287745.62,-0.699495238477,0.310631109192,0.0974077799194,0.146878660272,-0.0471699091736,-0.519252496106,-0.00268446637573,
1450287745.64,-0.699878733673,0.309864118799,0.0966407895264,0.147262155469,-0.0487038899597,-0.518869000909,-0.0023009711792,
1450287745.64,-0.69911174328,0.309480623602,0.0966407895264,0.146495165076,-0.0479368995667,-0.518485505713,-0.0023009711792,
1450287745.65,-0.699878733673,0.309480623602,0.0966407895264,0.147262155469,-0.0479368995667,-0.518102010516,-0.00191747598267,
1450287745.66,-0.69911174328,0.309097128406,0.0962572943298,0.146878660272,-0.0483203947632,-0.518485505713,-0.0023009711792,
1450287745.69,-0.699878733673,0.309864118799,0.0970242847229,0.147262155469,-0.0483203947632,-0.519635991302,-0.0023009711792,
1450287745.69,-0.69911174328,0.309097128406,0.0966407895264,0.146878660272,-0.0483203947632,-0.518485505713,-0.0023009711792,
1450287745.69,-0.699878733673,0.309097128406,0.0966407895264,0.147262155469,-0.0487038899597,-0.518102010516,-0.0023009711792,
1450287745.7,-0.699878733673,0.309480623602,0.0962572943298,0.147645650665,-0.0479368995667,-0.518485505713,-0.00268446637573,
1450287745.73,-0.70026222887,0.308713633209,0.0962572943298,0.147262155469,-0.0471699091736,-0.518102010516,-0.00191747598267,
1450287745.73,-0.70026222887,0.309480623602,0.0962572943298,0.148029145862,-0.0475534043701,-0.518102010516,-0.00191747598267,
1450287745.74,-0.699495238477,0.309864118799,0.0970242847229,0.147262155469,-0.0490873851563,-0.518485505713,-0.000766990393066,
1450287745.75,-0.69911174328,0.309480623602,0.0962572943298,0.147645650665,-0.0483203947632,-0.51771851532,-0.00153398078613,
1450287745.77,-0.70026222887,0.311398099585,0.0962572943298,0.147262155469,-0.0475534043701,-0.51771851532,-0.00268446637573,
1450287745.77,-0.699878733673,0.309864118799,0.0954903039368,0.147645650665,-0.0471699091736,-0.517335020123,-0.0023009711792,
1450287745.78,-0.70026222887,0.309864118799,0.0962572943298,0.147645650665,-0.0487038899597,-0.51771851532,-0.0011504855896,
1450287745.79,-0.699495238477,0.309097128406,0.0966407895264,0.147262155469,-0.0471699091736,-0.518102010516,-0.0023009711792,
1450287745.81,-0.70026222887,0.309097128406,0.0966407895264,0.146878660272,-0.0475534043701,-0.517335020123,-0.00191747598267,
1450287745.81,-0.699878733673,0.309864118799,0.0962572943298,0.147262155469,-0.0487038899597,-0.518485505713,-0.00191747598267,
1450287745.82,-0.699495238477,0.308713633209,0.0966407895264,0.146878660272,-0.0487038899597,-0.518102010516,-0.00191747598267,
1450287745.83,-0.70026222887,0.309097128406,0.0966407895264,0.146878660272,-0.0483203947632,-0.518102010516,-0.0023009711792,
1450287745.85,-0.699495238477,0.310247613995,0.0966407895264,0.147262155469,-0.0475534043701,-0.517335020123,-0.00306796157227,
1450287745.85,-0.699878733673,0.309097128406,0.0966407895264,0.147645650665,-0.0471699091736,-0.51771851532,-0.00268446637573,
1450287745.86,-0.699878733673,0.309864118799,0.0962572943298,0.147262155469,-0.0483203947632,-0.518102010516,-0.00191747598267,
1450287745.87,-0.699878733673,0.309480623602,0.0970242847229,0.147645650665,-0.0483203947632,-0.51771851532,-0.00268446637573,
1450287745.9,-0.70026222887,0.309864118799,0.0966407895264,0.148412641058,-0.0471699091736,-0.51771851532,-0.0023009711792,
1450287745.9,-0.699878733673,0.309097128406,0.0966407895264,0.147262155469,-0.0483203947632,-0.518102010516,-0.00153398078613,
1450287745.91,-0.699495238477,0.309864118799,0.0962572943298,0.147262155469,-0.0471699091736,-0.518485505713,-0.0023009711792,
1450287745.92,-0.700645724066,0.309480623602,0.0970242847229,0.147645650665,-0.0479368995667,-0.518102010516,-0.00153398078613,
1450287745.94,-0.699878733673,0.309480623602,0.0974077799194,0.147262155469,-0.0483203947632,-0.518102010516,-0.0023009711792,
1450287745.94,-0.699878733673,0.309480623602,0.0970242847229,0.146878660272,-0.0475534043701,-0.51771851532,-0.0034514567688,
1450287745.95,-0.70026222887,0.311398099585,0.0966407895264,0.146878660272,-0.0471699091736,-0.518485505713,-0.0011504855896,
1450287745.96,-0.699878733673,0.309864118799,0.0970242847229,0.146878660272,-0.0483203947632,-0.51771851532,-0.00191747598267,
1450287745.98,-0.699495238477,0.309097128406,0.0962572943298,0.147645650665,-0.0475534043701,-0.518485505713,-0.0023009711792,
1450287745.98,-0.700645724066,0.309097128406,0.0966407895264,0.147645650665,-0.0464029187805,-0.51771851532,-0.0023009711792,
1450287745.99,-0.700645724066,0.309864118799,0.0966407895264,0.147645650665,-0.0479368995667,-0.51771851532,-0.00191747598267,
1450287746.0,-0.699495238477,0.309480623602,0.0962572943298,0.147262155469,-0.0471699091736,-0.51771851532,-0.0023009711792,
1450287746.02,-0.70026222887,0.309480623602,0.0966407895264,0.147262155469,-0.0479368995667,-0.518485505713,-0.0023009711792,
1450287746.02,-0.70026222887,0.311781594781,0.0962572943298,0.146878660272,-0.0479368995667,-0.519252496106,-0.00191747598267,
1450287746.03,-0.699878733673,0.309480623602,0.0970242847229,0.147645650665,-0.0475534043701,-0.520019486499,-0.00191747598267,
1450287746.04,-0.70026222887,0.309097128406,0.0966407895264,0.146878660272,-0.0475534043701,-0.519635991302,-0.0023009711792,
1450287746.07,-0.70026222887,0.309480623602,0.0970242847229,0.147262155469,-0.0483203947632,-0.518102010516,-0.0011504855896,
1450287746.07,-0.699878733673,0.308713633209,0.0966407895264,0.147645650665,-0.0487038899597,-0.51771851532,-0.00191747598267,
1450287746.08,-0.699495238477,0.310247613995,0.0966407895264,0.147645650665,-0.0475534043701,-0.518102010516,-0.00268446637573,
1450287746.09,-0.699495238477,0.309480623602,0.0970242847229,0.147645650665,-0.0483203947632,-0.51771851532,-0.00268446637573,
1450287746.11,-0.699878733673,0.309864118799,0.0966407895264,0.147262155469,-0.0483203947632,-0.518102010516,-0.00191747598267,
1450287746.11,-0.699495238477,0.311781594781,0.0966407895264,0.147645650665,-0.0483203947632,-0.518485505713,-0.00153398078613,
1450287746.12,-0.699878733673,0.311398099585,0.0974077799194,0.146878660272,-0.0475534043701,-0.518485505713,-0.0011504855896,
1450287746.13,-0.699495238477,0.309480623602,0.0962572943298,0.147262155469,-0.0479368995667,-0.519635991302,-0.00153398078613,
1450287746.15,-0.699878733673,0.309480623602,0.0962572943298,0.146878660272,-0.0483203947632,-0.518869000909,-0.00191747598267,
1450287746.15,-0.698728248083,0.309864118799,0.0954903039368,0.146878660272,-0.0479368995667,-0.519252496106,-0.00191747598267,
1450287746.16,-0.699495238477,0.309097128406,0.0962572943298,0.146878660272,-0.0479368995667,-0.519252496106,-0.00191747598267,
1450287746.17,-0.699878733673,0.310247613995,0.0962572943298,0.147645650665,-0.0479368995667,-0.518102010516,-0.00153398078613,
1450287746.19,-0.699878733673,0.309864118799,0.0966407895264,0.148029145862,-0.0483203947632,-0.518485505713,-0.00191747598267,
1450287746.2,-0.699878733673,0.310247613995,0.0962572943298,0.147645650665,-0.0475534043701,-0.518869000909,-0.0023009711792,
1450287746.2,-0.699495238477,0.309480623602,0.0966407895264,0.147645650665,-0.0479368995667,-0.518869000909,-0.0023009711792,
1450287746.22,-0.699878733673,0.309097128406,0.0966407895264,0.147645650665,-0.0475534043701,-0.518869000909,-0.0023009711792,
1450287746.24,-0.699495238477,0.309864118799,0.0962572943298,0.146878660272,-0.0479368995667,-0.518485505713,-0.00191747598267,
1450287746.24,-0.699495238477,0.308713633209,0.0970242847229,0.147262155469,-0.0487038899597,-0.518869000909,-0.00153398078613,
1450287746.25,-0.699495238477,0.309864118799,0.0958737991333,0.147645650665,-0.0479368995667,-0.519252496106,-0.0011504855896,
1450287746.26,-0.699878733673,0.309097128406,0.0970242847229,0.147262155469,-0.0483203947632,-0.518485505713,-0.00268446637573,
1450287746.28,-0.69911174328,0.309480623602,0.0962572943298,0.147262155469,-0.0483203947632,-0.518485505713,-0.0023009711792,
1450287746.28,-0.70026222887,0.309864118799,0.0966407895264,0.146878660272,-0.0475534043701,-0.518485505713,-0.00153398078613,
1450287746.29,-0.699495238477,0.309864118799,0.0974077799194,0.147645650665,-0.0471699091736,-0.518869000909,-0.0011504855896,
1450287746.3,-0.699878733673,0.309480623602,0.0962572943298,0.146878660272,-0.0483203947632,-0.519252496106,-0.000383495196533,
1450287746.32,-0.699495238477,0.309864118799,0.0966407895264,0.148029145862,-0.0479368995667,-0.518869000909,-0.00153398078613,
1450287746.32,-0.699495238477,0.309864118799,0.0966407895264,0.147645650665,-0.0475534043701,-0.519635991302,-0.00191747598267,
1450287746.33,-0.70026222887,0.311014604388,0.0970242847229,0.147262155469,-0.0487038899597,-0.518102010516,-0.00268446637573,
1450287746.34,-0.70026222887,0.309864118799,0.0966407895264,0.147645650665,-0.0483203947632,-0.518869000909,-0.0011504855896,
1450287746.37,-0.69911174328,0.309480623602,0.0962572943298,0.148029145862,-0.0483203947632,-0.519252496106,-0.0023009711792,
1450287746.37,-0.699878733673,0.309480623602,0.0966407895264,0.147262155469,-0.0475534043701,-0.520019486499,-0.00191747598267,
1450287746.37,-0.699495238477,0.310247613995,0.0966407895264,0.147262155469,-0.0483203947632,-0.519252496106,-0.0023009711792,
1450287746.38,-0.699495238477,0.309480623602,0.0966407895264,0.147645650665,-0.0479368995667,-0.519252496106,-0.00153398078613,
1450287746.41,-0.699495238477,0.309480623602,0.0966407895264,0.147645650665,-0.0479368995667,-0.519635991302,-0.000383495196533,
1450287746.41,-0.699878733673,0.309480623602,0.0970242847229,0.147645650665,-0.0483203947632,-0.519635991302,-0.0023009711792,
1450287746.42,-0.69911174328,0.309480623602,0.0970242847229,0.146878660272,-0.0483203947632,-0.520019486499,-0.00191747598267,
1450287746.43,-0.699878733673,0.309480623602,0.0966407895264,0.146878660272,-0.0479368995667,-0.519635991302,-0.00153398078613,
1450287746.45,-0.69911174328,0.310631109192,0.0962572943298,0.146878660272,-0.0464029187805,-0.519252496106,-0.00191747598267,
1450287746.45,-0.699495238477,0.310247613995,0.0966407895264,0.147262155469,-0.0479368995667,-0.519252496106,-0.00191747598267,
1450287746.46,-0.698728248083,0.309864118799,0.0970242847229,0.146878660272,-0.0487038899597,-0.520019486499,-0.00191747598267,
1450287746.47,-0.699878733673,0.309480623602,0.0962572943298,0.147645650665,-0.0483203947632,-0.520019486499,-0.00191747598267,
1450287746.49,-0.699878733673,0.309097128406,0.0962572943298,0.147262155469,-0.0479368995667,-0.518485505713,-0.00191747598267,
1450287746.49,-0.699495238477,0.308713633209,0.0962572943298,0.147262155469,-0.0487038899597,-0.520402981696,-0.00191747598267,
1450287746.5,-0.699878733673,0.309864118799,0.0974077799194,0.147645650665,-0.0483203947632,-0.519252496106,-0.00191747598267,
1450287746.51,-0.699495238477,0.309864118799,0.0966407895264,0.147262155469,-0.0479368995667,-0.519252496106,-0.00268446637573,
1450287746.53,-0.69911174328,0.309864118799,0.0970242847229,0.146495165076,-0.0487038899597,-0.518869000909,-0.0023009711792,
1450287746.53,-0.69911174328,0.309864118799,0.0966407895264,0.147262155469,-0.0487038899597,-0.520019486499,-0.0023009711792,
1450287746.54,-0.69911174328,0.309480623602,0.0966407895264,0.146878660272,-0.0487038899597,-0.519252496106,-0.000766990393066,
1450287746.55,-0.69911174328,0.309480623602,0.0962572943298,0.147262155469,-0.0483203947632,-0.519635991302,-0.00191747598267,
1450287746.58,-0.69911174328,0.309864118799,0.0970242847229,0.148029145862,-0.0479368995667,-0.519252496106,-0.00306796157227,
1450287746.58,-0.698728248083,0.310247613995,0.0974077799194,0.147262155469,-0.0479368995667,-0.520019486499,-0.00268446637573,
1450287746.59,-0.69911174328,0.309480623602,0.0962572943298,0.146878660272,-0.0475534043701,-0.519635991302,-0.00268446637573,
1450287746.6,-0.699495238477,0.309864118799,0.0966407895264,0.148029145862,-0.0483203947632,-0.519635991302,-0.0011504855896,
1450287746.62,-0.699495238477,0.309097128406,0.0962572943298,0.147645650665,-0.0475534043701,-0.520019486499,-0.00191747598267,
1450287746.62,-0.698728248083,0.309097128406,0.0962572943298,0.146878660272,-0.0475534043701,-0.518869000909,-0.00191747598267,
1450287746.63,-0.698728248083,0.309864118799,0.0958737991333,0.147262155469,-0.0475534043701,-0.519252496106,-0.0023009711792,
1450287746.64,-0.698344752887,0.309480623602,0.0966407895264,0.147262155469,-0.0475534043701,-0.519635991302,-0.00191747598267,
1450287746.66,-0.698344752887,0.309097128406,0.0970242847229,0.147645650665,-0.0479368995667,-0.519252496106,0.000383495196533,
1450287746.66,-0.698728248083,0.309480623602,0.0966407895264,0.147645650665,-0.0479368995667,-0.520019486499,-0.0023009711792,
1450287746.67,-0.69911174328,0.309480623602,0.0962572943298,0.147262155469,-0.0479368995667,-0.520402981696,-0.00191747598267,
1450287746.68,-0.69911174328,0.309480623602,0.0962572943298,0.147645650665,-0.0479368995667,-0.519252496106,-0.00268446637573,
1450287746.7,-0.698728248083,0.309864118799,0.0966407895264,0.147262155469,-0.0475534043701,-0.519635991302,-0.0023009711792,
1450287746.7,-0.69796125769,0.309480623602,0.0962572943298,0.147262155469,-0.0479368995667,-0.519635991302,-0.0023009711792,
1450287746.71,-0.69911174328,0.309864118799,0.0970242847229,0.146878660272,-0.0483203947632,-0.520019486499,-0.00153398078613,
1450287746.72,-0.69911174328,0.309480623602,0.0962572943298,0.147262155469,-0.0479368995667,-0.520402981696,-0.0023009711792,
1450287746.74,-0.698728248083,0.310247613995,0.0970242847229,0.146878660272,-0.0487038899597,-0.519252496106,-0.00153398078613,
1450287746.74,-0.698344752887,0.310247613995,0.0962572943298,0.147262155469,-0.0475534043701,-0.519635991302,-0.0011504855896,
1450287746.75,-0.698344752887,0.309097128406,0.0962572943298,0.146878660272,-0.0479368995667,-0.520019486499,-0.00153398078613,
1450287746.76,-0.698344752887,0.310631109192,0.0970242847229,0.148029145862,-0.0483203947632,-0.520019486499,-0.00153398078613,
1450287746.79,-0.69911174328,0.309097128406,0.0966407895264,0.147645650665,-0.0483203947632,-0.519635991302,-0.0011504855896,
1450287746.79,-0.698728248083,0.309480623602,0.0966407895264,0.147262155469,-0.0487038899597,-0.518869000909,-0.00191747598267,
1450287746.8,-0.69911174328,0.309864118799,0.0962572943298,0.148412641058,-0.0479368995667,-0.519252496106,-0.000383495196533,
1450287746.81,-0.698728248083,0.309480623602,0.0962572943298,0.148029145862,-0.0487038899597,-0.519635991302,-0.00153398078613,
1450287746.83,-0.699495238477,0.309864118799,0.0962572943298,0.148029145862,-0.0475534043701,-0.520402981696,-0.0023009711792,
1450287746.83,-0.699495238477,0.309097128406,0.0966407895264,0.148412641058,-0.0475534043701,-0.520402981696,-0.0023009711792,
1450287746.84,-0.698728248083,0.310247613995,0.0970242847229,0.148029145862,-0.0483203947632,-0.520402981696,-0.00191747598267,
1450287746.85,-0.69911174328,0.309097128406,0.0970242847229,0.148029145862,-0.0479368995667,-0.521169972089,-0.00191747598267,
1450287746.87,-0.698344752887,0.309864118799,0.0966407895264,0.148412641058,-0.0479368995667,-0.520402981696,-0.0023009711792,
1450287746.87,-0.69911174328,0.309480623602,0.0970242847229,0.148796136255,-0.0483203947632,-0.520402981696,-0.0011504855896,
1450287746.88,-0.698344752887,0.309864118799,0.0970242847229,0.148029145862,-0.0487038899597,-0.520786476892,-0.00268446637573,
1450287746.89,-0.69911174328,0.309480623602,0.0970242847229,0.147645650665,-0.0479368995667,-0.520786476892,-0.00268446637573,
1450287746.91,-0.698728248083,0.311781594781,0.0970242847229,0.148412641058,-0.0487038899597,-0.521169972089,-0.00191747598267,
1450287746.92,-0.698344752887,0.309480623602,0.0962572943298,0.147645650665,-0.0487038899597,-0.521553467285,-0.00191747598267,
1450287746.93,-0.698728248083,0.309864118799,0.0970242847229,0.148029145862,-0.0487038899597,-0.522320457678,-0.00153398078613,
1450287746.94,-0.698344752887,0.309097128406,0.0966407895264,0.148029145862,-0.0479368995667,-0.521936962482,-0.00268446637573,
1450287746.96,-0.699495238477,0.309864118799,0.0970242847229,0.148029145862,-0.0479368995667,-0.522703952875,-0.00191747598267,
1450287746.96,-0.698728248083,0.309480623602,0.0970242847229,0.148796136255,-0.0483203947632,-0.523087448071,-0.00153398078613,
1450287746.97,-0.69911174328,0.309480623602,0.0970242847229,0.148412641058,-0.0479368995667,-0.522703952875,-0.00153398078613,
1450287746.98,-0.69911174328,0.309480623602,0.0966407895264,0.149179631451,-0.0483203947632,-0.523470943268,-0.0023009711792,
1450287747.0,-0.699495238477,0.309480623602,0.0966407895264,0.148412641058,-0.0464029187805,-0.523087448071,-0.0023009711792,
1450287747.0,-0.698728248083,0.309864118799,0.0966407895264,0.148029145862,-0.0479368995667,-0.523087448071,-0.00191747598267,
1450287747.01,-0.699495238477,0.310247613995,0.0970242847229,0.148796136255,-0.0479368995667,-0.523087448071,-0.00153398078613,
1450287747.02,-0.698344752887,0.309864118799,0.0966407895264,0.148796136255,-0.0479368995667,-0.523854438464,-0.00153398078613,
1450287747.04,-0.698728248083,0.309480623602,0.0966407895264,0.148412641058,-0.0479368995667,-0.523087448071,-0.00268446637573,
1450287747.04,-0.69796125769,0.309480623602,0.0970242847229,0.149563126648,-0.0487038899597,-0.523087448071,-0.00153398078613,
1450287747.05,-0.698728248083,0.309864118799,0.0970242847229,0.148796136255,-0.0483203947632,-0.522703952875,-0.00191747598267,
1450287747.06,-0.698728248083,0.311014604388,0.0970242847229,0.149946621844,-0.0483203947632,-0.523854438464,-0.0023009711792,
1450287747.08,-0.69911174328,0.309097128406,0.0970242847229,0.149563126648,-0.0483203947632,-0.523854438464,-0.0023009711792,
1450287747.08,-0.698728248083,0.309864118799,0.0970242847229,0.149563126648,-0.0483203947632,-0.523470943268,-0.00306796157227,
1450287747.09,-0.69911174328,0.309480623602,0.0966407895264,0.149563126648,-0.0483203947632,-0.523470943268,-0.00191747598267,
1450287747.11,-0.698728248083,0.309480623602,0.0966407895264,0.149946621844,-0.0479368995667,-0.524621428857,-0.0023009711792,
1450287747.13,-0.698728248083,0.310247613995,0.0962572943298,0.149179631451,-0.0483203947632,-0.523087448071,-0.00268446637573,
1450287747.13,-0.698728248083,0.311781594781,0.0966407895264,0.149946621844,-0.0483203947632,-0.523470943268,-0.0023009711792,
1450287747.14,-0.698344752887,0.310247613995,0.0962572943298,0.150330117041,-0.0483203947632,-0.523470943268,-0.0023009711792,
1450287747.15,-0.698728248083,0.309864118799,0.0958737991333,0.149946621844,-0.0483203947632,-0.523470943268,-0.0011504855896,
1450287747.17,-0.699495238477,0.310247613995,0.0966407895264,0.150330117041,-0.0483203947632,-0.524621428857,-0.00153398078613,
1450287747.17,-0.69911174328,0.310247613995,0.0966407895264,0.150330117041,-0.0487038899597,-0.525004924054,-0.0023009711792,
1450287747.18,-0.69911174328,0.309097128406,0.0970242847229,0.150330117041,-0.0479368995667,-0.525004924054,-0.0023009711792,
1450287747.19,-0.698728248083,0.309864118799,0.0962572943298,0.150330117041,-0.0483203947632,-0.52538841925,-0.0023009711792,
1450287747.21,-0.698728248083,0.309864118799,0.0966407895264,0.151097107434,-0.0487038899597,-0.52653890484,-0.0034514567688,
1450287747.21,-0.698728248083,0.310247613995,0.0966407895264,0.150713612238,-0.0479368995667,-0.528072885626,-0.0023009711792,
1450287747.22,-0.699495238477,0.310247613995,0.0962572943298,0.151097107434,-0.0479368995667,-0.528456380823,-0.00153398078613,
1450287747.23,-0.698344752887,0.309864118799,0.0966407895264,0.151097107434,-0.0471699091736,-0.529223371216,-0.00268446637573,
1450287747.25,-0.698728248083,0.310247613995,0.0966407895264,0.151097107434,-0.0475534043701,-0.530373856805,-0.0023009711792,
1450287747.25,-0.69911174328,0.310247613995,0.0966407895264,0.152247593024,-0.0479368995667,-0.531907837592,-0.00153398078613,
1450287747.26,-0.698728248083,0.309864118799,0.0974077799194,0.152247593024,-0.0483203947632,-0.532674827985,-0.0023009711792,
1450287747.27,-0.698728248083,0.308713633209,0.0970242847229,0.15378157381,-0.0479368995667,-0.532674827985,-0.0023009711792,
1450287747.29,-0.69796125769,0.309480623602,0.0962572943298,0.153398078613,-0.0479368995667,-0.534208808771,-0.0011504855896,
1450287747.29,-0.69911174328,0.309480623602,0.0970242847229,0.154165069006,-0.0475534043701,-0.534592303967,-0.00153398078613,
1450287747.3,-0.698344752887,0.309864118799,0.0966407895264,0.15378157381,-0.0467864139771,-0.534975799164,-0.00153398078613,
1450287747.31,-0.698728248083,0.309097128406,0.0966407895264,0.154932059399,-0.0475534043701,-0.536893275146,-0.00153398078613,
1450287747.34,-0.698728248083,0.309864118799,0.0962572943298,0.154165069006,-0.0479368995667,-0.537276770343,-0.00191747598267,
1450287747.34,-0.698728248083,0.309480623602,0.0962572943298,0.155699049792,-0.0483203947632,-0.53766026554,-0.00191747598267,
1450287747.35,-0.69911174328,0.309480623602,0.0966407895264,0.156082544989,-0.0471699091736,-0.538043760736,-0.00268446637573,
1450287747.36,-0.699495238477,0.309480623602,0.0970242847229,0.157233030579,-0.0475534043701,-0.538427255933,-0.00191747598267,
1450287747.38,-0.698728248083,0.309864118799,0.0966407895264,0.156849535382,-0.0475534043701,-0.539577741522,-0.00153398078613,
1450287747.38,-0.698344752887,0.309097128406,0.0966407895264,0.157616525775,-0.0483203947632,-0.540344731915,-0.0023009711792,
1450287747.39,-0.69911174328,0.308713633209,0.0962572943298,0.157616525775,-0.0483203947632,-0.540728227112,-0.0023009711792,
1450287747.4,-0.69911174328,0.309480623602,0.0970242847229,0.158383516168,-0.0471699091736,-0.541495217505,-0.00153398078613,
1450287747.42,-0.69911174328,0.309864118799,0.0966407895264,0.158383516168,-0.0479368995667,-0.541111722308,-0.00191747598267,
1450287747.42,-0.698728248083,0.309864118799,0.0966407895264,0.159917496954,-0.0487038899597,-0.541878712701,-0.0023009711792,
1450287747.43,-0.698728248083,0.309480623602,0.0966407895264,0.159150506561,-0.0479368995667,-0.542262207898,-0.0023009711792,
1450287747.44,-0.699495238477,0.309480623602,0.0958737991333,0.160300992151,-0.0487038899597,-0.542645703094,-0.0023009711792,
1450287747.46,-0.698728248083,0.309480623602,0.0962572943298,0.159917496954,-0.0487038899597,-0.541878712701,-0.00191747598267,
1450287747.46,-0.69796125769,0.309864118799,0.0970242847229,0.159534001758,-0.0479368995667,-0.541495217505,-0.00268446637573,
1450287747.47,-0.699495238477,0.309480623602,0.0958737991333,0.159917496954,-0.0483203947632,-0.542262207898,-0.00153398078613,
1450287747.48,-0.698728248083,0.309864118799,0.0970242847229,0.161067982544,-0.0479368995667,-0.541111722308,-0.00191747598267,
1450287747.51,-0.698728248083,0.310247613995,0.0962572943298,0.161067982544,-0.0475534043701,-0.541111722308,-0.00268446637573,
1450287747.51,-0.698728248083,0.309480623602,0.0970242847229,0.16145147774,-0.0483203947632,-0.541111722308,-0.00153398078613,
1450287747.52,-0.698728248083,0.309480623602,0.0966407895264,0.160684487347,-0.0475534043701,-0.541878712701,-0.0023009711792,
1450287747.53,-0.699495238477,0.309480623602,0.0966407895264,0.161834972937,-0.0475534043701,-0.541878712701,-0.0023009711792,
1450287747.55,-0.69911174328,0.309097128406,0.0970242847229,0.16145147774,-0.0483203947632,-0.541495217505,-0.00153398078613,
1450287747.55,-0.69911174328,0.309480623602,0.0966407895264,0.16145147774,-0.0479368995667,-0.542262207898,-0.0023009711792,
1450287747.56,-0.698728248083,0.309864118799,0.0966407895264,0.161834972937,-0.0475534043701,-0.540728227112,-0.0023009711792,
1450287747.57,-0.698728248083,0.309097128406,0.0966407895264,0.16145147774,-0.0487038899597,-0.541111722308,-0.00268446637573,
1450287747.59,-0.698728248083,0.309864118799,0.0970242847229,0.16145147774,-0.0471699091736,-0.541111722308,-0.0023009711792,
1450287747.59,-0.699495238477,0.309097128406,0.0974077799194,0.162218468134,-0.0479368995667,-0.541878712701,-0.00191747598267,
1450287747.6,-0.698728248083,0.309097128406,0.0966407895264,0.161834972937,-0.0479368995667,-0.540344731915,-0.0023009711792,
1450287747.61,-0.698728248083,0.309864118799,0.0966407895264,0.16145147774,-0.0487038899597,-0.541111722308,-0.00191747598267,
1450287747.63,-0.69911174328,0.309864118799,0.0962572943298,0.16145147774,-0.0479368995667,-0.540728227112,-0.00191747598267,
1450287747.63,-0.699495238477,0.309097128406,0.0974077799194,0.161067982544,-0.0479368995667,-0.541495217505,-0.00153398078613,
1450287747.64,-0.698344752887,0.309480623602,0.0962572943298,0.161067982544,-0.0479368995667,-0.541111722308,-0.00191747598267,
1450287747.65,-0.69911174328,0.309480623602,0.0966407895264,0.16145147774,-0.0483203947632,-0.541878712701,-0.0023009711792,
1450287747.67,-0.69911174328,0.309097128406,0.0966407895264,0.161834972937,-0.0479368995667,-0.541495217505,-0.0023009711792,
1450287747.67,-0.69911174328,0.309480623602,0.0970242847229,0.16145147774,-0.0471699091736,-0.541111722308,-0.00268446637573,
1450287747.68,-0.69911174328,0.309480623602,0.0974077799194,0.161834972937,-0.0475534043701,-0.541878712701,-0.0023009711792,
1450287747.69,-0.698728248083,0.308713633209,0.0970242847229,0.161067982544,-0.0479368995667,-0.541495217505,-0.0023009711792,
1450287747.71,-0.698728248083,0.309864118799,0.0966407895264,0.161834972937,-0.0483203947632,-0.541878712701,-0.00153398078613,
1450287747.71,-0.698728248083,0.309097128406,0.0970242847229,0.161834972937,-0.0479368995667,-0.541495217505,-0.00306796157227,
1450287747.72,-0.699495238477,0.309480623602,0.0962572943298,0.16145147774,-0.0483203947632,-0.541878712701,-0.0011504855896,
1450287747.74,-0.698344752887,0.308713633209,0.0966407895264,0.161834972937,-0.0475534043701,-0.542645703094,-0.00191747598267,
1450287747.76,-0.699495238477,0.309864118799,0.0974077799194,0.161067982544,-0.0471699091736,-0.544179683881,-0.00191747598267,
1450287747.76,-0.69911174328,0.308713633209,0.0966407895264,0.161067982544,-0.0483203947632,-0.546097159863,-0.00191747598267,
1450287747.77,-0.698728248083,0.309480623602,0.0966407895264,0.16145147774,-0.0475534043701,-0.54648065506,-0.00191747598267,
1450287747.78,-0.69911174328,0.309097128406,0.0970242847229,0.160300992151,-0.0483203947632,-0.548781626239,-0.00268446637573,
1450287747.8,-0.699495238477,0.309480623602,0.0966407895264,0.161067982544,-0.0487038899597,-0.551082597418,-0.00191747598267,
1450287747.8,-0.699495238477,0.307946642816,0.0962572943298,0.161067982544,-0.0471699091736,-0.554534054187,-0.0023009711792,
1450287747.81,-0.69796125769,0.309097128406,0.0966407895264,0.161067982544,-0.0475534043701,-0.558752501349,-0.0023009711792,
1450287747.82,-0.698728248083,0.309480623602,0.0962572943298,0.160684487347,-0.0479368995667,-0.561436967725,-0.00153398078613,
1450287747.84,-0.69911174328,0.309480623602,0.0962572943298,0.16145147774,-0.0475534043701,-0.564888424493,-0.0023009711792,
1450287747.84,-0.69911174328,0.308713633209,0.0966407895264,0.160684487347,-0.0487038899597,-0.567189395673,-0.00268446637573,
1450287747.85,-0.69911174328,0.308713633209,0.0966407895264,0.161067982544,-0.0475534043701,-0.569873862048,-0.00153398078613,
1450287747.86,-0.698344752887,0.308713633209,0.0970242847229,0.16145147774,-0.0479368995667,-0.572941823621,-0.00153398078613,
1450287747.88,-0.69911174328,0.308330138013,0.0970242847229,0.16145147774,-0.0483203947632,-0.573325318817,-0.0023009711792,
1450287747.88,-0.698728248083,0.308330138013,0.0962572943298,0.161834972937,-0.0483203947632,-0.575626289996,-0.00191747598267,
1450287747.89,-0.699495238477,0.308713633209,0.0962572943298,0.161067982544,-0.0483203947632,-0.574859299603,-0.0023009711792,
1450287747.9,-0.69911174328,0.307946642816,0.0962572943298,0.160684487347,-0.0471699091736,-0.574475804407,-0.0023009711792,
1450287747.92,-0.699495238477,0.308713633209,0.0962572943298,0.161067982544,-0.0483203947632,-0.572174833228,-0.00268446637573,
1450287747.92,-0.698344752887,0.308713633209,0.0970242847229,0.161067982544,-0.0487038899597,-0.569873862048,-0.00191747598267,
1450287747.93,-0.69911174328,0.30756314762,0.0966407895264,0.161067982544,-0.0471699091736,-0.567956386066,-0.00153398078613,
1450287747.95,-0.69911174328,0.30756314762,0.0966407895264,0.16145147774,-0.0483203947632,-0.56527191969,-0.0011504855896,
1450287747.97,-0.699495238477,0.308713633209,0.0966407895264,0.160684487347,-0.0483203947632,-0.562203958118,-0.0023009711792,
1450287747.97,-0.698728248083,0.307946642816,0.0966407895264,0.161067982544,-0.0487038899597,-0.558369006152,-0.0023009711792,
1450287747.98,-0.698728248083,0.308330138013,0.0970242847229,0.161067982544,-0.0475534043701,-0.55415055899,-0.0023009711792,
1450287747.99,-0.69911174328,0.308330138013,0.0974077799194,0.16145147774,-0.0479368995667,-0.549932111829,-0.00191747598267,
1450287748.01,-0.69911174328,0.308330138013,0.0966407895264,0.16145147774,-0.0471699091736,-0.546097159863,-0.00268446637573,
1450287748.01,-0.69911174328,0.307946642816,0.0966407895264,0.16145147774,-0.0467864139771,-0.540728227112,-0.0023009711792,
1450287748.02,-0.698728248083,0.30756314762,0.0966407895264,0.160684487347,-0.0483203947632,-0.536126284753,-0.00268446637573,
1450287748.03,-0.69911174328,0.307946642816,0.0970242847229,0.161834972937,-0.0479368995667,-0.531140847198,-0.0023009711792,
1450287748.05,-0.698344752887,0.30756314762,0.0966407895264,0.161834972937,-0.0483203947632,-0.528456380823,-0.00268446637573,
1450287748.05,-0.69911174328,0.307179652423,0.0962572943298,0.161067982544,-0.0475534043701,-0.523854438464,-0.00191747598267,
1450287748.06,-0.69911174328,0.307946642816,0.0966407895264,0.16145147774,-0.0475534043701,-0.519252496106,-0.00153398078613,
1450287748.07,-0.69911174328,0.307179652423,0.0966407895264,0.16145147774,-0.0479368995667,-0.514267058551,-0.0023009711792,
1450287748.09,-0.69911174328,0.307179652423,0.0966407895264,0.16145147774,-0.0479368995667,-0.511582592175,-0.00268446637573,
1450287748.09,-0.69911174328,0.307946642816,0.0966407895264,0.160684487347,-0.0479368995667,-0.508514630603,-0.0023009711792,
1450287748.1,-0.698344752887,0.308330138013,0.0966407895264,0.161834972937,-0.0479368995667,-0.50659715462,-0.00153398078613,
1450287748.11,-0.69911174328,0.30756314762,0.0970242847229,0.162218468134,-0.0467864139771,-0.503529193048,-0.0023009711792,
1450287748.14,-0.69911174328,0.30756314762,0.0970242847229,0.161834972937,-0.0467864139771,-0.502378707458,-0.0023009711792,
1450287748.14,-0.699495238477,0.307946642816,0.0970242847229,0.161834972937,-0.0475534043701,-0.500461231476,-0.00268446637573,
1450287748.15,-0.699495238477,0.308713633209,0.0958737991333,0.162218468134,-0.0467864139771,-0.500461231476,-0.0023009711792,
1450287748.16,-0.699878733673,0.307946642816,0.0962572943298,0.16260196333,-0.0475534043701,-0.500077736279,-0.00268446637573,
1450287748.18,-0.699495238477,0.308330138013,0.0966407895264,0.161834972937,-0.0487038899597,-0.500844726672,-0.00306796157227,
1450287748.18,-0.699495238477,0.307946642816,0.0966407895264,0.16260196333,-0.0479368995667,-0.502378707458,-0.00191747598267,
1450287748.19,-0.699495238477,0.308713633209,0.0966407895264,0.162218468134,-0.0471699091736,-0.504296183441,-0.00191747598267,
1450287748.2,-0.699495238477,0.308713633209,0.0962572943298,0.162218468134,-0.0479368995667,-0.506213659424,-0.000766990393066,
1450287748.22,-0.698728248083,0.307946642816,0.0966407895264,0.162218468134,-0.0483203947632,-0.508514630603,-0.0023009711792,
1450287748.22,-0.699878733673,0.308713633209,0.0962572943298,0.162218468134,-0.0475534043701,-0.510048611389,-0.00191747598267,
1450287748.23,-0.699495238477,0.309480623602,0.0970242847229,0.161834972937,-0.0487038899597,-0.513500068158,-0.0023009711792,
1450287748.24,-0.69911174328,0.307946642816,0.0962572943298,0.162218468134,-0.0483203947632,-0.517335020123,-0.0023009711792,
1450287748.26,-0.699495238477,0.308713633209,0.0966407895264,0.16145147774,-0.0479368995667,-0.522320457678,-0.00153398078613,
1450287748.26,-0.698728248083,0.307179652423,0.0970242847229,0.160300992151,-0.0483203947632,-0.526922400037,-0.00268446637573,
1450287748.27,-0.698728248083,0.306796157227,0.0966407895264,0.160300992151,-0.0483203947632,-0.529990361609,-0.000383495196533,
1450287748.29,-0.699878733673,0.307179652423,0.0970242847229,0.160300992151,-0.0479368995667,-0.53535929436,-0.0023009711792,
1450287748.31,-0.69911174328,0.306029166833,0.0962572943298,0.159534001758,-0.0475534043701,-0.538810751129,-0.00268446637573,
1450287748.31,-0.699495238477,0.305645671637,0.0970242847229,0.158767011365,-0.0487038899597,-0.542645703094,-0.0023009711792,
1450287748.32,-0.699878733673,0.30526217644,0.0966407895264,0.159150506561,-0.0483203947632,-0.546097159863,-0.00268446637573,
1450287748.33,-0.69911174328,0.303344700458,0.0970242847229,0.159534001758,-0.0487038899597,-0.549165121436,-0.00306796157227,
1450287748.35,-0.698728248083,0.302961205261,0.0970242847229,0.158000020972,-0.0490873851563,-0.550699102222,-0.00306796157227,
1450287748.35,-0.69911174328,0.302577710065,0.0966407895264,0.158767011365,-0.0483203947632,-0.550315607025,-0.00191747598267,
1450287748.36,-0.699878733673,0.300660234082,0.0966407895264,0.158767011365,-0.0475534043701,-0.548398131042,-0.0023009711792,
1450287748.37,-0.699878733673,0.300660234082,0.0966407895264,0.158767011365,-0.0483203947632,-0.546097159863,-0.00153398078613,
1450287748.39,-0.699878733673,0.299509748492,0.0962572943298,0.159150506561,-0.0483203947632,-0.543412693488,-0.00306796157227,
1450287748.39,-0.699495238477,0.299126253296,0.0970242847229,0.159150506561,-0.0487038899597,-0.539577741522,-0.00191747598267,
1450287748.4,-0.69911174328,0.298359262903,0.0966407895264,0.159917496954,-0.0494708803528,-0.535742789557,-0.00306796157227,
1450287748.41,-0.699878733673,0.297975767706,0.0966407895264,0.159534001758,-0.0487038899597,-0.529990361609,-0.0023009711792,
1450287748.43,-0.699878733673,0.297975767706,0.0966407895264,0.159534001758,-0.0479368995667,-0.523470943268,-0.00306796157227,
1450287748.43,-0.700645724066,0.296825282117,0.0962572943298,0.159917496954,-0.0487038899597,-0.516951524927,-0.00268446637573,
1450287748.45,-0.69911174328,0.295674796527,0.0962572943298,0.160300992151,-0.0479368995667,-0.509665116193,-0.00268446637573,
1450287748.46,-0.70026222887,0.294907806134,0.0966407895264,0.160684487347,-0.0479368995667,-0.503529193048,-0.00268446637573,
1450287748.48,-0.70026222887,0.295291301331,0.0970242847229,0.160684487347,-0.0483203947632,-0.497393269904,-0.00268446637573,
1450287748.48,-0.699495238477,0.293373825348,0.0966407895264,0.161834972937,-0.0475534043701,-0.490490356366,-0.0023009711792,
1450287748.49,-0.70026222887,0.293757320544,0.0966407895264,0.162218468134,-0.0475534043701,-0.485121423615,-0.00191747598267,
1450287748.5,-0.699495238477,0.292990330151,0.0966407895264,0.162218468134,-0.0479368995667,-0.479368995667,-0.00268446637573,
1450287748.52,-0.699495238477,0.292223339758,0.0966407895264,0.162218468134,-0.0475534043701,-0.472849577325,-0.0023009711792,
1450287748.52,-0.69911174328,0.292223339758,0.0966407895264,0.162218468134,-0.0479368995667,-0.467864139771,-0.00153398078613,
1450287748.53,-0.699495238477,0.291456349365,0.0966407895264,0.163368953723,-0.0483203947632,-0.463262197412,-0.00268446637573,
1450287748.54,-0.69911174328,0.292990330151,0.0962572943298,0.16260196333,-0.0483203947632,-0.45904375025,-0.0023009711792,
1450287748.56,-0.699495238477,0.291456349365,0.0970242847229,0.162985458527,-0.0487038899597,-0.455975788678,-0.00268446637573,
1450287748.56,-0.69911174328,0.291072854169,0.0970242847229,0.163368953723,-0.0483203947632,-0.454441807892,-0.0034514567688,
1450287748.57,-0.69911174328,0.292223339758,0.0966407895264,0.163368953723,-0.0471699091736,-0.453674817499,-0.00191747598267,
1450287748.58,-0.70026222887,0.292223339758,0.0966407895264,0.162985458527,-0.0475534043701,-0.453674817499,-0.00306796157227,
1450287748.6,-0.699495238477,0.292223339758,0.0966407895264,0.16375244892,-0.0471699091736,-0.456742779071,-0.0023009711792,
1450287748.6,-0.699878733673,0.291839844562,0.0966407895264,0.163368953723,-0.0475534043701,-0.457509769464,-0.0023009711792,
1450287748.61,-0.699495238477,0.292606834955,0.0966407895264,0.163368953723,-0.0483203947632,-0.460961226233,-0.00306796157227,
1450287748.62,-0.69911174328,0.293757320544,0.0970242847229,0.16375244892,-0.0483203947632,-0.464796178198,-0.00268446637573,
1450287748.65,-0.699878733673,0.292223339758,0.0966407895264,0.163368953723,-0.0487038899597,-0.469398120557,-0.0023009711792,
1450287748.65,-0.699878733673,0.292606834955,0.0966407895264,0.16375244892,-0.0483203947632,-0.474383558112,-0.0023009711792,
1450287748.66,-0.699495238477,0.292223339758,0.0970242847229,0.164135944116,-0.0483203947632,-0.479752490863,-0.00306796157227,
1450287748.67,-0.699878733673,0.292606834955,0.0962572943298,0.163368953723,-0.0475534043701,-0.485121423615,-0.00383495196533,
1450287748.69,-0.70026222887,0.291839844562,0.0966407895264,0.16375244892,-0.0483203947632,-0.490490356366,-0.00268446637573,
1450287748.69,-0.699878733673,0.292223339758,0.0966407895264,0.163368953723,-0.0471699091736,-0.496242784314,-0.00268446637573,
1450287748.7,-0.70026222887,0.291456349365,0.0966407895264,0.16375244892,-0.0479368995667,-0.501228221869,-0.00268446637573,
1450287748.71,-0.70026222887,0.291456349365,0.0966407895264,0.162985458527,-0.0487038899597,-0.505446669031,-0.00268446637573,
1450287748.73,-0.699878733673,0.291072854169,0.0974077799194,0.164519439313,-0.0475534043701,-0.511199096979,-0.00268446637573,
1450287748.73,-0.699878733673,0.291456349365,0.0966407895264,0.163368953723,-0.0479368995667,-0.514267058551,-0.00421844716187,
1450287748.74,-0.699878733673,0.291456349365,0.0962572943298,0.163368953723,-0.0483203947632,-0.518102010516,-0.00306796157227,
1450287748.75,-0.699495238477,0.291072854169,0.0962572943298,0.162985458527,-0.0487038899597,-0.520402981696,-0.0011504855896,
1450287748.77,-0.70026222887,0.289922368579,0.0966407895264,0.162985458527,-0.0475534043701,-0.522703952875,-0.00268446637573,
1450287748.77,-0.70026222887,0.289922368579,0.0966407895264,0.16260196333,-0.0475534043701,-0.524237933661,-0.0034514567688,
1450287748.78,-0.70026222887,0.289922368579,0.0970242847229,0.16260196333,-0.0483203947632,-0.52538841925,-0.00268446637573,
1450287748.79,-0.699878733673,0.28877188299,0.0962572943298,0.16260196333,-0.0483203947632,-0.524237933661,-0.0023009711792,
1450287748.82,-0.699495238477,0.289155378186,0.0966407895264,0.163368953723,-0.0479368995667,-0.522703952875,-0.00383495196533,
1450287748.82,-0.70026222887,0.286854407007,0.0958737991333,0.163368953723,-0.0483203947632,-0.521553467285,-0.00268446637573,
1450287748.83,-0.698728248083,0.286854407007,0.0962572943298,0.163368953723,-0.0479368995667,-0.519635991302,-0.00306796157227,
1450287748.84,-0.70026222887,0.28647091181,0.0966407895264,0.164135944116,-0.0479368995667,-0.516184534534,-0.00383495196533,
1450287748.86,-0.70026222887,0.286087416614,0.0966407895264,0.16375244892,-0.0479368995667,-0.513883563354,-0.00383495196533,
1450287748.86,-0.699495238477,0.286087416614,0.0962572943298,0.164135944116,-0.0475534043701,-0.511582592175,-0.00268446637573,
1450287748.87,-0.70026222887,0.28647091181,0.0970242847229,0.164519439313,-0.0483203947632,-0.50774764021,-0.0034514567688,
1450287748.88,-0.69911174328,0.286087416614,0.0970242847229,0.164902934509,-0.0475534043701,-0.503912688245,-0.00268446637573,
1450287748.9,-0.699495238477,0.285320426221,0.0966407895264,0.165286429706,-0.0487038899597,-0.499310745886,-0.0034514567688,
1450287748.9,-0.69911174328,0.285320426221,0.0966407895264,0.165286429706,-0.0471699091736,-0.494325308331,-0.0034514567688,
1450287748.91,-0.70026222887,0.285320426221,0.0962572943298,0.165669924902,-0.0475534043701,-0.48895637558,-0.0034514567688,
1450287748.92,-0.699878733673,0.285320426221,0.0966407895264,0.165669924902,-0.0475534043701,-0.483203947632,-0.00306796157227,
1450287748.94,-0.699878733673,0.285320426221,0.0970242847229,0.166053420099,-0.0483203947632,-0.47783501488,-0.00306796157227,
1450287748.94,-0.70026222887,0.286087416614,0.0966407895264,0.166436915295,-0.0479368995667,-0.472082586932,-0.00383495196533,
1450287748.95,-0.699495238477,0.286087416614,0.0966407895264,0.166820410492,-0.0467864139771,-0.468247634967,-0.00383495196533,
1450287748.96,-0.699878733673,0.285703921417,0.0966407895264,0.167587400885,-0.0479368995667,-0.462878702216,-0.00421844716187,
1450287748.99,-0.70026222887,0.28647091181,0.0966407895264,0.168737886475,-0.0483203947632,-0.458660255054,-0.0034514567688,
1450287748.99,-0.699495238477,0.28647091181,0.0962572943298,0.170655362457,-0.0467864139771,-0.455975788678,-0.0034514567688,
1450287748.99,-0.70026222887,0.285320426221,0.0966407895264,0.17142235285,-0.0479368995667,-0.453291322302,-0.0034514567688,
1450287749.0,-0.699495238477,0.285703921417,0.0966407895264,0.172956333636,-0.0475534043701,-0.451757341516,-0.0034514567688,
1450287749.03,-0.70026222887,0.284936931024,0.0962572943298,0.174490314423,-0.0471699091736,-0.450606855927,-0.00268446637573,
1450287749.03,-0.699495238477,0.285703921417,0.0966407895264,0.176024295209,-0.0475534043701,-0.45137384632,-0.00421844716187,
1450287749.04,-0.70026222887,0.285320426221,0.0974077799194,0.177174780798,-0.0467864139771,-0.452524331909,-0.00306796157227,
1450287749.05,-0.700645724066,0.285703921417,0.0958737991333,0.178325266388,-0.0479368995667,-0.456742779071,-0.0034514567688,
1450287749.07,-0.700645724066,0.284936931024,0.0966407895264,0.180242742371,-0.0475534043701,-0.460577731036,-0.00306796157227,
1450287749.07,-0.701029219263,0.285320426221,0.0966407895264,0.181009732764,-0.0471699091736,-0.465563168591,-0.00306796157227,
1450287749.08,-0.699878733673,0.286087416614,0.0966407895264,0.18254371355,-0.0475534043701,-0.472466082129,-0.00306796157227,
1450287749.09,-0.700645724066,0.285703921417,0.0970242847229,0.183694199139,-0.0483203947632,-0.479752490863,-0.00306796157227,
1450287749.11,-0.700645724066,0.285320426221,0.0966407895264,0.184844684729,-0.0479368995667,-0.48780588999,-0.00306796157227,
1450287749.11,-0.70026222887,0.285320426221,0.0966407895264,0.185611675122,-0.0467864139771,-0.497393269904,-0.00191747598267,
1450287749.12,-0.700645724066,0.285320426221,0.0958737991333,0.186762160712,-0.0479368995667,-0.50774764021,-0.00383495196533,
1450287749.13,-0.701029219263,0.284936931024,0.0966407895264,0.188296141498,-0.0483203947632,-0.517335020123,-0.00191747598267,
1450287749.15,-0.700645724066,0.285320426221,0.0966407895264,0.188679636694,-0.0479368995667,-0.529606866412,-0.00383495196533,
1450287749.16,-0.70026222887,0.284553435828,0.0958737991333,0.188679636694,-0.0471699091736,-0.539194246326,-0.0034514567688,
1450287749.16,-0.701029219263,0.284936931024,0.0962572943298,0.189830122284,-0.0487038899597,-0.549932111829,-0.0034514567688,
1450287749.18,-0.700645724066,0.284169940631,0.0970242847229,0.19136410307,-0.0475534043701,-0.560286482135,-0.0034514567688,
1450287749.2,-0.700645724066,0.284169940631,0.0962572943298,0.192131093463,-0.0471699091736,-0.568339881262,-0.00383495196533,
1450287749.2,-0.699878733673,0.284169940631,0.0958737991333,0.192131093463,-0.0475534043701,-0.577160270782,-0.00421844716187,
1450287749.21,-0.700645724066,0.284169940631,0.0970242847229,0.19251458866,-0.0479368995667,-0.583296193927,-0.00421844716187,
1450287749.22,-0.701029219263,0.283019455042,0.0970242847229,0.19251458866,-0.0475534043701,-0.588665126678,-0.00383495196533,
1450287749.24,-0.701029219263,0.282252464648,0.0958737991333,0.193281579053,-0.0483203947632,-0.593267069037,-0.0046019423584,
1450287749.24,-0.701029219263,0.281485474255,0.0966407895264,0.19251458866,-0.0471699091736,-0.594801049823,-0.0046019423584,
1450287749.25,-0.701412714459,0.279951493469,0.0966407895264,0.192131093463,-0.0475534043701,-0.595568040216,-0.00651941834106,
1450287749.26,-0.701412714459,0.280718483862,0.0966407895264,0.192131093463,-0.0471699091736,-0.593650564233,-0.00651941834106,
1450287749.28,-0.700645724066,0.279184503076,0.0962572943298,0.19136410307,-0.0471699091736,-0.590199107465,-0.00882038952026,
1450287749.28,-0.700645724066,0.279184503076,0.0962572943298,0.19136410307,-0.0483203947632,-0.58521366991,-0.0092038847168,
1450287749.29,-0.701029219263,0.27880100788,0.0958737991333,0.19251458866,-0.0471699091736,-0.579844737158,-0.0107378655029,
1450287749.3,-0.701029219263,0.276116541504,0.0954903039368,0.192131093463,-0.0483203947632,-0.572941823621,-0.0118883510925,
1450287749.32,-0.701412714459,0.275733046307,0.0970242847229,0.192131093463,-0.0479368995667,-0.5641214341,-0.0122718462891,
1450287749.32,-0.701412714459,0.274582560718,0.0962572943298,0.19251458866,-0.0483203947632,-0.554534054187,-0.0134223318787,
1450287749.33,-0.701029219263,0.274199065521,0.0966407895264,0.19251458866,-0.0471699091736,-0.544179683881,-0.0134223318787,
1450287749.34,-0.701412714459,0.272665084735,0.0966407895264,0.192131093463,-0.0479368995667,-0.532674827985,-0.0134223318787,
1450287749.37,-0.701029219263,0.272281589539,0.0966407895264,0.192131093463,-0.0475534043701,-0.521553467285,-0.0141893222717,
1450287749.37,-0.700645724066,0.271514599146,0.0962572943298,0.19136410307,-0.0475534043701,-0.508514630603,-0.0130388366821,
1450287749.38,-0.701412714459,0.269980618359,0.0966407895264,0.192131093463,-0.0479368995667,-0.49662627951,-0.0145728174683,
1450287749.39,-0.701412714459,0.269980618359,0.0962572943298,0.19251458866,-0.0479368995667,-0.485121423615,-0.0141893222717,
1450287749.41,-0.701412714459,0.268446637573,0.0962572943298,0.193281579053,-0.0471699091736,-0.474000062915,-0.0138058270752,
1450287749.41,-0.701796209656,0.267296151984,0.0962572943298,0.194048569446,-0.0483203947632,-0.462495207019,-0.0138058270752,
1450287749.42,-0.701412714459,0.266912656787,0.0962572943298,0.194432064642,-0.0475534043701,-0.454441807892,-0.0130388366821,
1450287749.43,-0.701796209656,0.266145666394,0.0962572943298,0.194432064642,-0.0475534043701,-0.446388408765,-0.0138058270752,
1450287749.45,-0.701796209656,0.265762171198,0.0962572943298,0.194048569446,-0.0475534043701,-0.441786466406,-0.0141893222717,
1450287749.45,-0.701412714459,0.264995180804,0.0958737991333,0.194815559839,-0.0471699091736,-0.436034038458,-0.0134223318787,
1450287749.46,-0.701796209656,0.264611685608,0.0962572943298,0.195199055035,-0.0479368995667,-0.432966076886,-0.0134223318787,
1450287749.47,-0.702179704852,0.265378676001,0.0966407895264,0.195582550232,-0.0479368995667,-0.432199086493,-0.0134223318787,
1450287749.49,-0.702179704852,0.265378676001,0.0970242847229,0.195582550232,-0.0475534043701,-0.432966076886,-0.0134223318787,
1450287749.49,-0.702946695245,0.264611685608,0.0962572943298,0.195582550232,-0.0475534043701,-0.436034038458,-0.0126553414856,
1450287749.5,-0.701796209656,0.264611685608,0.0962572943298,0.195966045428,-0.0471699091736,-0.439485495227,-0.0134223318787,
1450287749.51,-0.702946695245,0.265378676001,0.0966407895264,0.195966045428,-0.0475534043701,-0.444854427979,-0.0122718462891,
1450287749.54,-0.702563200049,0.265762171198,0.0966407895264,0.195966045428,-0.0483203947632,-0.450990351123,-0.0130388366821,
1450287749.54,-0.702179704852,0.265378676001,0.0966407895264,0.196349540625,-0.0471699091736,-0.457509769464,-0.0130388366821,
1450287749.55,-0.702563200049,0.265378676001,0.0966407895264,0.197116531018,-0.0475534043701,-0.464029187805,-0.0130388366821,
1450287749.56,-0.703330190442,0.264995180804,0.0966407895264,0.197116531018,-0.0479368995667,-0.472849577325,-0.0145728174683,
1450287749.58,-0.703330190442,0.264995180804,0.0958737991333,0.197116531018,-0.0464029187805,-0.481286471649,-0.0138058270752,
1450287749.58,-0.702563200049,0.264611685608,0.0970242847229,0.198650511804,-0.0483203947632,-0.489339870776,-0.0138058270752,
1450287749.59,-0.702946695245,0.264228190411,0.0954903039368,0.198650511804,-0.0471699091736,-0.4977767651,-0.0138058270752,
1450287749.6,-0.702563200049,0.264611685608,0.0962572943298,0.199034007001,-0.0475534043701,-0.504296183441,-0.0141893222717,
1450287749.62,-0.702946695245,0.264995180804,0.0958737991333,0.199034007001,-0.0475534043701,-0.511582592175,-0.0134223318787,
1450287749.62,-0.702946695245,0.264611685608,0.0970242847229,0.199800997394,-0.0483203947632,-0.51656802973,-0.0134223318787,
1450287749.63,-0.703330190442,0.264228190411,0.0962572943298,0.20018449259,-0.0471699091736,-0.520786476892,-0.0145728174683,
1450287749.64,-0.702946695245,0.263844695215,0.0970242847229,0.20018449259,-0.0471699091736,-0.523854438464,-0.0138058270752,
1450287749.66,-0.703330190442,0.263844695215,0.0966407895264,0.20018449259,-0.0471699091736,-0.52538841925,-0.0134223318787,
1450287749.66,-0.703330190442,0.263844695215,0.0970242847229,0.200951482983,-0.0475534043701,-0.525004924054,-0.0141893222717,
1450287749.67,-0.703713685638,0.263077704822,0.0966407895264,0.200567987787,-0.0483203947632,-0.52538841925,-0.0134223318787,
1450287749.68,-0.703713685638,0.263461200018,0.0966407895264,0.201718473376,-0.0479368995667,-0.524237933661,-0.0130388366821,
1450287749.71,-0.702946695245,0.263077704822,0.0966407895264,0.200567987787,-0.0471699091736,-0.522703952875,-0.0145728174683,
1450287749.71,-0.702946695245,0.262694209625,0.0966407895264,0.200951482983,-0.0471699091736,-0.522703952875,-0.0141893222717,
1450287749.72,-0.702946695245,0.263077704822,0.0966407895264,0.20133497818,-0.0475534043701,-0.520402981696,-0.0141893222717,
1450287749.73,-0.702946695245,0.263077704822,0.0966407895264,0.20133497818,-0.0479368995667,-0.518869000909,-0.0138058270752,
1450287749.75,-0.704097180835,0.263461200018,0.0962572943298,0.201718473376,-0.0483203947632,-0.516951524927,-0.0141893222717,
1450287749.75,-0.704097180835,0.263461200018,0.0962572943298,0.203252454163,-0.0479368995667,-0.515034048944,-0.0141893222717,
1450287749.76,-0.703713685638,0.263077704822,0.0974077799194,0.203635949359,-0.0475534043701,-0.513116572961,-0.0141893222717,
1450287749.77,-0.704097180835,0.263461200018,0.0966407895264,0.204019444556,-0.0479368995667,-0.511582592175,-0.0134223318787,
1450287749.79,-0.703713685638,0.263461200018,0.0954903039368,0.204786434949,-0.0467864139771,-0.510432106586,-0.0141893222717,
1450287749.79,-0.704097180835,0.263461200018,0.0966407895264,0.205169930145,-0.0471699091736,-0.507364145013,-0.0134223318787,
1450287749.8,-0.703713685638,0.263844695215,0.0958737991333,0.206703910931,-0.0479368995667,-0.50659715462,-0.0130388366821,
1450287749.81,-0.704097180835,0.263844695215,0.0962572943298,0.208621386914,-0.0475534043701,-0.506213659424,-0.0141893222717,
1450287749.83,-0.704097180835,0.263844695215,0.0966407895264,0.2101553677,-0.0479368995667,-0.504296183441,-0.0145728174683,
1450287749.84,-0.704480676031,0.263461200018,0.0966407895264,0.211689348486,-0.0483203947632,-0.504296183441,-0.0141893222717,
1450287749.85,-0.703713685638,0.264228190411,0.0962572943298,0.213223329272,-0.0475534043701,-0.503529193048,-0.0138058270752,
1450287749.85,-0.704097180835,0.263461200018,0.0970242847229,0.215140805255,-0.0471699091736,-0.504679678638,-0.0145728174683,
1450287749.88,-0.704097180835,0.263077704822,0.0966407895264,0.217441776434,-0.0487038899597,-0.506980649817,-0.0141893222717,
1450287749.88,-0.704097180835,0.264228190411,0.0962572943298,0.219742747614,-0.0479368995667,-0.509665116193,-0.0145728174683,
1450287749.89,-0.704097180835,0.264228190411,0.0962572943298,0.220893233203,-0.0475534043701,-0.512349582568,-0.0141893222717,
1450287749.9,-0.703713685638,0.264228190411,0.0962572943298,0.222810709186,-0.0479368995667,-0.514267058551,-0.0138058270752,
1450287749.92,-0.704480676031,0.263461200018,0.0958737991333,0.224728185168,-0.0483203947632,-0.518102010516,-0.0141893222717,
1450287749.92,-0.704480676031,0.264228190411,0.0970242847229,0.226262165955,-0.0483203947632,-0.522320457678,-0.0145728174683,
1450287749.93,-0.704097180835,0.264228190411,0.0962572943298,0.226262165955,-0.0475534043701,-0.526922400037,-0.0138058270752,
1450287749.94,-0.703713685638,0.263844695215,0.0962572943298,0.227796146741,-0.0479368995667,-0.533058323181,-0.0145728174683,
1450287749.96,-0.704480676031,0.263844695215,0.0966407895264,0.22894663233,-0.0475534043701,-0.539577741522,-0.0130388366821,
1450287749.96,-0.703713685638,0.263844695215,0.0962572943298,0.230480613116,-0.0483203947632,-0.547631140649,-0.0141893222717,
1450287749.97,-0.703713685638,0.262694209625,0.0966407895264,0.23009711792,-0.0475534043701,-0.555684539777,-0.0141893222717,
1450287749.98,-0.703330190442,0.264228190411,0.0966407895264,0.23124760351,-0.0467864139771,-0.564504929297,-0.0145728174683,
1450287750.01,-0.703713685638,0.263461200018,0.0966407895264,0.230864108313,-0.0479368995667,-0.57409230921,-0.0149563126648,
1450287750.01,-0.703330190442,0.263461200018,0.0962572943298,0.23124760351,-0.0475534043701,-0.583296193927,-0.017257283844,
1450287750.02,-0.704097180835,0.262694209625,0.0966407895264,0.23124760351,-0.0475534043701,-0.590966097858,-0.0214757310059,
1450287750.03,-0.702946695245,0.263461200018,0.0966407895264,0.232014593903,-0.0475534043701,-0.599019496985,-0.0253106829712,
1450287750.05,-0.704097180835,0.262694209625,0.0962572943298,0.231631098706,-0.0487038899597,-0.605922410522,-0.0249271877747,
1450287750.05,-0.702563200049,0.263461200018,0.0966407895264,0.231631098706,-0.0475534043701,-0.611291343274,-0.0260776733643,
1450287750.06,-0.702946695245,0.262694209625,0.0970242847229,0.231631098706,-0.0487038899597,-0.614742800043,-0.0256941781677,
1450287750.07,-0.703330190442,0.261927219232,0.0962572943298,0.23124760351,-0.0479368995667,-0.617810761615,-0.0272281589539,
1450287750.09,-0.704097180835,0.261927219232,0.0966407895264,0.23124760351,-0.0487038899597,-0.617810761615,-0.0276116541504,
1450287750.09,-0.704097180835,0.261927219232,0.0962572943298,0.230864108313,-0.0479368995667,-0.617810761615,-0.0272281589539,
1450287750.1,-0.704097180835,0.260776733643,0.0962572943298,0.230864108313,-0.0475534043701,-0.614742800043,-0.0295291301331,
1450287750.11,-0.703713685638,0.260393238446,0.0962572943298,0.230864108313,-0.0471699091736,-0.61167483847,-0.0295291301331,
1450287750.13,-0.702179704852,0.26000974325,0.0966407895264,0.231631098706,-0.0471699091736,-0.605538915326,-0.0302961205261,
1450287750.13,-0.704864171228,0.259242752856,0.0970242847229,0.23124760351,-0.0483203947632,-0.599019496985,-0.0314466061157,
1450287750.14,-0.704097180835,0.258475762463,0.0962572943298,0.23124760351,-0.0471699091736,-0.592116583447,-0.0318301013123,
1450287750.15,-0.704864171228,0.258092267267,0.0974077799194,0.23124760351,-0.0475534043701,-0.582529203534,-0.0318301013123,
1450287750.17,-0.704097180835,0.257325276874,0.0966407895264,0.23124760351,-0.0483203947632,-0.573325318817,-0.0325970917053,
1450287750.17,-0.704097180835,0.257325276874,0.0966407895264,0.230864108313,-0.0475534043701,-0.5641214341,-0.0329805869019,
1450287750.18,-0.704480676031,0.257325276874,0.0962572943298,0.23009711792,-0.0479368995667,-0.554534054187,-0.0322135965088,
1450287750.19,-0.704097180835,0.256174791284,0.0970242847229,0.229713622723,-0.0475534043701,-0.543412693488,-0.0322135965088,
1450287750.21,-0.704864171228,0.256174791284,0.0962572943298,0.230480613116,-0.0479368995667,-0.533825313574,-0.0322135965088,
1450287750.21,-0.705247666425,0.255407800891,0.0958737991333,0.230864108313,-0.046019423584,-0.524237933661,-0.0329805869019,
1450287750.22,-0.704480676031,0.254257315302,0.0970242847229,0.230480613116,-0.0471699091736,-0.515801039337,-0.0325970917053,
1450287750.23,-0.705631161621,0.254257315302,0.0966407895264,0.23124760351,-0.0475534043701,-0.5088981258,-0.0314466061157,
1450287750.26,-0.704864171228,0.253873820105,0.0970242847229,0.230864108313,-0.0471699091736,-0.502378707458,-0.0314466061157,
1450287750.26,-0.704864171228,0.253873820105,0.0962572943298,0.23124760351,-0.0471699091736,-0.499310745886,-0.0322135965088,
1450287750.27,-0.704480676031,0.252723334515,0.0962572943298,0.23009711792,-0.0475534043701,-0.49662627951,-0.0325970917053,
1450287750.28,-0.704480676031,0.251956344122,0.0962572943298,0.23009711792,-0.0467864139771,-0.495859289117,-0.0318301013123,
1450287750.3,-0.705247666425,0.252723334515,0.0962572943298,0.230480613116,-0.0467864139771,-0.49662627951,-0.0322135965088,
1450287750.3,-0.705631161621,0.251956344122,0.0970242847229,0.23124760351,-0.0467864139771,-0.498160260297,-0.0325970917053,
1450287750.31,-0.706014656818,0.251956344122,0.0966407895264,0.231631098706,-0.0475534043701,-0.501611717065,-0.0314466061157,
1450287750.32,-0.705631161621,0.252339839319,0.0966407895264,0.232014593903,-0.0475534043701,-0.505063173834,-0.0322135965088,
1450287750.34,-0.705631161621,0.251956344122,0.0966407895264,0.232014593903,-0.0467864139771,-0.5088981258,-0.0322135965088,
1450287750.34,-0.705247666425,0.251189353729,0.0958737991333,0.23009711792,-0.0471699091736,-0.513116572961,-0.0322135965088,
1450287750.35,-0.705631161621,0.251572848926,0.0970242847229,0.23124760351,-0.0467864139771,-0.516951524927,-0.0314466061157,
1450287750.36,-0.706398152014,0.252339839319,0.0966407895264,0.230480613116,-0.0467864139771,-0.521169972089,-0.0322135965088,
1450287750.38,-0.705631161621,0.251572848926,0.0966407895264,0.230864108313,-0.0467864139771,-0.526155409644,-0.0329805869019,
1450287750.38,-0.706014656818,0.251572848926,0.0962572943298,0.231631098706,-0.0475534043701,-0.529606866412,-0.0325970917053,
1450287750.39,-0.705631161621,0.251189353729,0.0966407895264,0.230864108313,-0.0471699091736,-0.533058323181,-0.0325970917053,
1450287750.41,-0.705631161621,0.252339839319,0.0970242847229,0.23124760351,-0.0467864139771,-0.53650977995,-0.0318301013123,
1450287750.43,-0.705631161621,0.250422363336,0.0966407895264,0.23124760351,-0.0479368995667,-0.539194246326,-0.0325970917053,
1450287750.43,-0.705631161621,0.251189353729,0.0962572943298,0.230864108313,-0.0471699091736,-0.541111722308,-0.0310631109192,
1450287750.44,-0.705631161621,0.250805858533,0.0958737991333,0.230864108313,-0.0483203947632,-0.543796188684,-0.0322135965088,
1450287750.45,-0.705631161621,0.250805858533,0.0966407895264,0.231631098706,-0.0467864139771,-0.546097159863,-0.0325970917053,
1450287750.47,-0.706398152014,0.250805858533,0.0962572943298,0.23124760351,-0.0471699091736,-0.547247645453,-0.0322135965088,
1450287750.47,-0.706014656818,0.251189353729,0.0966407895264,0.23124760351,-0.0471699091736,-0.549548616632,-0.0325970917053,
1450287750.48,-0.706014656818,0.251189353729,0.0962572943298,0.23009711792,-0.0475534043701,-0.551082597418,-0.0322135965088,
1450287750.49,-0.705631161621,0.250422363336,0.0970242847229,0.23124760351,-0.0471699091736,-0.553383568597,-0.0322135965088,
1450287750.51,-0.705631161621,0.251189353729,0.0962572943298,0.23009711792,-0.0467864139771,-0.554917549384,-0.0322135965088,
1450287750.51,-0.706014656818,0.250805858533,0.0966407895264,0.23124760351,-0.0471699091736,-0.555684539777,-0.0325970917053,
1450287750.52,-0.706014656818,0.250422363336,0.0958737991333,0.232398089099,-0.0467864139771,-0.556068034973,-0.0322135965088,
1450287750.53,-0.706398152014,0.250422363336,0.0966407895264,0.230864108313,-0.0475534043701,-0.55645153017,-0.0322135965088,
1450287750.55,-0.705247666425,0.250422363336,0.0974077799194,0.231631098706,-0.0479368995667,-0.556835025366,-0.0322135965088,
1450287750.55,-0.705247666425,0.250805858533,0.0962572943298,0.231631098706,-0.0471699091736,-0.55645153017,-0.0333640820984,
1450287750.57,-0.705631161621,0.250422363336,0.0966407895264,0.23124760351,-0.0467864139771,-0.557218520563,-0.0325970917053,
1450287750.58,-0.706014656818,0.250422363336,0.0966407895264,0.230864108313,-0.0464029187805,-0.55645153017,-0.0329805869019,
1450287750.6,-0.705631161621,0.25003886814,0.0962572943298,0.230480613116,-0.0479368995667,-0.555684539777,-0.0333640820984,
1450287750.6,-0.706014656818,0.250422363336,0.0970242847229,0.23124760351,-0.0471699091736,-0.55530104458,-0.0322135965088,
1450287750.61,-0.705247666425,0.250805858533,0.0962572943298,0.23124760351,-0.0467864139771,-0.556068034973,-0.0314466061157,
1450287750.62,-0.705631161621,0.25003886814,0.0966407895264,0.231631098706,-0.0475534043701,-0.556068034973,-0.0322135965088,
1450287750.64,-0.705631161621,0.250805858533,0.0962572943298,0.23124760351,-0.0479368995667,-0.55645153017,-0.0329805869019,
1450287750.64,-0.705631161621,0.251189353729,0.0966407895264,0.23124760351,-0.0467864139771,-0.557985510956,-0.0318301013123,
1450287750.65,-0.705247666425,0.251572848926,0.0966407895264,0.230864108313,-0.0471699091736,-0.558369006152,-0.0325970917053,
1450287750.66,-0.705247666425,0.251572848926,0.0966407895264,0.231631098706,-0.0456359283875,-0.558369006152,-0.0329805869019,
1450287750.68,-0.706014656818,0.250805858533,0.0966407895264,0.231631098706,-0.0475534043701,-0.558752501349,-0.0329805869019,
1450287750.68,-0.706014656818,0.250805858533,0.0958737991333,0.23124760351,-0.0467864139771,-0.558752501349,-0.0322135965088,
1450287750.69,-0.705631161621,0.250805858533,0.0970242847229,0.231631098706,-0.0471699091736,-0.559519491742,-0.0329805869019,
1450287750.7,-0.705631161621,0.250805858533,0.0962572943298,0.231631098706,-0.0467864139771,-0.559902986938,-0.0314466061157,
1450287750.73,-0.706398152014,0.250805858533,0.0966407895264,0.23124760351,-0.0471699091736,-0.560669977332,-0.0325970917053,
1450287750.73,-0.705631161621,0.250805858533,0.0966407895264,0.231631098706,-0.0471699091736,-0.561436967725,-0.0325970917053,
1450287750.74,-0.706014656818,0.250805858533,0.0970242847229,0.23124760351,-0.0475534043701,-0.561820462921,-0.0329805869019,
1450287750.75,-0.705631161621,0.250805858533,0.0962572943298,0.230864108313,-0.046019423584,-0.562587453314,-0.0322135965088,
1450287750.77,-0.705247666425,0.250805858533,0.0962572943298,0.23009711792,-0.0475534043701,-0.562970948511,-0.0329805869019,
1450287750.77,-0.705631161621,0.250805858533,0.0970242847229,0.23009711792,-0.046019423584,-0.563737938904,-0.0329805869019,
1450287750.78,-0.705247666425,0.25003886814,0.0970242847229,0.230480613116,-0.0471699091736,-0.564504929297,-0.0325970917053,
1450287750.79,-0.705631161621,0.25003886814,0.0966407895264,0.23124760351,-0.0471699091736,-0.566038910083,-0.0322135965088,
1450287750.81,-0.705631161621,0.25003886814,0.0966407895264,0.23009711792,-0.0471699091736,-0.566805900476,-0.0318301013123,
1450287750.81,-0.704864171228,0.25003886814,0.0970242847229,0.231631098706,-0.0471699091736,-0.568339881262,-0.0325970917053,
1450287750.82,-0.704864171228,0.25003886814,0.0962572943298,0.230864108313,-0.0475534043701,-0.570257357245,-0.0325970917053,
1450287750.83,-0.705631161621,0.25003886814,0.0966407895264,0.230864108313,-0.0471699091736,-0.571791338031,-0.0325970917053,
1450287750.85,-0.705247666425,0.25003886814,0.0966407895264,0.230480613116,-0.0471699091736,-0.573708814014,-0.0325970917053,
1450287750.85,-0.706014656818,0.25003886814,0.0966407895264,0.23124760351,-0.0471699091736,-0.575626289996,-0.0322135965088,
1450287750.86,-0.704864171228,0.25003886814,0.0966407895264,0.230864108313,-0.0467864139771,-0.577160270782,-0.0306796157227,
1450287750.87,-0.705631161621,0.25003886814,0.0966407895264,0.230864108313,-0.0479368995667,-0.578310756372,-0.0322135965088,
1450287750.89,-0.705631161621,0.25003886814,0.0970242847229,0.230864108313,-0.0471699091736,-0.580228232355,-0.0314466061157,
1450287750.89,-0.706014656818,0.249271877747,0.0970242847229,0.23124760351,-0.0475534043701,-0.581762213141,-0.0329805869019,
1450287750.9,-0.705631161621,0.249655372943,0.0970242847229,0.230864108313,-0.0467864139771,-0.581762213141,-0.0322135965088,
1450287750.91,-0.705247666425,0.249655372943,0.0970242847229,0.23124760351,-0.0475534043701,-0.583679689124,-0.0322135965088,
1450287750.94,-0.705631161621,0.24888838255,0.0970242847229,0.230864108313,-0.0464029187805,-0.583679689124,-0.0318301013123,
1450287750.94,-0.706014656818,0.248504887354,0.0966407895264,0.230480613116,-0.0471699091736,-0.584446679517,-0.0322135965088,
1450287750.95,-0.705247666425,0.248504887354,0.0966407895264,0.23124760351,-0.0471699091736,-0.583679689124,-0.0322135965088,
1450287750.96,-0.705631161621,0.248121392157,0.0970242847229,0.230864108313,-0.0475534043701,-0.58291269873,-0.0322135965088,
1450287750.98,-0.705247666425,0.248504887354,0.0966407895264,0.230864108313,-0.0475534043701,-0.58291269873,-0.0322135965088,
1450287750.98,-0.705247666425,0.24773789696,0.0962572943298,0.23124760351,-0.0471699091736,-0.581762213141,-0.0329805869019,
1450287750.99,-0.705631161621,0.24773789696,0.0966407895264,0.231631098706,-0.0464029187805,-0.581762213141,-0.0325970917053,
1450287751.0,-0.706014656818,0.247354401764,0.0966407895264,0.23124760351,-0.0467864139771,-0.581378717944,-0.0318301013123,
1450287751.02,-0.704864171228,0.246970906567,0.0966407895264,0.23124760351,-0.0464029187805,-0.581762213141,-0.0329805869019,
1450287751.02,-0.706398152014,0.247354401764,0.0962572943298,0.230864108313,-0.0467864139771,-0.581378717944,-0.0325970917053,
1450287751.03,-0.706781647211,0.246970906567,0.0962572943298,0.230480613116,-0.0467864139771,-0.581378717944,-0.0318301013123,
1450287751.04,-0.705631161621,0.246970906567,0.0970242847229,0.23009711792,-0.0475534043701,-0.582145708337,-0.0314466061157,
1450287751.06,-0.706014656818,0.246587411371,0.0962572943298,0.231631098706,-0.0471699091736,-0.581762213141,-0.0322135965088,
1450287751.06,-0.706398152014,0.247354401764,0.0966407895264,0.231631098706,-0.0471699091736,-0.581762213141,-0.0322135965088,
1450287751.07,-0.706781647211,0.247354401764,0.0966407895264,0.230864108313,-0.0467864139771,-0.581762213141,-0.0325970917053,
1450287751.09,-0.705631161621,0.247354401764,0.0966407895264,0.230864108313,-0.0467864139771,-0.581762213141,-0.0329805869019,
1450287751.11,-0.705247666425,0.246203916174,0.0958737991333,0.230480613116,-0.0471699091736,-0.581378717944,-0.0302961205261,
1450287751.11,-0.705631161621,0.246587411371,0.0966407895264,0.230864108313,-0.0471699091736,-0.581378717944,-0.0325970917053,
1450287751.12,-0.705631161621,0.245820420978,0.0970242847229,0.23124760351,-0.0464029187805,-0.581762213141,-0.0322135965088,
1450287751.13,-0.706398152014,0.246203916174,0.0962572943298,0.230864108313,-0.0464029187805,-0.581762213141,-0.0310631109192,
1450287751.15,-0.706398152014,0.245436925781,0.0970242847229,0.230864108313,-0.0467864139771,-0.580995222748,-0.0318301013123,
1450287751.15,-0.706398152014,0.245820420978,0.0966407895264,0.23124760351,-0.0467864139771,-0.580611727551,-0.0322135965088,
1450287751.16,-0.706014656818,0.245053430585,0.0966407895264,0.23124760351,-0.0467864139771,-0.580228232355,-0.0322135965088,
1450287751.17,-0.706014656818,0.245820420978,0.0958737991333,0.230864108313,-0.0467864139771,-0.579844737158,-0.0325970917053,
1450287751.19,-0.706398152014,0.245053430585,0.0958737991333,0.23009711792,-0.0467864139771,-0.578694251569,-0.0329805869019,
1450287751.19,-0.706014656818,0.245436925781,0.0966407895264,0.23124760351,-0.0467864139771,-0.578694251569,-0.0322135965088,
1450287751.2,-0.707165142407,0.245053430585,0.0970242847229,0.229713622723,-0.0471699091736,-0.578694251569,-0.0318301013123,
1450287751.21,-0.706014656818,0.244669935388,0.0962572943298,0.230480613116,-0.0475534043701,-0.577927261176,-0.0318301013123,
1450287751.23,-0.706398152014,0.244286440192,0.0966407895264,0.23009711792,-0.046019423584,-0.576776775586,-0.0322135965088,
1450287751.23,-0.706014656818,0.244286440192,0.0970242847229,0.230480613116,-0.0471699091736,-0.576009785193,-0.0314466061157,
1450287751.24,-0.706398152014,0.243519449799,0.0962572943298,0.23009711792,-0.0471699091736,-0.5752427948,-0.0322135965088,
1450287751.25,-0.706014656818,0.243902944995,0.0962572943298,0.230480613116,-0.0464029187805,-0.574475804407,-0.0302961205261,
1450287751.27,-0.706781647211,0.243135954602,0.0958737991333,0.23009711792,-0.046019423584,-0.573708814014,-0.0322135965088,
1450287751.27,-0.706781647211,0.243135954602,0.0966407895264,0.23009711792,-0.0479368995667,-0.572941823621,-0.0322135965088,
1450287751.28,-0.706398152014,0.243135954602,0.0966407895264,0.23009711792,-0.0467864139771,-0.571791338031,-0.0322135965088,
1450287751.29,-0.706781647211,0.242752459406,0.0962572943298,0.229713622723,-0.0471699091736,-0.570640852441,-0.0310631109192,
1450287751.31,-0.706781647211,0.241985469012,0.0966407895264,0.229330127527,-0.0471699091736,-0.570257357245,-0.0318301013123,
1450287751.31,-0.706398152014,0.241985469012,0.0970242847229,0.229330127527,-0.0464029187805,-0.570257357245,-0.0322135965088,
1450287751.32,-0.706398152014,0.241601973816,0.0958737991333,0.228563137134,-0.0471699091736,-0.569106871655,-0.0322135965088,
1450287751.33,-0.706781647211,0.241985469012,0.0970242847229,0.229330127527,-0.0471699091736,-0.569106871655,-0.0322135965088,
1450287751.36,-0.706781647211,0.241218478619,0.0962572943298,0.228563137134,-0.0471699091736,-0.567956386066,-0.0318301013123,
1450287751.36,-0.706398152014,0.240834983423,0.0966407895264,0.228563137134,-0.0467864139771,-0.567189395673,-0.0310631109192,
1450287751.37,-0.706398152014,0.240451488226,0.0966407895264,0.228179641937,-0.0479368995667,-0.566805900476,-0.0310631109192,
1450287751.38,-0.706781647211,0.24006799303,0.0966407895264,0.228179641937,-0.0471699091736,-0.566038910083,-0.0314466061157,
1450287751.4,-0.706398152014,0.24006799303,0.0962572943298,0.228179641937,-0.0467864139771,-0.567189395673,-0.0318301013123,
1450287751.4,-0.706781647211,0.239301002637,0.0966407895264,0.227412651544,-0.0471699091736,-0.567189395673,-0.0325970917053,
1450287751.41,-0.706398152014,0.23891750744,0.0966407895264,0.228563137134,-0.0471699091736,-0.566805900476,-0.0325970917053,
1450287751.42,-0.706014656818,0.238150517047,0.0966407895264,0.227796146741,-0.0475534043701,-0.566805900476,-0.0325970917053,
1450287751.44,-0.706398152014,0.237767021851,0.0966407895264,0.22894663233,-0.0464029187805,-0.56642240528,-0.0325970917053,
1450287751.44,-0.706781647211,0.238534012244,0.0970242847229,0.227796146741,-0.0475534043701,-0.566805900476,-0.0325970917053,
1450287751.45,-0.706014656818,0.237767021851,0.0970242847229,0.228563137134,-0.046019423584,-0.566805900476,-0.0314466061157,
1450287751.46,-0.706014656818,0.237767021851,0.0974077799194,0.228563137134,-0.0467864139771,-0.566805900476,-0.0310631109192,
1450287751.49,-0.707165142407,0.237383526654,0.0974077799194,0.227796146741,-0.0467864139771,-0.567189395673,-0.0322135965088,
1450287751.49,-0.706014656818,0.236616536261,0.0966407895264,0.228563137134,-0.0471699091736,-0.567189395673,-0.0322135965088,
1450287751.5,-0.704864171228,0.236233041064,0.0966407895264,0.22894663233,-0.046019423584,-0.567572890869,-0.0314466061157,
1450287751.51,-0.705631161621,0.235849545868,0.0958737991333,0.227796146741,-0.0471699091736,-0.566805900476,-0.0325970917053,
1450287751.53,-0.705631161621,0.236233041064,0.0966407895264,0.228179641937,-0.0475534043701,-0.567189395673,-0.0325970917053,
1450287751.53,-0.706014656818,0.235466050671,0.0966407895264,0.228563137134,-0.0467864139771,-0.56642240528,-0.0318301013123,
1450287751.54,-0.706014656818,0.234699060278,0.0966407895264,0.228179641937,-0.0471699091736,-0.567189395673,-0.0322135965088,
1450287751.55,-0.706398152014,0.234315565082,0.0974077799194,0.227796146741,-0.0471699091736,-0.56642240528,-0.0325970917053,
1450287751.57,-0.706398152014,0.234315565082,0.0970242847229,0.22894663233,-0.0475534043701,-0.566038910083,-0.0314466061157,
1450287751.57,-0.705631161621,0.234699060278,0.0966407895264,0.229330127527,-0.0467864139771,-0.56642240528,-0.0325970917053,
1450287751.58,-0.706014656818,0.234315565082,0.0966407895264,0.228179641937,-0.0475534043701,-0.566805900476,-0.0325970917053,
1450287751.59,-0.705247666425,0.234699060278,0.0974077799194,0.22894663233,-0.0464029187805,-0.566805900476,-0.0314466061157,
1450287751.61,-0.705247666425,0.233548574689,0.0970242847229,0.228563137134,-0.0467864139771,-0.566805900476,-0.0314466061157,
1450287751.61,-0.706398152014,0.233165079492,0.0970242847229,0.228179641937,-0.0467864139771,-0.567189395673,-0.0322135965088,
1450287751.62,-0.706014656818,0.233165079492,0.0970242847229,0.22894663233,-0.0471699091736,-0.56642240528,-0.0322135965088,
1450287751.63,-0.705631161621,0.233165079492,0.0966407895264,0.228563137134,-0.0471699091736,-0.56642240528,-0.0322135965088,
1450287751.66,-0.706398152014,0.232398089099,0.0974077799194,0.228179641937,-0.0467864139771,-0.567572890869,-0.0310631109192,
1450287751.66,-0.706014656818,0.232398089099,0.0966407895264,0.228179641937,-0.0475534043701,-0.567189395673,-0.0310631109192,
