1450287763.31,-1.432,-11.964,0.26,-15.56,0.14,-2.464,0.056,
1450287763.31,-1.244,-12.052,0.224,-15.592,0.132,-2.436,0.064,
1450287763.32,-1.4,-12.108,0.26,-15.56,0.14,-2.416,0.044,
1450287763.33,-1.524,-12.108,0.356,-15.56,0.124,-2.404,0.044,
1450287763.35,-1.4,-12.14,0.224,-15.592,0.152,-2.388,0.044,
1450287763.35,-1.368,-12.168,0.224,-15.624,0.152,-2.388,0.064,
1450287763.36,-1.34,-12.168,0.224,-15.656,0.152,-2.388,0.056,
1450287763.37,-1.212,-12.108,0.324,-15.688,0.14,-2.404,0.044,
1450287763.39,-1.212,-12.14,0.356,-15.72,0.14,-2.416,0.056,
1450287763.39,-1.4,-12.168,0.224,-15.688,0.152,-2.404,0.056,
1450287763.4,-1.496,-12.052,0.26,-15.624,0.152,-2.368,0.056,
1450287763.41,-1.496,-11.908,0.292,-15.592,0.152,-2.356,0.036,
1450287763.43,-1.4,-11.824,0.356,-15.56,0.14,-2.388,0.044,
1450287763.43,-1.34,-11.852,0.292,-15.56,0.152,-2.436,0.056,
1450287763.44,-1.496,-11.88,0.16,-15.56,0.16,-2.456,0.056,
1450287763.45,-1.464,-11.708,0.356,-15.56,0.168,-2.476,0.036,
1450287763.47,-1.496,-11.62,0.388,-15.464,0.168,-2.484,0.044,
1450287763.48,-1.4,-11.764,0.26,-15.432,0.16,-2.416,0.044,
1450287763.49,-1.308,-11.708,0.26,-15.432,0.168,-2.376,0.056,
1450287763.5,-1.588,-11.652,0.388,-15.372,0.192,-2.376,0.036,
1450287763.52,-1.432,-11.68,0.42,-15.372,0.192,-2.388,0.044,
1450287763.52,-1.524,-11.736,0.42,-15.372,0.192,-2.376,0.044,
1450287763.53,-1.556,-11.68,0.292,-15.464,0.192,-2.396,0.044,
1450287763.54,-1.524,-11.68,0.26,-15.464,0.208,-2.436,0.036,
1450287763.56,-1.524,-11.708,0.324,-15.432,0.192,-2.476,0.044,
1450287763.56,-1.432,-11.68,0.292,-15.432,0.192,-2.476,0.044,
1450287763.57,-1.556,-11.792,0.356,-15.464,0.2,-2.444,0.044,
1450287763.58,-1.556,-11.792,0.292,-15.464,0.2,-2.388,0.036,
1450287763.6,-1.588,-11.652,0.128,-15.528,0.192,-2.416,0.036,
1450287763.6,-1.464,-11.68,0.26,-15.464,0.208,-2.456,0.044,
1450287763.61,-1.496,-11.764,0.484,-15.496,0.236,-2.416,0.072,
1450287763.62,-1.588,-11.792,0.324,-15.56,0.236,-2.396,0.044,
1450287763.65,-1.496,-11.792,0.26,-15.592,0.216,-2.436,0.056,
1450287763.65,-1.4,-11.88,0.292,-15.592,0.236,-2.476,0.044,
1450287763.66,-1.4,-11.88,0.26,-15.624,0.216,-2.496,0.064,
1450287763.67,-1.432,-11.908,0.356,-15.72,0.236,-2.524,0.036,
1450287763.69,-1.432,-12.024,0.388,-15.748,0.216,-2.524,0.056,
1450287763.69,-1.588,-11.908,0.292,-15.748,0.216,-2.544,0.044,
1450287763.7,-1.524,-11.88,0.356,-15.812,0.216,-2.524,0.064,
1450287763.71,-1.464,-11.964,0.324,-15.748,0.208,-2.524,0.044,
1450287763.73,-1.368,-12.024,0.388,-15.72,0.2,-2.504,0.044,
1450287763.73,-1.308,-12.08,0.356,-15.748,0.216,-2.496,0.044,
1450287763.74,-1.556,-12.08,0.26,-15.748,0.192,-2.536,0.056,
1450287763.75,-1.588,-12.168,0.192,-15.812,0.2,-2.536,0.056,
1450287763.77,-1.464,-12.196,0.292,-15.812,0.208,-2.556,0.036,
1450287763.77,-1.12,-12.168,0.484,-15.844,0.208,-2.584,0.056,
1450287763.78,-1.4,-12.14,0.324,-15.844,0.2,-2.616,0.072,
1450287763.79,-1.34,-12.108,0.356,-15.78,0.176,-2.544,0.044,
1450287763.81,-1.652,-12.168,0.356,-15.812,0.168,-2.444,0.056,
1450287763.81,-1.244,-12.08,0.192,-15.72,0.168,-2.356,0.044,
1450287763.82,-1.432,-12.08,0.292,-15.656,0.184,-2.336,0.064,
1450287763.83,-1.276,-12.052,0.388,-15.592,0.184,-2.376,0.056,
1450287763.86,-1.432,-11.936,0.356,-15.528,0.2,-2.436,0.056,
1450287763.86,-1.496,-11.908,0.292,-15.464,0.192,-2.416,0.056,
1450287763.87,-1.464,-11.996,0.292,-15.464,0.192,-2.416,0.056,
1450287763.88,-1.244,-11.936,0.324,-15.496,0.176,-2.444,0.056,
1450287763.9,-1.464,-11.792,0.356,-15.496,0.168,-2.476,0.044,
1450287763.9,-1.464,-11.708,0.224,-15.528,0.176,-2.464,0.056,
1450287763.91,-1.432,-11.68,0.388,-15.528,0.184,-2.356,0.056,
1450287763.92,-1.432,-11.764,0.388,-15.496,0.184,-2.256,0.056,
1450287763.94,-1.556,-11.792,0.388,-15.432,0.216,-2.168,0.044,
1450287763.94,-1.652,-11.852,0.292,-15.432,0.236,-2.148,0.056,
1450287763.95,-1.4,-11.88,0.356,-15.4,0.216,-2.196,0.044,
1450287763.96,-1.368,-11.88,0.42,-15.464,0.216,-2.248,0.064,
1450287763.98,-1.34,-11.908,0.292,-15.592,0.228,-2.276,0.056,
1450287763.98,-1.524,-11.908,0.356,-15.624,0.216,-2.276,0.056,
1450287763.99,-1.556,-11.908,0.26,-15.624,0.216,-2.276,0.044,
1450287764.01,-1.588,-11.996,0.324,-15.624,0.228,-2.296,0.044,
1450287764.03,-1.308,-11.936,0.42,-15.56,0.216,-2.328,0.064,
1450287764.03,-1.588,-11.996,0.42,-15.56,0.216,-2.356,0.044,
1450287764.04,-1.524,-12.08,0.192,-15.656,0.208,-2.388,0.044,
1450287764.05,-1.68,-11.964,0.224,-15.72,0.216,-2.336,0.044,
1450287764.07,-1.524,-11.936,0.26,-15.72,0.208,-2.388,0.044,
1450287764.07,-1.4,-12.08,0.356,-15.72,0.216,-2.368,0.036,
1450287764.08,-1.496,-11.996,0.26,-15.656,0.228,-2.336,0.036,
1450287764.09,-1.464,-11.996,0.26,-15.592,0.216,-2.296,0.044,
1450287764.11,-1.496,-12.024,0.292,-15.56,0.216,-2.316,0.044,
1450287764.11,-1.524,-12.052,0.192,-15.592,0.208,-2.316,0.036,
1450287764.12,-1.588,-11.88,0.324,-15.624,0.192,-2.348,0.044,
1450287764.13,-1.34,-11.88,0.292,-15.624,0.216,-2.416,0.044,
1450287764.15,-1.308,-11.88,0.16,-15.528,0.208,-2.424,0.064,
1450287764.15,-1.4,-11.852,0.324,-15.496,0.192,-2.436,0.044,
1450287764.17,-1.496,-11.792,0.224,-15.464,0.216,-2.416,0.056,
1450287764.18,-1.524,-11.852,0.26,-15.464,0.192,-2.416,0.044,
1450287764.2,-1.464,-11.852,0.192,-15.432,0.2,-2.404,0.044,
1450287764.2,-1.244,-11.88,0.292,-15.372,0.192,-2.436,0.056,
1450287764.21,-1.464,-11.824,0.452,-15.464,0.176,-2.476,0.044,
1450287764.22,-1.496,-11.792,0.292,-15.4,0.176,-2.524,0.056,
1450287764.24,-1.588,-11.708,0.324,-15.432,0.176,-2.584,0.056,
1450287764.24,-1.276,-11.736,0.324,-15.464,0.176,-2.556,0.044,
1450287764.25,-1.152,-11.792,0.324,-15.4,0.2,-2.556,0.036,
1450287764.26,-1.496,-11.88,0.26,-15.464,0.2,-2.556,0.044,
1450287764.28,-1.368,-11.792,0.292,-15.464,0.2,-2.536,0.056,
1450287764.28,-1.368,-11.736,0.388,-15.464,0.2,-2.516,0.044,
1450287764.29,-1.308,-11.764,0.388,-15.464,0.192,-2.476,0.056,
1450287764.3,-1.62,-11.88,0.292,-15.496,0.184,-2.444,0.044,
1450287764.33,-1.556,-11.88,0.292,-15.496,0.176,-2.476,0.056,
1450287764.33,-1.34,-11.88,0.26,-15.56,0.184,-2.484,0.036,
1450287764.34,-1.276,-11.852,0.452,-15.592,0.208,-2.484,0.036,
1450287764.35,-1.34,-11.852,0.224,-15.592,0.216,-2.496,0.044,
1450287764.37,-1.652,-11.908,0.26,-15.624,0.2,-2.484,0.036,
1450287764.37,-1.652,-11.936,0.324,-15.624,0.2,-2.456,0.056,
1450287764.38,-1.524,-11.908,0.26,-15.624,0.192,-2.484,0.044,
1450287764.39,-1.496,-11.996,0.292,-15.656,0.184,-2.484,0.044,
1450287764.41,-1.308,-12.024,0.26,-15.688,0.176,-2.476,0.056,
1450287764.41,-1.556,-12.024,0.26,-15.72,0.192,-2.476,0.044,
1450287764.42,-1.308,-11.964,0.388,-15.688,0.2,-2.476,0.036,
1450287764.43,-1.4,-12.024,0.356,-15.656,0.2,-2.464,0.044,
1450287764.45,-1.62,-12.052,0.356,-15.688,0.208,-2.496,0.056,
1450287764.45,-1.652,-11.908,0.292,-15.72,0.208,-2.516,0.056,
1450287764.46,-1.4,-11.908,0.356,-15.688,0.208,-2.556,0.028,
1450287764.47,-1.276,-11.964,0.42,-15.688,0.2,-2.576,0.044,
1450287764.5,-1.34,-11.936,0.324,-15.72,0.184,-2.576,0.056,
1450287764.5,-1.556,-11.908,0.224,-15.688,0.192,-2.624,0.036,
1450287764.51,-1.556,-11.936,0.26,-15.656,0.208,-2.624,0.036,
1450287764.52,-1.776,-11.936,0.292,-15.656,0.216,-2.584,0.044,
1450287764.54,-1.496,-11.908,0.388,-15.688,0.208,-2.564,0.044,
1450287764.54,-1.432,-11.936,0.388,-15.688,0.192,-2.544,0.072,
1450287764.55,-1.34,-11.936,0.324,-15.72,0.208,-2.576,0.044,
1450287764.56,-1.368,-12.024,0.26,-15.688,0.216,-2.544,0.056,
1450287764.58,-1.4,-12.08,0.356,-15.748,0.2,-2.576,0.056,
1450287764.58,-1.464,-12.052,0.324,-15.748,0.184,-2.564,0.044,
1450287764.59,-1.464,-12.108,0.356,-15.78,0.2,-2.584,0.036,
1450287764.6,-1.368,-11.908,0.484,-15.844,0.216,-2.604,0.044,
1450287764.62,-1.652,-11.88,0.388,-15.876,0.208,-2.604,0.036,
1450287764.62,-1.652,-12.052,0.324,-15.844,0.216,-2.656,0.044,
1450287764.63,-1.34,-12.108,0.356,-15.876,0.208,-2.624,0.064,
1450287764.65,-1.028,-12.052,0.452,-15.908,0.192,-2.604,0.064,
1450287764.67,-1.276,-12.168,0.388,-15.908,0.192,-2.596,0.044,
1450287764.67,-1.556,-12.14,0.224,-15.908,0.208,-2.564,0.044,
1450287764.68,-1.744,-12.08,0.292,-15.94,0.216,-2.556,0.036,
1450287764.69,-1.588,-12.14,0.324,-15.908,0.216,-2.584,0.028,
1450287764.71,-1.34,-12.168,0.292,-15.908,0.208,-2.644,0.036,
1450287764.71,-1.308,-12.14,0.292,-15.972,0.216,-2.664,0.044,
1450287764.72,-1.308,-12.168,0.452,-15.972,0.208,-2.656,0.036,
1450287764.73,-1.524,-12.168,0.356,-15.972,0.208,-2.644,0.044,
1450287764.75,-1.524,-12.168,0.324,-15.972,0.216,-2.664,0.056,
1450287764.75,-1.496,-12.052,0.26,-15.94,0.216,-2.664,0.044,
1450287764.76,-1.4,-12.024,0.356,-15.972,0.208,-2.664,0.044,
1450287764.77,-1.4,-12.052,0.26,-15.972,0.208,-2.616,0.044,
1450287764.79,-1.368,-12.052,0.388,-15.972,0.184,-2.596,0.044,
1450287764.79,-1.524,-11.964,0.26,-15.972,0.2,-2.616,0.044,
1450287764.8,-1.524,-12.08,0.388,-15.94,0.2,-2.684,0.056,
1450287764.81,-1.464,-12.024,0.292,-15.94,0.184,-2.724,0.036,
1450287764.83,-1.432,-12.024,0.292,-15.972,0.208,-2.756,0.036,
1450287764.84,-1.4,-12.052,0.42,-15.972,0.208,-2.804,0.044,
1450287764.85,-1.524,-12.14,0.324,-15.972,0.208,-2.736,0.044,
1450287764.86,-1.464,-11.996,0.324,-16.004,0.216,-2.696,0.044,
1450287764.88,-1.368,-12.08,0.292,-15.94,0.208,-2.656,0.036,
1450287764.88,-1.588,-12.024,0.292,-15.908,0.2,-2.636,0.044,
1450287764.89,-1.4,-11.936,0.452,-15.94,0.216,-2.644,0.044,
1450287764.9,-1.276,-11.964,0.42,-15.94,0.2,-2.704,0.044,
1450287764.92,-1.588,-11.996,0.224,-15.972,0.2,-2.744,0.056,
1450287764.92,-1.368,-11.996,0.324,-15.94,0.2,-2.736,0.036,
1450287764.93,-1.4,-11.936,0.388,-15.94,0.208,-2.704,0.044,
1450287764.94,-1.4,-11.964,0.324,-15.908,0.2,-2.684,0.044,
1450287764.96,-1.464,-11.908,0.324,-15.876,0.2,-2.684,0.056,
1450287764.96,-1.712,-11.908,0.324,-15.876,0.208,-2.704,0.044,
1450287764.97,-1.308,-11.88,0.388,-15.876,0.216,-2.736,0.056,
1450287764.98,-1.368,-11.824,0.292,-15.876,0.2,-2.724,0.056,
1450287765.0,-1.4,-11.908,0.16,-15.844,0.2,-2.724,0.028,
1450287765.0,-1.588,-11.964,0.292,-15.844,0.184,-2.696,0.036,
1450287765.02,-1.496,-11.852,0.388,-15.876,0.208,-2.684,0.056,
1450287765.03,-1.368,-11.908,0.324,-15.844,0.208,-2.684,0.028,
1450287765.05,-1.464,-11.908,0.324,-15.908,0.184,-2.636,0.036,
1450287765.05,-1.556,-11.824,0.324,-15.876,0.192,-2.624,0.044,
1450287765.06,-1.496,-11.964,0.292,-15.94,0.192,-2.656,0.056,
1450287765.07,-1.244,-12.08,0.388,-15.94,0.216,-2.696,0.056,
1450287765.09,-1.464,-12.052,0.324,-16.004,0.208,-2.724,0.036,
1450287765.09,-1.652,-12.024,0.388,-16.068,0.208,-2.696,0.036,
1450287765.1,-1.432,-12.024,0.292,-16.004,0.192,-2.656,0.044,
1450287765.11,-1.12,-12.108,0.292,-16.004,0.192,-2.536,0.044,
1450287765.13,-1.184,-12.14,0.388,-15.972,0.184,-2.484,0.056,
1450287765.13,-1.556,-12.252,0.192,-15.94,0.176,-2.424,0.044,
1450287765.14,-1.524,-12.224,0.42,-15.972,0.16,-2.416,0.056,
1450287765.15,-1.524,-12.08,0.324,-15.972,0.168,-2.424,0.044,
1450287765.18,-1.244,-12.196,0.26,-15.972,0.184,-2.416,0.056,
1450287765.18,-1.184,-12.196,0.388,-15.972,0.168,-2.436,0.044,
1450287765.19,-1.34,-12.252,0.356,-15.94,0.152,-2.464,0.044,
1450287765.2,-1.464,-12.196,0.292,-15.876,0.152,-2.476,0.036,
1450287765.22,-1.464,-12.108,0.388,-15.908,0.152,-2.476,0.044,
1450287765.22,-1.4,-12.024,0.224,-15.972,0.168,-2.484,0.044,
1450287765.23,-1.212,-12.08,0.356,-15.876,0.152,-2.484,0.044,
1450287765.24,-1.184,-12.024,0.388,-15.812,0.168,-2.416,0.044,
1450287765.26,-1.152,-11.964,0.292,-15.748,0.152,-2.376,0.044,
1450287765.26,-1.308,-11.88,0.292,-15.688,0.152,-2.388,0.036,
1450287765.27,-1.184,-11.936,0.26,-15.688,0.152,-2.388,0.044,
1450287765.28,-1.152,-11.852,0.292,-15.748,0.152,-2.388,0.056,
1450287765.3,-1.152,-11.996,0.324,-15.72,0.14,-2.436,0.036,
1450287765.3,-1.12,-11.964,0.324,-15.748,0.16,-2.444,0.036,
1450287765.31,-1.056,-11.936,0.224,-15.688,0.152,-2.424,0.044,
1450287765.32,-1.088,-11.936,0.388,-15.72,0.152,-2.396,0.056,
1450287765.34,-1.088,-11.936,0.452,-15.72,0.152,-2.356,0.056,
1450287765.34,-1.368,-11.908,0.292,-15.72,0.14,-2.348,0.044,
1450287765.35,-1.088,-11.908,0.26,-15.624,0.14,-2.336,0.044,
1450287765.36,-1.184,-11.908,0.292,-15.592,0.168,-2.328,0.036,
1450287765.38,-1.056,-11.764,0.324,-15.56,0.168,-2.348,0.044,
1450287765.38,-0.964,-11.652,0.356,-15.592,0.152,-2.336,0.044,
1450287765.39,-1.088,-11.708,0.388,-15.688,0.124,-2.368,0.044,
1450287765.41,-1.212,-11.736,0.356,-15.688,0.14,-2.388,0.036,
1450287765.43,-1.524,-11.764,0.356,-15.624,0.14,-2.356,0.056,
1450287765.43,-1.62,-11.792,0.324,-15.624,0.14,-2.356,0.056,
1450287765.44,-1.34,-11.88,0.26,-15.656,0.14,-2.308,0.036,
1450287765.45,-1.464,-11.88,0.324,-15.688,0.14,-2.296,0.056,
1450287765.47,-1.4,-11.88,0.356,-15.624,0.14,-2.296,0.056,
1450287765.47,-1.588,-11.88,0.26,-15.592,0.132,-2.308,0.044,
1450287765.48,-1.244,-11.68,0.324,-15.528,0.152,-2.368,0.044,
1450287765.49,-1.276,-11.652,0.388,-15.592,0.124,-2.416,0.036,
1450287765.51,-1.4,-11.736,0.452,-15.656,0.124,-2.416,0.044,
1450287765.51,-1.556,-11.824,0.26,-15.72,0.14,-2.416,0.044,
1450287765.52,-1.464,-11.68,0.356,-15.688,0.14,-2.436,0.044,
1450287765.53,-1.244,-11.564,0.452,-15.624,0.124,-2.436,0.044,
1450287765.55,-0.996,-11.564,0.388,-15.592,0.14,-2.444,0.036,
1450287765.56,-1.244,-11.764,0.42,-15.592,0.14,-2.444,0.036,
1450287765.57,-1.524,-11.792,0.292,-15.656,0.132,-2.524,0.036,
1450287765.58,-1.62,-11.708,0.324,-15.688,0.14,-2.644,0.044,
1450287765.6,-1.556,-11.824,0.356,-15.688,0.124,-2.744,0.044,
1450287765.6,-1.244,-11.88,0.356,-15.72,0.14,-2.764,0.056,
1450287765.61,-1.152,-11.792,0.42,-15.748,0.152,-2.744,0.044,
1450287765.62,-0.932,-11.792,0.452,-15.688,0.16,-2.764,0.044,
1450287765.64,-1.244,-11.736,0.484,-15.624,0.132,-2.764,0.044,
1450287765.64,-1.4,-11.708,0.388,-15.528,0.14,-2.716,0.044,
1450287765.65,-1.496,-11.708,0.356,-15.528,0.16,-2.676,0.044,
1450287765.66,-1.524,-11.62,0.52,-15.528,0.14,-2.696,0.036,
1450287765.68,-1.464,-11.536,0.26,-15.4,0.16,-2.724,0.056,
1450287765.68,-1.368,-11.42,0.42,-15.372,0.176,-2.764,0.056,
1450287765.69,-1.212,-11.42,0.52,-15.244,0.168,-2.776,0.056,
1450287765.7,-1.308,-11.448,0.356,-15.148,0.16,-2.784,0.036,
1450287765.73,-1.4,-11.304,0.388,-15.116,0.152,-2.784,0.036,
1450287765.73,-1.804,-11.192,0.356,-15.052,0.168,-2.776,0.044,
1450287765.74,-1.712,-11.248,0.452,-14.992,0.16,-2.784,0.028,
1450287765.75,-1.556,-11.248,0.42,-15.024,0.152,-2.764,0.028,
1450287765.77,-1.276,-11.22,0.324,-15.084,0.168,-2.764,0.072,
1450287765.77,-1.152,-11.132,0.324,-15.052,0.14,-2.804,0.044,
1450287765.78,-1.464,-10.992,0.388,-14.992,0.14,-2.804,0.044,
1450287765.79,-1.804,-11.104,0.356,-14.928,0.16,-2.824,0.044,
1450287765.81,-1.62,-11.22,0.52,-14.928,0.152,-2.776,0.044,
1450287765.81,-1.4,-11.22,0.324,-14.96,0.16,-2.756,0.044,
1450287765.82,-1.276,-11.192,0.324,-14.896,0.168,-2.776,0.056,
1450287765.83,-1.212,-11.248,0.324,-14.96,0.152,-2.776,0.036,
1450287765.85,-1.276,-11.248,0.356,-14.928,0.152,-2.784,0.036,
1450287765.85,-1.524,-11.192,0.452,-14.992,0.152,-2.804,0.044,
1450287765.86,-1.62,-11.192,0.42,-14.96,0.152,-2.864,0.064,
1450287765.87,-1.464,-11.248,0.42,-14.96,0.168,-2.852,0.028,
1450287765.9,-1.308,-11.248,0.356,-14.992,0.152,-2.844,0.044,
1450287765.9,-1.308,-11.248,0.356,-15.052,0.16,-2.852,0.056,
1450287765.91,-1.184,-11.336,0.356,-15.084,0.152,-2.864,0.044,
1450287765.92,-1.184,-11.276,0.388,-15.084,0.124,-2.892,0.036,
1450287765.94,-1.4,-11.392,0.356,-15.084,0.124,-2.864,0.036,
1450287765.94,-1.368,-11.364,0.356,-15.116,0.152,-2.832,0.044,
1450287765.95,-1.056,-11.42,0.388,-15.116,0.152,-2.864,0.064,
1450287765.96,-1.12,-11.42,0.452,-15.18,0.132,-2.884,0.036,
1450287765.98,-1.184,-11.42,0.16,-15.18,0.132,-2.892,0.036,
1450287765.98,-1.184,-11.42,0.292,-15.18,0.14,-2.932,0.056,
1450287765.99,-1.308,-11.364,0.324,-15.212,0.152,-2.924,0.056,
1450287766.0,-1.556,-11.48,0.324,-15.212,0.14,-2.904,0.036,
1450287766.02,-1.464,-11.42,0.356,-15.244,0.14,-2.892,0.036,
1450287766.03,-1.184,-11.42,0.356,-15.244,0.16,-2.852,0.036,
1450287766.03,-1.152,-11.448,0.26,-15.276,0.14,-2.812,0.044,
1450287766.05,-1.34,-11.508,0.388,-15.244,0.132,-2.804,0.044,
1450287766.07,-1.276,-11.48,0.388,-15.244,0.132,-2.792,0.036,
1450287766.07,-1.4,-11.536,0.292,-15.244,0.14,-2.792,0.044,
1450287766.08,-1.432,-11.536,0.42,-15.308,0.16,-2.792,0.044,
1450287766.09,-1.276,-11.564,0.26,-15.4,0.152,-2.784,0.044,
1450287766.11,-1.212,-11.592,0.356,-15.432,0.152,-2.792,0.036,
1450287766.11,-1.432,-11.62,0.26,-15.496,0.14,-2.744,0.044,
1450287766.12,-1.212,-11.708,0.484,-15.496,0.132,-2.716,0.044,
1450287766.13,-1.368,-11.708,0.42,-15.496,0.14,-2.696,0.044,
1450287766.15,-1.34,-11.792,0.452,-15.528,0.152,-2.604,0.044,
1450287766.15,-1.276,-11.824,0.324,-15.528,0.152,-2.564,0.044,
1450287766.16,-1.12,-11.88,0.356,-15.528,0.132,-2.584,0.056,
1450287766.17,-1.244,-11.936,0.42,-15.528,0.132,-2.604,0.044,
1450287766.19,-1.152,-11.936,0.324,-15.688,0.152,-2.644,0.056,
1450287766.19,-1.088,-11.936,0.26,-15.72,0.14,-2.656,0.036,
1450287766.2,-1.056,-11.936,0.356,-15.748,0.152,-2.724,0.056,
1450287766.21,-1.212,-11.908,0.42,-15.812,0.14,-2.744,0.056,
1450287766.23,-1.4,-11.936,0.42,-15.844,0.152,-2.716,0.064,
1450287766.23,-1.34,-11.996,0.292,-15.844,0.152,-2.716,0.056,
1450287766.25,-1.244,-12.08,0.26,-15.844,0.132,-2.684,0.056,
1450287766.26,-1.34,-12.14,0.356,-15.876,0.14,-2.696,0.044,
1450287766.28,-1.34,-12.168,0.388,-15.94,0.152,-2.656,0.044,
1450287766.28,-1.308,-12.196,0.324,-15.94,0.152,-2.616,0.044,
1450287766.29,-1.184,-12.252,0.42,-15.94,0.124,-2.596,0.056,
1450287766.3,-1.152,-12.252,0.484,-16.004,0.116,-2.616,0.044,
1450287766.32,-1.028,-12.224,0.324,-16.004,0.124,-2.636,0.036,
1450287766.32,-1.184,-12.34,0.356,-16.068,0.124,-2.684,0.064,
1450287766.33,-1.152,-12.34,0.292,-16.096,0.132,-2.684,0.036,
1450287766.34,-1.12,-12.196,0.356,-16.16,0.124,-2.676,0.044,
1450287766.36,-1.088,-12.224,0.324,-16.096,0.14,-2.624,0.044,
1450287766.36,-1.12,-12.28,0.388,-16.036,0.14,-2.604,0.056,
1450287766.37,-1.152,-12.396,0.26,-16.068,0.124,-2.584,0.044,
1450287766.38,-1.12,-12.312,0.42,-16.096,0.16,-2.584,0.036,
1450287766.4,-1.276,-12.368,0.42,-16.096,0.124,-2.584,0.056,
1450287766.4,-1.184,-12.34,0.292,-16.096,0.124,-2.616,0.036,
1450287766.41,-1.184,-12.196,0.484,-16.068,0.124,-2.556,0.044,
1450287766.42,-1.34,-12.196,0.484,-16.004,0.16,-2.524,0.044,
1450287766.45,-1.368,-12.108,0.388,-15.94,0.152,-2.496,0.036,
1450287766.45,-1.432,-12.08,0.292,-15.844,0.124,-2.464,0.056,
1450287766.46,-1.34,-12.108,0.356,-15.748,0.14,-2.424,0.056,
1450287766.47,-1.4,-11.996,0.356,-15.72,0.14,-2.416,0.044,
1450287766.49,-1.34,-11.908,0.52,-15.72,0.124,-2.456,0.056,
1450287766.49,-1.212,-11.68,0.324,-15.592,0.116,-2.456,0.044,
1450287766.5,-1.212,-11.62,0.42,-15.528,0.108,-2.476,0.036,
1450287766.51,-1.308,-11.652,0.324,-15.56,0.124,-2.484,0.044,
1450287766.53,-1.556,-11.68,0.356,-15.496,0.124,-2.496,0.044,
1450287766.53,-1.496,-11.68,0.388,-15.464,0.14,-2.456,0.044,
1450287766.54,-1.34,-11.68,0.42,-15.4,0.132,-2.396,0.064,
1450287766.55,-1.028,-11.708,0.388,-15.4,0.116,-2.336,0.028,
1450287766.57,-1.244,-11.708,0.388,-15.34,0.116,-2.336,0.056,
1450287766.57,-1.34,-11.62,0.356,-15.276,0.124,-2.356,0.044,
1450287766.58,-1.4,-11.62,0.356,-15.212,0.124,-2.388,0.044,
1450287766.59,-1.212,-11.508,0.42,-15.18,0.116,-2.396,0.044,
1450287766.61,-1.056,-11.42,0.356,-15.212,0.116,-2.396,0.044,
1450287766.61,-1.088,-11.42,0.484,-15.116,0.124,-2.416,0.044,
1450287766.62,-1.056,-11.364,0.42,-14.96,0.132,-2.356,0.044,
1450287766.63,-1.152,-11.248,0.356,-14.928,0.116,-2.336,0.044,
1450287766.66,-1.12,-11.304,0.42,-14.832,0.116,-2.288,0.044,
1450287766.66,-1.184,-11.364,0.452,-14.864,0.124,-2.308,0.044,
1450287766.67,-1.152,-11.276,0.388,-14.896,0.116,-2.296,0.044,
1450287766.68,-1.056,-11.192,0.388,-14.8,0.124,-2.336,0.056,
1450287766.7,-0.996,-11.248,0.324,-14.676,0.152,-2.348,0.028,
1450287766.7,-1.152,-11.22,0.388,-14.612,0.108,-2.348,0.036,
1450287766.71,-1.212,-11.248,0.356,-14.612,0.124,-2.336,0.064,
1450287766.72,-1.152,-11.164,0.388,-14.612,0.132,-2.348,0.056,
1450287766.74,-1.088,-11.048,0.388,-14.58,0.124,-2.348,0.044,
1450287766.74,-1.12,-10.992,0.388,-14.484,0.124,-2.356,0.036,
1450287766.75,-1.028,-11.048,0.42,-14.452,0.124,-2.368,0.056,
1450287766.76,-0.996,-10.992,0.324,-14.452,0.132,-2.368,0.056,
1450287766.78,-0.932,-10.932,0.324,-14.42,0.124,-2.376,0.036,
1450287766.78,-1.244,-10.932,0.324,-14.232,0.124,-2.404,0.036,
1450287766.79,-1.12,-10.876,0.42,-14.104,0.116,-2.456,0.044,
1450287766.81,-1.276,-10.732,0.356,-14.136,0.132,-2.464,0.044,
1450287766.83,-1.212,-10.588,0.388,-14.136,0.116,-2.544,0.036,
1450287766.83,-0.996,-10.472,0.42,-13.98,0.132,-2.624,0.036,
1450287766.84,-1.088,-10.272,0.42,-13.948,0.124,-2.636,0.044,
1450287766.85,-1.368,-10.1,0.324,-13.884,0.124,-2.584,0.056,
1450287766.87,-1.588,-9.984,0.356,-13.82,0.124,-2.544,0.036,
1450287766.87,-1.368,-10.044,0.292,-13.724,0.132,-2.556,0.044,
1450287766.88,-1.244,-10.216,0.356,-13.692,0.132,-2.536,0.056,
1450287766.89,-1.244,-10.156,0.388,-13.852,0.124,-2.524,0.044,
1450287766.91,-1.244,-10.044,0.42,-13.98,0.124,-2.576,0.028,
1450287766.91,-1.308,-10.1,0.324,-13.852,0.116,-2.644,0.044,
1450287766.92,-1.464,-10.044,0.452,-13.788,0.14,-2.616,0.044,
1450287766.93,-1.932,-10.072,0.26,-13.788,0.132,-2.564,0.044,
1450287766.95,-1.9,-10.188,0.42,-13.852,0.132,-2.576,0.044,
1450287766.96,-1.652,-10.444,0.356,-13.852,0.132,-2.576,0.028,
1450287766.97,-1.212,-10.532,0.388,-13.884,0.14,-2.564,0.044,
1450287766.98,-0.84,-10.644,0.388,-13.948,0.132,-2.596,0.044,
1450287767.0,-0.808,-10.56,0.552,-13.948,0.152,-2.616,0.036,
1450287767.0,-1.088,-10.504,0.484,-13.884,0.116,-2.644,0.056,
1450287767.01,-1.588,-10.472,0.292,-13.852,0.116,-2.624,0.036,
1450287767.02,-2.056,-10.472,0.42,-13.948,0.116,-2.616,0.044,
1450287767.04,-1.712,-10.504,0.292,-13.98,0.152,-2.624,0.036,
1450287767.04,-1.308,-10.732,0.452,-13.98,0.152,-2.636,0.044,
1450287767.05,-1.12,-10.732,0.388,-13.948,0.132,-2.624,0.056,
1450287767.06,-1.184,-10.56,0.356,-13.98,0.14,-2.604,0.044,
1450287767.08,-1.464,-10.704,0.388,-13.98,0.132,-2.624,0.044,
1450287767.08,-1.34,-10.788,0.324,-14.04,0.132,-2.576,0.044,
1450287767.09,-1.432,-10.932,0.484,-14.2,0.124,-2.556,0.056,
1450287767.1,-1.34,-11.02,0.484,-14.232,0.14,-2.664,0.056,
1450287767.13,-1.276,-11.104,0.452,-14.264,0.132,-2.724,0.044,
1450287767.13,-1.12,-11.048,0.356,-14.264,0.132,-2.736,0.044,
1450287767.14,-1.056,-11.076,0.324,-14.264,0.124,-2.724,0.056,
1450287767.15,-1.368,-11.132,0.324,-14.328,0.132,-2.724,0.044,
1450287767.17,-1.464,-11.248,0.388,-14.328,0.14,-2.716,0.036,
1450287767.17,-1.464,-11.192,0.452,-14.42,0.14,-2.676,0.036,
1450287767.18,-1.464,-11.248,0.42,-14.42,0.16,-2.684,0.044,
1450287767.19,-1.464,-11.164,0.42,-14.452,0.152,-2.684,0.056,
1450287767.21,-1.212,-11.104,0.452,-14.484,0.14,-2.736,0.056,
1450287767.21,-1.34,-11.336,0.484,-14.484,0.152,-2.696,0.028,
1450287767.22,-1.464,-11.448,0.324,-14.516,0.16,-2.704,0.044,
1450287767.23,-1.464,-11.42,0.388,-14.612,0.152,-2.704,0.056,
1450287767.25,-1.432,-11.336,0.388,-14.484,0.168,-2.724,0.056,
1450287767.25,-1.308,-11.364,0.388,-14.452,0.152,-2.684,0.036,
1450287767.26,-1.308,-11.276,0.324,-14.516,0.168,-2.684,0.044,
1450287767.27,-1.368,-11.248,0.42,-14.58,0.16,-2.704,0.056,
1450287767.29,-1.276,-11.276,0.292,-14.676,0.176,-2.764,0.044,
1450287767.29,-1.34,-11.276,0.324,-14.736,0.16,-2.776,0.044,
1450287767.3,-1.432,-11.22,0.356,-14.736,0.16,-2.764,0.044,
1450287767.31,-1.4,-11.276,0.356,-14.676,0.168,-2.744,0.044,
1450287767.34,-1.432,-11.564,0.452,-14.704,0.168,-2.676,0.036,
1450287767.34,-1.088,-11.764,0.356,-14.832,0.16,-2.644,0.056,
1450287767.35,-1.432,-11.62,0.452,-14.928,0.132,-2.696,0.028,
1450287767.36,-1.556,-11.536,0.292,-14.992,0.168,-2.716,0.064,
1450287767.38,-1.652,-11.592,0.324,-14.96,0.176,-2.744,0.044,
1450287767.38,-1.276,-11.62,0.356,-14.96,0.168,-2.756,0.044,
1450287767.39,-1.244,-11.62,0.356,-14.992,0.152,-2.764,0.036,
1450287767.4,-1.056,-11.652,0.356,-14.992,0.168,-2.804,0.044,
1450287767.42,-1.34,-11.708,0.356,-14.992,0.16,-2.776,0.044,
1450287767.42,-1.308,-11.652,0.356,-14.992,0.176,-2.756,0.044,
1450287767.43,-1.34,-11.62,0.356,-15.052,0.152,-2.736,0.056,
1450287767.44,-1.524,-11.68,0.324,-15.052,0.14,-2.736,0.064,
1450287767.46,-1.588,-11.68,0.42,-15.052,0.184,-2.756,0.028,
1450287767.46,-1.4,-11.708,0.292,-15.084,0.168,-2.716,0.044,
1450287767.47,-1.184,-11.736,0.356,-15.084,0.168,-2.696,0.044,
1450287767.48,-1.152,-11.68,0.356,-15.18,0.176,-2.716,0.044,
1450287767.5,-1.12,-11.764,0.388,-15.244,0.176,-2.764,0.036,
1450287767.5,-1.368,-11.764,0.388,-15.244,0.16,-2.756,0.044,
1450287767.51,-1.62,-11.736,0.324,-15.34,0.16,-2.784,0.044,
1450287767.52,-1.4,-11.824,0.42,-15.34,0.176,-2.776,0.044,
1450287767.54,-1.34,-11.852,0.324,-15.372,0.176,-2.744,0.036,
1450287767.54,-1.212,-11.792,0.452,-15.432,0.184,-2.736,0.036,
1450287767.55,-1.4,-11.908,0.324,-15.496,0.192,-2.724,0.036,
1450287767.57,-1.368,-11.936,0.552,-15.56,0.2,-2.716,0.044,
1450287767.59,-1.4,-11.908,0.356,-15.592,0.236,-2.736,0.056,
1450287767.59,-1.34,-11.908,0.26,-15.592,0.228,-2.812,0.056,
1450287767.6,-1.432,-12.024,0.42,-15.748,0.216,-2.784,0.036,
1450287767.61,-1.556,-12.052,0.388,-15.908,0.216,-2.764,0.056,
1450287767.63,-1.368,-12.14,0.292,-16.004,0.192,-2.784,0.056,
1450287767.63,-1.276,-12.368,0.324,-16.128,0.228,-2.764,0.036,
1450287767.64,-1.184,-12.484,0.356,-16.096,0.228,-2.696,0.044,
1450287767.65,-1.308,-12.452,0.42,-16.096,0.228,-2.684,0.044,
1450287767.67,-1.524,-12.452,0.324,-16.128,0.208,-2.596,0.044,
1450287767.67,-1.68,-12.712,0.388,-16.256,0.2,-2.584,0.044,
1450287767.68,-1.34,-12.884,0.324,-16.412,0.216,-2.524,0.044,
1450287767.69,-1.4,-13.084,0.324,-16.444,0.2,-2.516,0.044,
1450287767.71,-1.244,-13.316,0.356,-16.444,0.192,-2.524,0.044,
1450287767.72,-1.244,-13.228,0.324,-16.352,0.192,-2.544,0.036,
1450287767.73,-1.308,-12.856,0.324,-16.32,0.184,-2.536,0.044,
1450287767.74,-1.276,-12.628,0.324,-16.32,0.184,-2.516,0.044,
1450287767.76,-1.432,-12.512,0.324,-16.256,0.16,-2.516,0.044,
1450287767.76,-1.244,-12.54,0.292,-16.256,0.184,-2.476,0.044,
1450287767.77,-1.244,-12.74,0.224,-16.256,0.184,-2.404,0.044,
1450287767.78,-1.12,-12.8,0.26,-16.288,0.192,-2.404,0.044,
1450287767.8,-1.184,-12.712,0.324,-16.288,0.168,-2.444,0.044,
1450287767.8,-1.184,-12.512,0.388,-16.256,0.168,-2.476,0.056,
1450287767.81,-1.4,-12.484,0.356,-16.256,0.168,-2.524,0.044,
1450287767.82,-1.368,-12.568,0.356,-16.32,0.152,-2.504,0.056,
1450287767.84,-1.588,-12.596,0.356,-16.32,0.152,-2.556,0.064,
1450287767.84,-1.212,-12.452,0.42,-16.352,0.152,-2.536,0.044,
1450287767.85,-1.028,-12.252,0.388,-16.32,0.168,-2.504,0.044,
1450287767.86,-0.808,-12.252,0.452,-16.224,0.16,-2.456,0.056,
1450287767.89,-1.028,-12.28,0.324,-16.192,0.152,-2.404,0.036,
1450287767.89,-1.088,-12.34,0.292,-16.192,0.132,-2.404,0.036,
1450287767.9,-1.184,-12.424,0.388,-16.224,0.152,-2.416,0.044,
1450287767.91,-0.996,-12.424,0.484,-16.224,0.14,-2.456,0.044,
1450287767.93,-1.184,-12.252,0.356,-16.224,0.16,-2.484,0.044,
1450287767.93,-1.368,-12.024,0.292,-16.16,0.152,-2.476,0.064,
1450287767.94,-1.4,-11.764,0.324,-16.036,0.16,-2.444,0.044,
1450287767.95,-1.308,-11.652,0.452,-15.972,0.152,-2.396,0.044,
1450287767.97,-1.34,-11.708,0.452,-15.876,0.16,-2.348,0.056,
1450287767.97,-1.368,-11.764,0.356,-15.844,0.14,-2.308,0.044,
1450287767.98,-1.34,-11.652,0.292,-15.844,0.16,-2.288,0.044,
1450287767.99,-1.308,-11.62,0.324,-15.748,0.152,-2.336,0.044,
1450287768.01,-1.152,-11.652,0.356,-15.748,0.16,-2.368,0.044,
1450287768.01,-1.244,-11.62,0.388,-15.748,0.16,-2.376,0.044,
1450287768.02,-1.368,-11.62,0.356,-15.748,0.14,-2.388,0.044,
1450287768.03,-1.308,-11.62,0.26,-15.748,0.14,-2.376,0.036,
1450287768.05,-1.276,-11.68,0.292,-15.748,0.152,-2.336,0.036,
1450287768.05,-1.34,-11.68,0.388,-15.72,0.16,-2.308,0.044,
1450287768.06,-1.184,-11.652,0.356,-15.624,0.16,-2.308,0.044,
1450287768.07,-1.34,-11.592,0.292,-15.592,0.14,-2.328,0.044,
1450287768.1,-1.464,-11.564,0.224,-15.624,0.152,-2.336,0.044,
1450287768.1,-1.34,-11.652,0.484,-15.624,0.16,-2.388,0.056,
1450287768.11,-1.152,-11.62,0.388,-15.688,0.152,-2.396,0.044,
1450287768.12,-1.088,-11.652,0.42,-15.688,0.14,-2.424,0.028,
1450287768.14,-1.212,-11.652,0.388,-15.656,0.14,-2.416,0.036,
1450287768.14,-1.496,-11.652,0.324,-15.656,0.152,-2.416,0.056,
1450287768.15,-1.276,-11.652,0.356,-15.56,0.152,-2.436,0.064,
1450287768.16,-1.308,-11.652,0.224,-15.496,0.152,-2.388,0.044,
1450287768.18,-1.244,-11.564,0.324,-15.464,0.152,-2.416,0.064,
1450287768.18,-1.276,-11.508,0.356,-15.308,0.132,-2.464,0.036,
1450287768.19,-1.212,-11.42,0.356,-15.148,0.152,-2.564,0.044,
1450287768.2,-1.308,-11.336,0.356,-15.116,0.16,-2.624,0.056,
1450287768.22,-1.212,-11.132,0.324,-14.992,0.16,-2.676,0.044,
1450287768.22,-1.368,-10.992,0.388,-14.896,0.14,-2.724,0.028,
1450287768.23,-1.244,-10.876,0.42,-14.864,0.152,-2.716,0.044,
1450287768.24,-1.152,-10.76,0.356,-14.768,0.16,-2.664,0.056,
1450287768.26,-1.432,-10.616,0.324,-14.676,0.16,-2.604,0.056,
1450287768.26,-1.4,-10.504,0.324,-14.58,0.168,-2.616,0.064,
1450287768.27,-1.4,-10.56,0.356,-14.484,0.16,-2.596,0.036,
1450287768.28,-1.184,-10.472,0.388,-14.36,0.16,-2.584,0.044,
1450287768.3,-1.276,-10.36,0.356,-14.328,0.16,-2.576,0.044,
1450287768.3,-1.4,-10.272,0.356,-14.296,0.16,-2.616,0.044,
1450287768.31,-1.432,-10.36,0.42,-14.296,0.16,-2.676,0.044,
1450287768.33,-1.4,-10.472,0.388,-14.328,0.152,-2.656,0.044,
1450287768.35,-1.432,-10.504,0.388,-14.36,0.168,-2.696,0.044,
1450287768.35,-1.4,-10.472,0.356,-14.328,0.184,-2.696,0.064,
1450287768.36,-1.4,-10.416,0.292,-14.232,0.16,-2.664,0.044,
1450287768.37,-1.556,-10.332,0.42,-14.072,0.168,-2.644,0.056,
1450287768.39,-1.496,-10.3,0.452,-14.072,0.16,-2.596,0.036,
1450287768.39,-1.464,-10.388,0.42,-14.136,0.16,-2.584,0.044,
1450287768.4,-1.368,-10.532,0.324,-14.2,0.16,-2.616,0.044,
1450287768.41,-1.432,-10.532,0.324,-14.264,0.168,-2.636,0.044,
1450287768.43,-1.34,-10.472,0.42,-14.232,0.16,-2.724,0.056,
1450287768.43,-1.152,-10.444,0.224,-14.168,0.152,-2.736,0.056,
1450287768.44,-1.212,-10.388,0.452,-14.232,0.152,-2.744,0.036,
1450287768.45,-1.524,-10.532,0.324,-14.328,0.168,-2.744,0.056,
1450287768.47,-1.276,-10.676,0.452,-14.36,0.152,-2.736,0.044,
1450287768.47,-1.368,-10.76,0.292,-14.452,0.176,-2.736,0.056,
1450287768.49,-1.088,-10.876,0.356,-14.452,0.176,-2.756,0.044,
1450287768.5,-1.184,-10.904,0.42,-14.42,0.176,-2.764,0.036,
1450287768.52,-1.34,-10.932,0.388,-14.484,0.184,-2.756,0.044,
1450287768.52,-1.368,-11.02,0.324,-14.58,0.176,-2.804,0.056,
1450287768.53,-1.432,-11.048,0.324,-14.704,0.192,-2.812,0.044,
1450287768.54,-1.212,-11.104,0.192,-14.832,0.208,-2.824,0.044,
1450287768.56,-1.34,-11.22,0.42,-14.8,0.208,-2.852,0.056,
1450287768.56,-1.368,-11.132,0.26,-14.832,0.216,-2.864,0.056,
1450287768.57,-1.4,-11.132,0.26,-14.864,0.2,-2.852,0.036,
1450287768.58,-1.4,-11.304,0.292,-14.864,0.216,-2.864,0.044,
1450287768.6,-1.464,-11.336,0.292,-14.992,0.216,-2.844,0.036,
1450287768.6,-1.432,-11.276,0.388,-15.052,0.236,-2.832,0.044,
1450287768.61,-1.432,-11.248,0.356,-15.052,0.216,-2.832,0.064,
1450287768.62,-1.556,-11.276,0.292,-15.024,0.228,-2.852,0.044,
1450287768.64,-1.496,-11.276,0.452,-15.084,0.216,-2.844,0.044,
1450287768.64,-1.496,-11.336,0.356,-15.148,0.216,-2.832,0.056,
1450287768.65,-1.588,-11.42,0.388,-15.276,0.228,-2.844,0.056,
1450287768.67,-1.712,-11.336,0.324,-15.308,0.228,-2.832,0.044,
1450287768.69,-1.652,-11.392,0.356,-15.244,0.26,-2.812,0.056,
1450287768.69,-1.524,-11.392,0.452,-15.308,0.284,-2.784,0.044,
1450287768.7,-1.276,-11.448,0.324,-15.308,0.284,-2.804,0.056,
1450287768.71,-1.244,-11.536,0.42,-15.372,0.296,-2.824,0.044,
1450287768.73,-1.368,-11.536,0.356,-15.4,0.296,-2.812,0.044,
1450287768.73,-1.464,-11.564,0.26,-15.432,0.284,-2.804,0.056,
1450287768.74,-1.556,-11.564,0.192,-15.496,0.296,-2.776,0.064,
1450287768.75,-1.432,-11.62,0.388,-15.56,0.312,-2.764,0.036,
1450287768.77,-1.524,-11.652,0.452,-15.56,0.336,-2.736,0.056,
1450287768.77,-1.496,-11.652,0.224,-15.56,0.352,-2.704,0.044,
1450287768.78,-1.556,-11.708,0.324,-15.656,0.372,-2.684,0.044,
1450287768.79,-1.368,-11.736,0.356,-15.844,0.38,-2.636,0.036,
1450287768.81,-1.524,-11.792,0.52,-15.972,0.372,-2.584,0.044,
1450287768.81,-1.556,-11.908,0.388,-16.004,0.344,-2.544,0.036,
1450287768.82,-1.524,-12.14,0.292,-16.036,0.336,-2.544,0.056,
1450287768.83,-1.368,-12.252,0.292,-16.068,0.336,-2.536,0.044,
1450287768.86,-1.588,-12.424,0.356,-16.068,0.344,-2.536,0.064,
1450287768.86,-1.68,-12.684,0.292,-16.128,0.32,-2.564,0.044,
1450287768.87,-1.556,-12.856,0.26,-16.32,0.328,-2.576,0.056,
1450287768.88,-1.556,-12.856,0.292,-16.604,0.344,-2.556,0.044,
1450287768.9,-1.652,-12.828,0.356,-16.732,0.328,-2.604,0.044,
1450287768.9,-1.868,-12.8,0.388,-16.572,0.336,-2.636,0.036,
1450287768.91,-1.524,-12.684,0.292,-16.444,0.312,-2.604,0.056,
1450287768.92,-1.368,-12.74,0.356,-16.444,0.328,-2.556,0.044,
1450287768.94,-1.244,-12.884,0.324,-16.508,0.312,-2.536,0.044,
1450287768.94,-1.244,-13.084,0.26,-16.636,0.328,-2.536,0.056,
1450287768.95,-1.836,-13.084,0.292,-16.604,0.312,-2.556,0.036,
1450287768.96,-1.932,-12.828,0.324,-16.508,0.32,-2.516,0.056,
1450287768.98,-1.62,-12.568,0.292,-16.384,0.312,-2.504,0.044,
1450287768.98,-1.34,-12.396,0.356,-16.352,0.32,-2.496,0.056,
1450287768.99,-0.996,-12.424,0.356,-16.352,0.304,-2.476,0.044,
1450287769.0,-1.088,-12.424,0.388,-16.384,0.268,-2.504,0.044,
1450287769.02,-1.308,-12.312,0.356,-16.32,0.276,-2.536,0.056,
1450287769.03,-1.524,-12.108,0.26,-16.16,0.268,-2.556,0.044,
1450287769.03,-1.496,-11.908,0.26,-16.068,0.268,-2.536,0.036,
1450287769.05,-1.524,-11.936,0.452,-15.972,0.276,-2.536,0.044,
1450287769.07,-1.34,-11.88,0.388,-15.972,0.276,-2.524,0.044,
1450287769.07,-1.212,-11.852,0.324,-15.876,0.268,-2.536,0.036,
1450287769.08,-1.212,-11.88,0.224,-15.688,0.26,-2.556,0.036,
1450287769.09,-1.368,-11.708,0.388,-15.624,0.276,-2.564,0.028,
1450287769.11,-1.34,-11.592,0.484,-15.592,0.26,-2.536,0.044,
1450287769.11,-1.12,-11.68,0.42,-15.56,0.268,-2.576,0.044,
1450287769.12,-1.152,-11.652,0.324,-15.496,0.284,-2.584,0.056,
1450287769.13,-1.4,-11.564,0.356,-15.496,0.268,-2.616,0.044,
1450287769.15,-1.4,-11.536,0.356,-15.4,0.284,-2.684,0.044,
1450287769.15,-1.276,-11.536,0.324,-15.244,0.276,-2.736,0.036,
1450287769.16,-1.368,-11.48,0.26,-15.18,0.268,-2.764,0.028,
1450287769.17,-1.4,-11.392,0.484,-15.148,0.268,-2.812,0.036,
1450287769.19,-1.464,-11.364,0.26,-15.052,0.268,-2.832,0.044,
1450287769.2,-1.464,-11.164,0.324,-14.928,0.268,-2.792,0.044,
1450287769.21,-1.432,-11.02,0.292,-14.8,0.26,-2.764,0.036,
1450287769.22,-1.368,-10.876,0.292,-14.736,0.284,-2.764,0.044,
1450287769.24,-1.432,-10.732,0.292,-14.676,0.284,-2.764,0.044,
1450287769.24,-1.496,-10.472,0.26,-14.58,0.268,-2.784,0.056,
1450287769.25,-1.524,-10.332,0.224,-14.516,0.268,-2.784,0.028,
1450287769.26,-1.432,-10.444,0.42,-14.484,0.276,-2.744,0.044,
1450287769.28,-1.368,-10.676,0.42,-14.612,0.296,-2.724,0.044,
1450287769.28,-1.4,-10.76,0.324,-14.704,0.276,-2.776,0.056,
1450287769.29,-1.524,-10.76,0.356,-14.768,0.26,-2.832,0.044,
1450287769.3,-1.34,-10.616,0.388,-14.768,0.284,-2.832,0.044,
1450287769.32,-1.68,-10.532,0.324,-14.612,0.276,-2.852,0.044,
1450287769.32,-1.868,-10.616,0.388,-14.612,0.276,-2.844,0.028,
1450287769.33,-1.652,-10.788,0.26,-14.644,0.276,-2.844,0.036,
1450287769.34,-1.056,-10.904,0.26,-14.704,0.296,-2.832,0.056,
1450287769.37,-0.964,-11.104,0.388,-14.8,0.284,-2.852,0.044,
1450287769.37,-0.932,-11.048,0.42,-14.8,0.268,-2.872,0.056,
1450287769.38,-1.152,-11.132,0.26,-14.768,0.26,-2.884,0.028,
1450287769.39,-1.496,-11.192,0.192,-14.832,0.26,-2.864,0.044,
1450287769.41,-1.524,-11.364,0.224,-14.896,0.26,-2.884,0.056,
1450287769.41,-1.368,-11.364,0.324,-14.992,0.26,-2.892,0.056,
1450287769.42,-1.432,-11.276,0.292,-14.992,0.26,-2.952,0.044,
1450287769.43,-1.368,-11.304,0.356,-14.96,0.268,-2.944,0.044,
1450287769.45,-1.432,-11.336,0.26,-14.928,0.268,-2.904,0.044,
1450287769.45,-1.432,-11.304,0.224,-14.96,0.252,-2.872,0.056,
1450287769.46,-1.4,-11.304,0.192,-15.052,0.252,-2.884,0.028,
1450287769.47,-1.4,-11.364,0.224,-15.052,0.244,-2.872,0.036,
1450287769.49,-1.496,-11.392,0.356,-15.084,0.268,-2.844,0.044,
1450287769.49,-1.34,-11.276,0.324,-15.084,0.268,-2.884,0.056,
1450287769.5,-1.34,-11.364,0.356,-15.116,0.26,-2.964,0.036,
1450287769.51,-1.464,-11.42,0.356,-15.18,0.26,-2.952,0.056,
1450287769.54,-1.496,-11.48,0.292,-15.212,0.276,-2.964,0.044,
1450287769.54,-1.432,-11.48,0.292,-15.276,0.26,-2.932,0.044,
1450287769.55,-1.4,-11.508,0.452,-15.372,0.276,-2.924,0.056,
1450287769.56,-1.368,-11.48,0.42,-15.34,0.26,-2.904,0.036,
1450287769.58,-1.368,-11.364,0.356,-15.276,0.26,-2.884,0.028,
1450287769.58,-1.34,-11.364,0.324,-15.34,0.276,-2.864,0.056,
1450287769.59,-1.464,-11.62,0.192,-15.432,0.268,-2.884,0.044,
1450287769.6,-1.432,-11.736,0.192,-15.432,0.26,-2.912,0.036,
1450287769.62,-1.34,-11.62,0.292,-15.432,0.26,-2.884,0.056,
1450287769.62,-1.432,-11.508,0.26,-15.372,0.268,-2.884,0.044,
1450287769.63,-1.588,-11.564,0.26,-15.432,0.276,-2.884,0.064,
1450287769.64,-1.62,-11.824,0.324,-15.56,0.268,-2.844,0.044,
1450287769.66,-1.464,-11.88,0.224,-15.72,0.284,-2.792,0.028,
1450287769.66,-1.088,-11.852,0.26,-15.844,0.276,-2.744,0.056,
1450287769.67,-1.34,-11.908,0.388,-15.972,0.26,-2.724,0.044,
1450287769.68,-1.556,-11.964,0.224,-15.94,0.276,-2.704,0.044,
1450287769.7,-1.464,-12.28,0.292,-15.94,0.26,-2.736,0.028,
1450287769.7,-1.496,-12.396,0.324,-16.036,0.26,-2.764,0.036,
1450287769.71,-1.464,-12.54,0.452,-16.16,0.268,-2.812,0.056,
1450287769.73,-1.4,-12.54,0.292,-16.352,0.268,-2.872,0.056,
1450287769.75,-1.368,-12.484,0.26,-16.476,0.268,-2.912,0.036,
1450287769.75,-1.244,-12.568,0.224,-16.508,0.252,-2.924,0.044,
1450287769.76,-1.152,-12.8,0.26,-16.476,0.252,-2.932,0.056,
1450287769.77,-1.212,-12.94,0.356,-16.476,0.26,-2.964,0.056,
1450287769.79,-1.276,-12.884,0.356,-16.54,0.244,-2.952,0.056,
1450287769.79,-1.244,-12.656,0.324,-16.7,0.252,-2.964,0.044,
1450287769.8,-1.184,-12.512,0.224,-16.732,0.236,-2.984,0.056,
1450287769.81,-1.152,-12.568,0.292,-16.636,0.244,-3.004,0.056,
1450287769.83,-1.184,-12.74,0.224,-16.604,0.252,-2.984,0.044,
1450287769.83,-1.152,-12.712,0.224,-16.7,0.236,-2.964,0.056,
1450287769.84,-1.212,-12.856,0.356,-16.7,0.252,-3.004,0.056,
1450287769.85,-1.308,-12.74,0.292,-16.732,0.244,-3.012,0.044,
1450287769.87,-1.244,-12.568,0.292,-16.604,0.228,-3.012,0.036,
1450287769.87,-1.212,-12.424,0.324,-16.604,0.244,-3.012,0.044,
1450287769.89,-1.088,-12.452,0.42,-16.604,0.244,-3.044,0.044,
1450287769.9,-1.152,-12.424,0.16,-16.508,0.228,-3.072,0.044,
1450287769.92,-1.368,-12.252,0.356,-16.54,0.26,-3.084,0.056,
1450287769.92,-1.496,-11.964,0.26,-16.384,0.244,-3.044,0.044,
1450287769.93,-1.588,-11.936,0.356,-16.288,0.26,-2.992,0.044,
1450287769.94,-1.368,-11.936,0.292,-16.096,0.252,-2.984,0.036,
1450287769.96,-1.464,-11.88,0.324,-16.004,0.244,-2.984,0.044,
1450287769.96,-1.524,-11.88,0.388,-15.972,0.244,-2.952,0.036,
1450287769.97,-1.652,-11.88,0.128,-15.972,0.244,-2.992,0.036,
1450287769.98,-1.496,-11.792,0.26,-15.972,0.26,-3.052,0.044,
1450287770.0,-1.464,-11.736,0.388,-15.908,0.268,-3.084,0.036,
1450287770.0,-1.524,-11.708,0.26,-15.908,0.284,-3.104,0.064,
1450287770.01,-1.464,-11.68,0.26,-15.876,0.284,-3.092,0.036,
1450287770.02,-1.68,-11.792,0.192,-15.812,0.284,-3.012,0.056,
1450287770.04,-1.744,-11.764,0.388,-15.78,0.276,-2.984,0.036,
1450287770.04,-1.776,-11.68,0.356,-15.688,0.284,-2.884,0.044,
1450287770.05,-1.464,-11.708,0.26,-15.592,0.26,-2.864,0.044,
1450287770.06,-1.34,-11.764,0.452,-15.496,0.268,-2.812,0.044,
1450287770.08,-1.432,-11.652,0.128,-15.34,0.268,-2.792,0.044,
1450287770.08,-1.34,-11.62,0.324,-15.244,0.26,-2.764,0.044,
1450287770.09,-1.496,-11.508,0.224,-15.116,0.268,-2.684,0.044,
1450287770.1,-1.4,-11.42,0.292,-15.084,0.252,-2.724,0.044,
1450287770.13,-1.276,-11.248,0.356,-15.052,0.252,-2.716,0.044,
1450287770.13,-1.308,-11.048,0.224,-15.084,0.26,-2.756,0.056,
1450287770.14,-1.12,-10.848,0.292,-15.084,0.252,-2.804,0.036,
1450287770.15,-1.34,-10.876,0.16,-14.96,0.26,-2.792,0.056,
1450287770.17,-1.34,-10.676,0.356,-14.896,0.252,-2.776,0.036,
1450287770.17,-1.34,-10.504,0.324,-14.768,0.26,-2.724,0.044,
1450287770.18,-1.308,-10.788,0.292,-14.644,0.252,-2.684,0.056,
1450287770.19,-1.244,-11.132,0.26,-14.768,0.252,-2.656,0.056,
1450287770.21,-1.34,-11.076,0.26,-14.896,0.252,-2.664,0.044,
1450287770.21,-1.152,-10.876,0.356,-14.896,0.252,-2.756,0.056,
1450287770.22,-1.152,-11.02,0.292,-14.736,0.26,-2.764,0.044,
1450287770.23,-1.212,-11.02,0.26,-14.704,0.252,-2.684,0.056,
1450287770.25,-1.276,-11.02,0.26,-14.736,0.26,-2.596,0.036,
1450287770.25,-1.308,-11.104,0.26,-14.736,0.26,-2.564,0.044,
1450287770.26,-1.212,-11.22,0.388,-14.736,0.268,-2.584,0.036,
1450287770.27,-1.12,-11.164,0.356,-14.832,0.268,-2.564,0.056,
1450287770.3,-1.028,-11.192,0.388,-14.832,0.26,-2.496,0.028,
1450287770.3,-1.276,-11.192,0.26,-14.8,0.26,-2.504,0.036,
1450287770.31,-1.432,-11.164,0.324,-14.704,0.284,-2.496,0.056,
1450287770.32,-1.244,-11.276,0.224,-14.832,0.252,-2.484,0.056,
1450287770.34,-1.368,-11.304,0.452,-14.928,0.304,-2.484,0.036,
1450287770.34,-1.588,-11.276,0.224,-14.96,0.328,-2.544,0.044,
1450287770.35,-1.496,-11.336,0.324,-14.896,0.328,-2.596,0.044,
1450287770.36,-1.524,-11.42,0.26,-14.96,0.352,-2.584,0.056,
1450287770.38,-1.464,-11.536,0.388,-14.992,0.36,-2.556,0.036,
1450287770.38,-1.308,-11.42,0.356,-15.052,0.352,-2.596,0.044,
1450287770.39,-1.588,-11.48,0.356,-15.024,0.352,-2.604,0.056,
1450287770.4,-1.556,-11.652,0.452,-15.052,0.36,-2.536,0.044,
1450287770.42,-1.836,-11.708,0.356,-15.116,0.36,-2.436,0.036,
1450287770.43,-2.024,-11.62,0.388,-15.052,0.396,-2.424,0.044,
1450287770.43,-1.9,-11.62,0.26,-15.052,0.396,-2.444,0.036,
1450287770.45,-1.776,-11.564,0.388,-15.116,0.42,-2.424,0.056,
1450287770.47,-1.68,-11.62,0.292,-15.084,0.404,-2.484,0.036,
1450287770.47,-1.712,-11.708,0.224,-15.116,0.404,-2.556,0.036,
1450287770.48,-2.024,-11.62,0.26,-15.18,0.404,-2.604,0.044,
1450287770.49,-1.9,-11.592,0.16,-15.148,0.396,-2.604,0.056,
1450287770.51,-1.96,-11.62,0.324,-15.116,0.412,-2.576,0.036,
1450287770.51,-1.992,-11.564,0.292,-15.116,0.388,-2.556,0.044,
1450287770.52,-1.992,-11.62,0.224,-15.116,0.38,-2.544,0.056,
1450287770.53,-1.932,-11.708,0.324,-15.116,0.412,-2.596,0.044,
1450287770.55,-1.652,-11.68,0.224,-15.18,0.396,-2.684,0.044,
1450287770.55,-1.652,-11.68,0.324,-15.34,0.388,-2.792,0.044,
1450287770.56,-1.868,-11.708,0.292,-15.4,0.372,-2.852,0.044,
1450287770.57,-1.744,-11.592,0.192,-15.592,0.388,-2.872,0.064,
1450287770.59,-1.804,-11.736,0.292,-15.72,0.372,-2.912,0.044,
1450287770.6,-1.836,-11.824,0.26,-15.748,0.372,-2.912,0.036,
1450287770.61,-1.588,-11.908,0.324,-15.844,0.372,-2.892,0.028,
1450287770.62,-1.776,-12.024,0.388,-15.94,0.372,-2.852,0.044,
1450287770.64,-1.776,-12.14,0.292,-15.972,0.36,-2.824,0.056,
1450287770.64,-1.932,-12.168,0.388,-15.972,0.372,-2.804,0.064,
1450287770.65,-1.932,-12.252,0.324,-16.036,0.372,-2.784,0.036,
1450287770.66,-1.744,-12.452,0.224,-16.068,0.344,-2.764,0.036,
1450287770.68,-1.496,-12.54,0.224,-16.128,0.352,-2.824,0.036,
1450287770.68,-1.34,-12.568,0.388,-16.32,0.336,-2.884,0.064,
1450287770.69,-1.432,-12.656,0.42,-16.444,0.328,-2.964,0.044,
1450287770.7,-1.588,-12.628,0.356,-16.412,0.312,-3.012,0.056,
1450287770.72,-1.62,-12.568,0.192,-16.412,0.312,-3.024,0.036,
1450287770.72,-1.652,-12.484,0.324,-16.352,0.32,-2.964,0.044,
1450287770.73,-1.368,-12.512,0.324,-16.288,0.336,-2.912,0.036,
1450287770.74,-1.244,-12.512,0.324,-16.412,0.32,-2.832,0.036,
1450287770.76,-1.244,-12.512,0.292,-16.572,0.304,-2.884,0.044,
1450287770.76,-1.4,-12.452,0.292,-16.604,0.284,-2.952,0.056,
1450287770.77,-1.308,-12.452,0.26,-16.572,0.276,-3.072,0.056,
1450287770.78,-1.184,-12.396,0.388,-16.54,0.268,-3.152,0.044,
1450287770.8,-1.152,-12.424,0.292,-16.476,0.252,-3.152,0.044,
1450287770.81,-1.308,-12.452,0.324,-16.476,0.268,-3.092,0.044,
1450287770.81,-1.34,-12.424,0.26,-16.476,0.26,-3.012,0.036,
1450287770.82,-1.308,-12.424,0.224,-16.476,0.268,-2.972,0.036,
1450287770.85,-1.308,-12.396,0.26,-16.476,0.26,-2.944,0.056,
1450287770.85,-1.276,-12.396,0.356,-16.444,0.268,-2.912,0.044,
1450287770.86,-1.12,-12.34,0.388,-16.384,0.252,-3.012,0.044,
1450287770.87,-1.152,-12.252,0.26,-16.32,0.252,-3.092,0.044,
1450287770.89,-1.368,-12.28,0.224,-16.32,0.252,-3.192,0.064,
1450287770.89,-1.588,-12.196,0.292,-16.288,0.244,-3.24,0.044,
1450287770.9,-1.368,-12.196,0.324,-16.352,0.236,-3.232,0.044,
1450287770.91,-1.184,-12.14,0.26,-16.352,0.244,-3.184,0.044,
1450287770.93,-1.152,-12.108,0.324,-16.32,0.252,-3.112,0.044,
1450287770.93,-1.244,-12.168,0.224,-16.256,0.244,-3.084,0.056,
1450287770.94,-1.588,-12.196,0.292,-16.256,0.216,-3.064,0.056,
1450287770.95,-1.464,-12.196,0.224,-16.32,0.228,-3.104,0.044,
1450287770.97,-1.432,-12.168,0.292,-16.352,0.216,-3.2,0.056,
1450287770.97,-1.368,-12.168,0.292,-16.444,0.236,-3.252,0.044,
1450287770.98,-1.276,-12.196,0.324,-16.476,0.216,-3.292,0.044,
1450287770.99,-1.152,-12.252,0.292,-16.444,0.192,-3.26,0.044,
1450287771.01,-0.996,-12.28,0.224,-16.384,0.192,-3.184,0.036,
1450287771.01,-1.308,-12.224,0.324,-16.384,0.2,-3.104,0.044,
1450287771.02,-1.308,-12.196,0.26,-16.352,0.2,-3.012,0.044,
1450287771.03,-1.34,-12.196,0.224,-16.384,0.184,-2.952,0.028,
1450287771.06,-1.212,-12.14,0.16,-16.32,0.192,-2.992,0.056,
1450287771.06,-1.056,-12.14,0.292,-16.32,0.208,-3.064,0.056,
1450287771.07,-1.276,-12.14,0.324,-16.256,0.208,-3.064,0.028,
1450287771.08,-1.212,-12.08,0.224,-16.224,0.176,-3.044,0.056,
1450287771.1,-1.152,-12.052,0.324,-16.224,0.176,-3.004,0.056,
1450287771.1,-1.212,-12.14,0.26,-16.128,0.184,-2.904,0.056,
1450287771.11,-1.276,-12.108,0.292,-16.128,0.168,-2.736,0.044,
1450287771.12,-1.34,-11.936,0.26,-16.096,0.124,-2.656,0.056,
1450287771.14,-1.244,-11.936,0.26,-16.004,0.124,-2.616,0.044,
1450287771.14,-1.276,-12.108,0.292,-16.004,0.124,-2.604,0.036,
1450287771.15,-1.152,-12.052,0.42,-16.068,0.132,-2.616,0.056,
1450287771.16,-1.184,-12.024,0.324,-16.096,0.124,-2.744,0.056,
1450287771.18,-1.308,-12.052,0.192,-16.096,0.132,-2.832,0.036,
1450287771.18,-1.308,-12.08,0.224,-16.096,0.108,-2.864,0.036,
1450287771.19,-1.152,-12.108,0.292,-16.16,0.116,-2.804,0.044,
1450287771.2,-1.056,-12.052,0.388,-16.128,0.116,-2.776,0.044,
1450287771.22,-1.088,-12.024,0.26,-16.068,0.124,-2.724,0.044,
1450287771.22,-1.212,-12.052,0.128,-16.068,0.132,-2.676,0.044,
1450287771.23,-1.276,-12.024,0.388,-16.068,0.108,-2.716,0.056,
1450287771.24,-1.088,-11.996,0.16,-16.068,0.116,-2.764,0.056,
1450287771.26,-0.996,-11.996,0.26,-16.068,0.1,-2.852,0.044,
1450287771.27,-1.184,-11.88,0.356,-16.004,0.124,-2.852,0.044,
1450287771.27,-1.152,-11.736,0.388,-16.036,0.116,-2.832,0.056,
1450287771.29,-1.308,-11.792,0.16,-15.876,0.108,-2.804,0.064,
1450287771.31,-1.12,-12.14,0.356,-15.876,0.108,-2.736,0.064,
1450287771.31,-1.184,-11.936,0.292,-15.876,0.108,-2.724,0.044,
1450287771.32,-1.34,-11.736,0.26,-15.972,0.108,-2.716,0.056,
1450287771.33,-0.776,-11.68,0.356,-15.844,0.1,-2.736,0.056,
1450287771.35,-0.84,-11.792,0.26,-15.748,-0.016,-2.704,0.044,
1450287771.35,-1.028,-11.824,0.16,-15.812,-0.2,-2.616,0.044,
1450287771.36,-1.088,-11.792,0.16,-15.812,-0.32,-2.644,0.036,
1450287771.37,-1.212,-11.792,0.128,-15.72,-0.304,-2.696,0.064,
1450287771.39,-1.056,-11.708,0.032,-15.72,-0.236,-2.664,0.056,
1450287771.39,-0.748,-11.736,0.16,-15.748,-0.14,-2.644,0.044,
1450287771.4,-0.776,-11.792,0.26,-15.72,-0.048,-2.656,0.036,
1450287771.41,-0.776,-11.792,0.324,-15.688,0.016,-2.664,0.044,
1450287771.43,-0.776,-11.708,0.192,-15.624,0.056,-2.676,0.044,
1450287771.43,-0.748,-11.708,0.292,-15.592,0.056,-2.644,0.036,
1450287771.44,-0.308,-11.68,0.356,-15.592,0.056,-2.636,0.036,
1450287771.45,-0.372,-11.764,0.324,-15.624,0.032,-2.656,0.036,
1450287771.47,-0.404,-11.764,0.16,-15.592,0.048,-2.644,0.044,
1450287771.48,-0.652,-11.708,0.224,-15.528,0.048,-2.656,0.044,
1450287771.49,-0.748,-11.736,0.324,-15.464,0.064,-2.644,0.036,
1450287771.5,-0.652,-11.652,0.388,-15.464,0.092,-2.676,0.044,
1450287771.52,-0.776,-11.536,0.26,-15.432,0.108,-2.664,0.056,
1450287771.52,-0.872,-11.536,0.192,-15.432,0.116,-2.684,0.044,
1450287771.53,-0.808,-11.62,0.388,-15.372,0.124,-2.696,0.036,
1450287771.54,-0.84,-11.508,0.26,-15.34,0.124,-2.696,0.036,
1450287771.56,-1.056,-11.364,0.356,-15.308,0.14,-2.696,0.044,
1450287771.56,-0.84,-11.42,0.388,-15.276,0.14,-2.724,0.044,
1450287771.57,-0.996,-11.508,0.26,-15.308,0.14,-2.676,0.036,
1450287771.58,-1.056,-11.448,0.324,-15.308,0.14,-2.684,0.044,
1450287771.6,-1.152,-11.448,0.324,-15.308,0.152,-2.684,0.044,
1450287771.6,-1.12,-11.536,0.388,-15.34,0.168,-2.704,0.056,
1450287771.61,-1.12,-11.508,0.356,-15.34,0.16,-2.664,0.028,
1450287771.62,-1.244,-11.536,0.388,-15.308,0.152,-2.684,0.044,
1450287771.65,-1.368,-11.564,0.324,-15.244,0.152,-2.676,0.044,
1450287771.65,-1.184,-11.42,0.292,-15.244,0.16,-2.624,0.044,
1450287771.66,-1.308,-11.304,0.324,-15.276,0.16,-2.664,0.044,
1450287771.67,-1.212,-11.364,0.26,-15.212,0.16,-2.684,0.044,
1450287771.69,-1.4,-11.304,0.324,-15.212,0.168,-2.676,0.056,
1450287771.69,-1.556,-11.276,0.224,-15.212,0.168,-2.676,0.064,
1450287771.7,-1.588,-11.304,0.26,-15.244,0.184,-2.676,0.044,
1450287771.71,-1.556,-11.364,0.26,-15.276,0.16,-2.696,0.028,
1450287771.73,-1.62,-11.364,0.26,-15.276,0.168,-2.676,0.056,
1450287771.73,-1.4,-11.276,0.26,-15.244,0.16,-2.664,0.056,
1450287771.74,-1.62,-11.392,0.42,-15.308,0.168,-2.656,0.044,
1450287771.75,-1.556,-11.508,0.096,-15.372,0.16,-2.656,0.044,
1450287771.77,-1.804,-11.448,0.324,-15.464,0.14,-2.656,0.044,
1450287771.77,-1.96,-11.48,0.292,-15.464,0.14,-2.616,0.044,
1450287771.78,-1.62,-11.448,0.128,-15.372,0.124,-2.616,0.044,
1450287771.79,-1.68,-11.48,0.356,-15.432,0.124,-2.556,0.036,
1450287771.82,-1.432,-11.536,0.26,-15.432,0.132,-2.516,0.056,
1450287771.82,-1.432,-11.536,0.224,-15.432,0.124,-2.524,0.056,
1450287771.83,-1.432,-11.536,0.26,-15.432,0.116,-2.544,0.056,
1450287771.84,-1.496,-11.536,0.224,-15.372,0.116,-2.524,0.036,
1450287771.86,-1.244,-11.48,0.42,-15.432,0.124,-2.536,0.036,
1450287771.86,-1.244,-11.448,0.324,-15.4,0.124,-2.584,0.044,
1450287771.87,-1.028,-11.392,0.192,-15.4,0.124,-2.604,0.044,
1450287771.88,-1.212,-11.364,0.388,-15.372,0.116,-2.604,0.036,
1450287771.9,-1.212,-11.448,0.292,-15.372,0.132,-2.636,0.044,
1450287771.9,-1.12,-11.448,0.42,-15.34,0.124,-2.544,0.044,
1450287771.91,-1.088,-11.336,0.324,-15.372,0.132,-2.504,0.044,
1450287771.92,-1.152,-11.164,0.324,-15.34,0.14,-2.444,0.056,
1450287771.94,-0.996,-11.276,0.356,-15.308,0.14,-2.444,0.044,
1450287771.95,-1.088,-11.276,0.356,-15.276,0.124,-2.424,0.044,
1450287771.95,-1.212,-11.104,0.356,-15.34,0.116,-2.476,0.044,
1450287771.97,-1.056,-11.104,0.388,-15.34,0.132,-2.564,0.044,
1450287771.99,-1.028,-11.304,0.388,-15.372,0.124,-2.584,0.044,
1450287771.99,-1.212,-11.248,0.356,-15.432,0.116,-2.584,0.044,
1450287772.0,-1.12,-11.192,0.324,-15.464,0.124,-2.616,0.056,
1450287772.01,-1.152,-11.276,0.292,-15.464,0.132,-2.616,0.056,
1450287772.03,-1.152,-11.336,0.388,-15.464,0.124,-2.584,0.036,
1450287772.03,-1.184,-11.192,0.452,-15.464,0.124,-2.544,0.044,
1450287772.04,-1.152,-11.276,0.356,-15.496,0.132,-2.576,0.056,
1450287772.05,-1.212,-11.448,0.388,-15.56,0.124,-2.616,0.036,
1450287772.07,-1.244,-11.42,0.292,-15.592,0.124,-2.604,0.044,
1450287772.07,-1.368,-11.42,0.388,-15.624,0.132,-2.736,0.056,
1450287772.08,-1.464,-11.392,0.356,-15.72,0.124,-2.884,0.044,
1450287772.09,-1.308,-11.42,0.356,-15.72,0.14,-2.952,0.036,
1450287772.11,-1.4,-11.42,0.292,-15.688,0.124,-2.964,0.044,
1450287772.11,-1.4,-11.364,0.292,-15.624,0.116,-2.944,0.036,
1450287772.12,-1.34,-11.364,0.388,-15.592,0.108,-2.892,0.064,
1450287772.13,-1.4,-11.304,0.356,-15.56,0.124,-2.864,0.056,
1450287772.16,-1.4,-11.304,0.356,-15.592,0.116,-2.824,0.036,
1450287772.16,-1.4,-11.276,0.292,-15.528,0.116,-2.792,0.056,
1450287772.17,-1.464,-11.248,0.224,-15.4,0.116,-2.812,0.056,
1450287772.18,-1.308,-11.248,0.324,-15.372,0.124,-2.812,0.036,
1450287772.2,-1.028,-11.22,0.356,-15.432,0.124,-2.824,0.044,
1450287772.2,-1.308,-11.22,0.324,-15.432,0.132,-2.852,0.044,
1450287772.21,-1.4,-11.248,0.192,-15.4,0.124,-2.864,0.044,
1450287772.22,-1.368,-11.364,0.42,-15.464,0.124,-2.872,0.044,
1450287772.24,-1.308,-11.248,0.324,-15.432,0.132,-2.912,0.044,
1450287772.24,-1.464,-11.164,0.452,-15.372,0.116,-2.884,0.044,
1450287772.25,-1.244,-11.192,0.388,-15.4,0.124,-2.824,0.044,
1450287772.26,-1.184,-11.276,0.356,-15.432,0.132,-2.736,0.044,
1450287772.29,-1.464,-11.364,0.356,-15.432,0.132,-2.704,0.056,
1450287772.29,-1.432,-11.304,0.128,-15.464,0.124,-2.696,0.036,
1450287772.3,-1.34,-11.276,0.356,-15.432,0.124,-2.696,0.044,
1450287772.31,-1.276,-11.304,0.356,-15.432,0.116,-2.716,0.044,
1450287772.33,-1.524,-11.276,0.292,-15.432,0.124,-2.684,0.044,
1450287772.33,-1.588,-11.248,0.324,-15.4,0.132,-2.664,0.044,
1450287772.34,-1.556,-11.248,0.388,-15.372,0.132,-2.564,0.036,
1450287772.35,-1.4,-11.22,0.192,-15.244,0.116,-2.516,0.036,
1450287772.37,-1.056,-11.248,0.42,-15.212,0.108,-2.464,0.056,
1450287772.37,-0.932,-11.164,0.26,-15.084,0.116,-2.456,0.044,
1450287772.38,-1.212,-11.104,0.356,-14.992,0.116,-2.484,0.036,
1450287772.39,-1.212,-11.104,0.292,-14.992,0.1,-2.516,0.044,
1450287772.41,-1.152,-10.992,0.26,-14.992,0.1,-2.564,0.044,
1450287772.41,-1.4,-10.904,0.356,-15.052,0.092,-2.604,0.044,
1450287772.42,-1.184,-10.992,0.16,-15.084,-0.064,-2.644,0.044,
1450287772.43,-1.212,-11.076,0.224,-15.052,-0.236,-2.664,0.056,
1450287772.45,-1.244,-11.048,0.192,-15.052,-0.336,-2.644,0.056,
1450287772.45,-0.964,-11.048,0.16,-15.052,-0.328,-2.604,0.036,
1450287772.46,-0.84,-11.104,0.16,-15.052,-0.244,-2.564,0.044,
1450287772.47,-0.62,-11.104,0.032,-15.052,-0.184,-2.544,0.056,
1450287772.5,-0.776,-11.164,0.224,-15.116,-0.124,-2.576,0.056,
1450287772.5,-0.716,-11.192,0.16,-15.18,-0.084,-2.624,0.044,
1450287772.51,-0.528,-11.22,0.128,-15.18,-0.064,-2.656,0.044,
1450287772.52,-0.404,-11.276,0.224,-15.276,-0.064,-2.664,0.056,
1450287772.54,-0.464,-11.304,0.192,-15.34,-0.064,-2.644,0.044,
1450287772.54,-0.464,-11.392,0.192,-15.372,-0.084,-2.676,0.044,
1450287772.55,-0.436,-11.448,0.096,-15.4,-0.116,-2.684,0.056,
1450287772.56,-0.436,-11.536,0.192,-15.432,-0.124,-2.756,0.044,
1450287772.58,-0.464,-11.564,0.26,-15.464,-0.124,-2.824,0.044,
1450287772.58,-0.404,-11.508,0.224,-15.496,-0.116,-2.852,0.044,
1450287772.59,-0.56,-11.48,0.324,-15.528,-0.092,-2.884,0.056,
1450287772.6,-0.464,-11.42,0.26,-15.56,-0.092,-2.832,0.036,
1450287772.62,-0.56,-11.448,0.26,-15.56,-0.108,-2.812,0.056,
1450287772.62,-0.56,-11.448,0.16,-15.464,-0.092,-2.764,0.044,
1450287772.63,-0.28,-11.448,0.224,-15.464,-0.092,-2.744,0.044,
1450287772.65,-0.372,-11.364,0.224,-15.432,-0.076,-2.736,0.044,
1450287772.67,-0.372,-11.392,0.16,-15.464,-0.016,-2.776,0.044,
1450287772.67,-0.34,-11.364,0.324,-15.464,0.04,-2.844,0.044,
1450287772.68,-0.372,-11.276,0.324,-15.432,0.084,-2.844,0.056,
1450287772.69,-0.464,-11.304,0.42,-15.308,0.084,-2.792,0.044,
1450287772.71,-0.436,-11.304,0.324,-15.276,0.056,-2.724,0.044,
1450287772.71,-0.964,-11.22,0.26,-15.244,0.048,-2.684,0.028,
1450287772.72,-1.4,-11.132,0.324,-15.244,0.048,-2.696,0.044,
1450287772.73,-1.308,-11.276,0.224,-15.244,0.076,-2.664,0.056,
1450287772.75,-1.308,-11.192,0.452,-15.244,0.116,-2.644,0.044,
1450287772.75,-0.996,-11.132,0.26,-15.212,0.132,-2.644,0.044,
1450287772.76,-0.932,-11.22,0.324,-15.084,0.14,-2.616,0.044,
1450287772.77,-0.776,-11.22,0.324,-15.116,0.132,-2.636,0.044,
1450287772.79,-0.932,-11.132,0.324,-15.116,0.16,-2.624,0.036,
1450287772.79,-1.276,-11.164,0.324,-15.084,0.168,-2.644,0.044,
1450287772.8,-1.652,-11.132,0.324,-15.18,0.168,-2.656,0.036,
1450287772.81,-1.652,-11.132,0.356,-15.18,0.208,-2.676,0.036,
1450287772.84,-1.308,-11.104,0.292,-15.18,0.436,-2.716,0.056,
1450287772.84,-1.308,-11.104,0.42,-15.116,0.592,-2.756,0.056,
1450287772.85,-1.276,-11.192,0.552,-15.116,0.656,-2.764,0.056,
1450287772.86,-1.652,-11.164,0.52,-15.18,0.624,-2.764,0.028,
1450287772.88,-1.776,-11.132,0.484,-15.244,0.524,-2.764,0.044,
1450287772.88,-1.932,-11.132,0.452,-15.212,0.404,-2.744,0.044,
1450287772.89,-2.056,-11.164,0.452,-15.212,0.32,-2.724,0.044,
1450287772.9,-2.116,-11.164,0.452,-15.212,0.304,-2.696,0.036,
1450287772.92,-2.116,-11.22,0.356,-15.18,0.38,-2.744,0.044,
1450287772.92,-2.148,-11.22,0.52,-15.212,0.504,-2.764,0.044,
1450287772.93,-2.024,-11.22,0.484,-15.244,0.592,-2.812,0.056,
1450287772.94,-2.244,-11.22,0.452,-15.34,0.632,-2.844,0.028,
1450287772.96,-2.368,-11.164,0.356,-15.276,0.624,-2.884,0.036,
1450287772.96,-2.4,-11.164,0.552,-15.308,0.572,-2.904,0.056,
1450287772.97,-2.368,-11.164,0.52,-15.34,0.48,-2.884,0.044,
1450287772.98,-2.336,-11.164,0.388,-15.276,0.388,-2.844,0.016,
1450287773.01,-2.336,-11.164,0.388,-15.34,0.312,-2.844,0.044,
1450287773.01,-2.46,-11.104,0.52,-15.276,0.26,-2.784,0.036,
1450287773.02,-2.428,-11.192,0.26,-15.244,0.236,-2.764,0.056,
1450287773.03,-2.616,-11.364,0.292,-15.276,0.184,-2.724,0.044,
1450287773.05,-2.524,-11.304,0.356,-15.276,0.184,-2.736,0.036,
1450287773.05,-2.368,-11.22,0.356,-15.244,0.176,-2.764,0.056,
1450287773.06,-2.4,-11.132,0.42,-15.244,0.176,-2.776,0.036,
1450287773.07,-1.992,-11.248,0.224,-15.244,0.176,-2.736,0.036,
1450287773.09,-2.024,-11.364,0.292,-15.244,0.152,-2.684,0.036,
1450287773.09,-2.336,-11.364,0.324,-15.212,0.152,-2.684,0.044,
1450287773.1,-2.4,-11.22,0.224,-15.212,0.132,-2.696,0.056,
1450287773.11,-2.272,-11.276,0.16,-15.18,0.132,-2.684,0.044,
1450287773.13,-2.024,-11.336,0.192,-15.18,0.116,-2.616,0.044,
1450287773.13,-1.9,-11.248,0.096,-15.212,0.124,-2.544,0.044,
1450287773.14,-1.992,-11.276,0.192,-15.148,0.124,-2.536,0.044,
1450287773.15,-1.932,-11.276,0.224,-15.084,0.132,-2.416,0.036,
1450287773.18,-1.9,-11.248,0.192,-15.084,0.124,-2.368,0.044,
1450287773.18,-1.836,-11.248,0.16,-15.084,0.116,-2.376,0.044,
1450287773.19,-1.932,-11.276,0.26,-15.116,0.1,-2.444,0.036,
1450287773.2,-1.836,-11.22,0.26,-15.116,0.124,-2.496,0.044,
1450287773.22,-1.524,-11.192,0.128,-15.18,0.108,-2.504,0.036,
1450287773.22,-1.244,-11.248,0.26,-15.18,0.1,-2.496,0.044,
1450287773.23,-1.184,-11.304,0.224,-15.244,0.108,-2.464,0.056,
1450287773.24,-1.244,-11.364,0.192,-15.244,0.092,-2.444,0.036,
1450287773.26,-1.276,-11.42,0.192,-15.276,0.084,-2.424,0.036,
1450287773.26,-1.212,-11.508,0.16,-15.34,0.048,-2.424,0.056,
1450287773.27,-1.152,-11.536,0.26,-15.464,0.064,-2.444,0.044,
1450287773.28,-1.088,-11.508,0.26,-15.496,0.064,-2.484,0.056,
1450287773.3,-1.12,-11.536,0.26,-15.496,0.064,-2.544,0.044,
1450287773.31,-1.152,-11.592,0.292,-15.592,0.064,-2.544,0.044,
1450287773.31,-1.12,-11.652,0.224,-15.624,0.076,-2.544,0.044,
1450287773.33,-1.152,-11.708,0.292,-15.592,0.076,-2.524,0.044,
1450287773.35,-0.9,-11.708,0.224,-15.624,0.084,-2.524,0.036,
1450287773.35,-1.244,-11.68,0.292,-15.56,0.084,-2.536,0.044,
1450287773.36,-1.12,-11.652,0.128,-15.56,0.084,-2.516,0.044,
1450287773.37,-1.244,-11.564,0.26,-15.56,0.084,-2.476,0.044,
1450287773.39,-1.276,-11.536,0.292,-15.496,0.092,-2.536,0.036,
1450287773.39,-1.152,-11.508,0.324,-15.4,0.084,-2.576,0.044,
1450287773.4,-1.212,-11.448,0.356,-15.432,0.092,-2.656,0.056,
1450287773.41,-1.244,-11.364,0.16,-15.4,0.084,-2.724,0.044,
1450287773.43,-1.308,-11.364,0.064,-15.4,0.1,-2.776,0.036,
1450287773.43,-1.212,-11.276,0.292,-15.34,0.084,-2.832,0.036,
1450287773.44,-1.212,-11.22,0.292,-15.34,0.084,-2.812,0.056,
1450287773.45,-1.244,-11.304,0.16,-15.34,0.084,-2.832,0.036,
1450287773.47,-1.308,-11.248,0.26,-15.34,0.092,-2.764,0.044,
1450287773.48,-1.464,-11.22,0.096,-15.308,0.056,-2.736,0.036,
1450287773.49,-1.276,-11.276,0.192,-15.244,0.032,-2.684,0.056,
1450287773.5,-1.184,-11.164,0.26,-15.244,0.008,-2.684,0.044,
1450287773.52,-1.212,-11.248,0.292,-15.212,-0.016,-2.676,0.044,
1450287773.52,-1.184,-11.336,0.16,-15.212,-0.092,-2.704,0.044,
1450287773.53,-0.996,-11.304,0.096,-15.276,-0.132,-2.736,0.056,
1450287773.54,-1.12,-11.276,0.26,-15.34,-0.176,-2.756,0.044,
1450287773.56,-1.12,-11.364,0.032,-15.34,-0.236,-2.776,0.044,
1450287773.56,-0.808,-11.248,0.16,-15.372,-0.236,-2.776,0.044,
1450287773.57,-0.716,-11.276,0.096,-15.34,-0.228,-2.744,0.044,
1450287773.58,-0.684,-11.304,0.224,-15.244,-0.208,-2.676,0.056,
1450287773.6,-0.84,-11.276,0.192,-15.244,-0.216,-2.684,0.056,
1450287773.6,-0.932,-11.304,0.128,-15.276,-0.284,-2.676,0.064,
1450287773.61,-0.996,-11.276,0.128,-15.308,-0.344,-2.676,0.036,
1450287773.62,-0.84,-11.248,0.032,-15.276,-0.388,-2.716,0.044,
1450287773.64,-0.684,-11.276,0.128,-15.308,-0.344,-2.724,0.056,
1450287773.64,-0.436,-11.22,0.16,-15.244,-0.304,-2.736,0.056,
1450287773.65,-0.464,-11.248,0.292,-15.212,-0.228,-2.736,0.036,
1450287773.66,-0.496,-11.336,0.224,-15.18,-0.1,-2.744,0.044,
1450287773.69,-0.464,-11.336,0.292,-15.276,0.024,-2.676,0.044,
1450287773.69,-0.34,-11.248,0.324,-15.34,0.092,-2.656,0.056,
1450287773.7,-0.436,-11.304,0.292,-15.308,0.084,-2.676,0.036,
1450287773.71,-0.496,-11.304,0.26,-15.308,0.092,-2.664,0.056,
1450287773.73,-0.372,-11.336,0.356,-15.308,0.092,-2.696,0.056,
1450287773.73,-0.404,-11.364,0.388,-15.34,0.092,-2.716,0.044,
1450287773.74,-0.528,-11.336,0.324,-15.372,0.076,-2.764,0.056,
1450287773.75,-0.496,-11.304,0.484,-15.372,0.092,-2.824,0.036,
1450287773.77,-0.372,-11.276,0.388,-15.432,0.116,-2.844,0.056,
1450287773.77,-0.308,-11.392,0.42,-15.464,0.192,-2.824,0.056,
1450287773.78,-0.34,-11.364,0.552,-15.464,0.36,-2.804,0.044,
1450287773.79,-0.404,-11.364,0.584,-15.464,0.428,-2.764,0.036,
1450287773.81,-0.404,-11.42,0.584,-15.432,0.412,-2.744,0.044,
1450287773.81,-0.404,-11.536,0.388,-15.432,0.344,-2.764,0.056,
1450287773.82,-0.404,-11.508,0.68,-15.496,0.304,-2.784,0.044,
1450287773.83,-0.464,-11.508,0.584,-15.496,0.276,-2.804,0.036,
1450287773.86,-0.404,-11.536,0.484,-15.496,0.26,-2.844,0.036,
1450287773.86,-0.496,-11.448,0.584,-15.496,0.312,-2.844,0.044,
1450287773.87,-1.056,-11.364,0.452,-15.464,0.36,-2.844,0.044,
1450287773.88,-2.056,-11.392,0.552,-15.432,0.352,-2.776,0.036,
1450287773.9,-2.648,-11.448,0.356,-15.372,0.372,-2.756,0.044,
1450287773.9,-2.584,-11.336,0.324,-15.432,0.404,-2.744,0.044,
1450287773.91,-1.992,-11.276,0.42,-15.4,0.404,-2.784,0.036,
1450287773.92,-1.152,-11.336,0.356,-15.34,0.336,-2.844,0.036,
1450287773.94,-0.964,-11.304,0.42,-15.34,0.26,-2.844,0.044,
1450287773.94,-1.432,-11.276,0.356,-15.276,0.208,-2.824,0.056,
1450287773.95,-1.96,-11.392,0.356,-15.308,0.176,-2.832,0.056,
1450287773.96,-2.088,-11.448,0.324,-15.308,0.176,-2.784,0.044,
1450287773.98,-1.744,-11.276,0.16,-15.34,0.184,-2.804,0.044,
1450287773.98,-1.524,-11.22,0.224,-15.34,0.228,-2.844,0.044,
1450287773.99,-1.244,-11.276,0.42,-15.34,0.268,-2.832,0.044,
1450287774.01,-1.308,-11.304,0.388,-15.34,0.252,-2.812,0.044,
1450287774.03,-1.652,-11.304,0.388,-15.34,0.252,-2.736,0.044,
1450287774.03,-1.992,-11.336,0.356,-15.34,0.26,-2.676,0.044,
1450287774.04,-2.148,-11.364,0.388,-15.34,0.268,-2.616,0.044,
1450287774.05,-1.776,-11.48,0.388,-15.432,0.268,-2.524,0.044,
1450287774.07,-1.34,-11.448,0.452,-15.432,0.244,-2.456,0.044,
1450287774.07,-1.276,-11.392,0.324,-15.372,0.236,-2.416,0.036,
1450287774.08,-1.244,-11.42,0.224,-15.34,0.236,-2.436,0.056,
1450287774.09,-1.652,-11.42,0.324,-15.308,0.228,-2.388,0.036,
1450287774.11,-1.868,-11.364,0.388,-15.308,0.244,-2.336,0.056,
1450287774.11,-2.148,-11.364,0.324,-15.308,0.252,-2.348,0.056,
1450287774.12,-2.056,-11.364,0.324,-15.308,0.276,-2.376,0.064,
1450287774.13,-1.9,-11.248,0.324,-15.34,0.296,-2.404,0.028,
1450287774.15,-1.368,-11.276,0.356,-15.276,0.276,-2.416,0.044,
1450287774.16,-1.12,-11.392,0.356,-15.244,0.276,-2.456,0.044,
1450287774.17,-1.308,-11.364,0.356,-15.212,0.228,-2.464,0.044,
1450287774.18,-1.556,-11.276,0.42,-15.244,0.236,-2.476,0.044,
1450287774.2,-1.804,-11.276,0.26,-15.212,0.26,-2.524,0.036,
1450287774.2,-1.836,-11.276,0.324,-15.244,0.284,-2.496,0.036,
1450287774.21,-1.556,-11.276,0.452,-15.244,0.312,-2.516,0.044,
1450287774.22,-1.496,-11.304,0.42,-15.244,0.32,-2.524,0.036,
1450287774.24,-1.588,-11.248,0.224,-15.212,0.296,-2.524,0.036,
1450287774.24,-1.68,-11.304,0.292,-15.212,0.284,-2.536,0.044,
1450287774.25,-1.804,-11.364,0.42,-15.244,0.276,-2.524,0.056,
1450287774.26,-1.992,-11.364,0.324,-15.34,0.284,-2.556,0.044,
1450287774.28,-1.868,-11.304,0.26,-15.34,0.284,-2.604,0.056,
1450287774.28,-1.68,-11.248,0.356,-15.276,0.304,-2.624,0.044,
1450287774.29,-1.432,-11.336,0.388,-15.308,0.304,-2.716,0.044,
1450287774.3,-1.68,-11.276,0.324,-15.308,0.276,-2.784,0.064,
1450287774.33,-1.868,-11.276,0.388,-15.34,0.268,-2.892,0.044,
1450287774.33,-1.992,-11.248,0.292,-15.34,0.26,-2.984,0.056,
1450287774.34,-1.836,-11.164,0.224,-15.34,0.268,-2.972,0.056,
1450287774.35,-1.804,-11.336,0.224,-15.34,0.268,-2.912,0.056,
1450287774.37,-1.744,-11.448,0.292,-15.308,0.26,-2.872,0.028,
1450287774.37,-1.556,-11.392,0.192,-15.308,0.268,-2.812,0.044,
1450287774.38,-1.368,-11.392,0.388,-15.244,0.252,-2.756,0.044,
1450287774.39,-1.368,-11.42,0.224,-15.244,0.216,-2.736,0.044,
1450287774.41,-1.432,-11.364,0.292,-15.276,0.192,-2.736,0.036,
1450287774.41,-1.744,-11.448,0.388,-15.244,0.208,-2.764,0.056,
1450287774.42,-1.68,-11.392,0.292,-15.244,0.2,-2.832,0.044,
1450287774.43,-1.524,-11.364,0.224,-15.212,0.208,-2.832,0.044,
1450287774.45,-1.276,-11.304,0.292,-15.244,0.216,-2.812,0.044,
1450287774.45,-1.088,-11.248,0.324,-15.212,0.192,-2.792,0.044,
1450287774.46,-1.34,-11.364,0.324,-15.18,0.2,-2.784,0.044,
1450287774.47,-1.464,-11.364,0.324,-15.18,0.184,-2.744,0.036,
1450287774.5,-1.464,-11.248,0.26,-15.18,0.16,-2.704,0.044,
1450287774.5,-1.464,-11.276,0.292,-15.18,0.152,-2.664,0.044,
1450287774.51,-1.276,-11.304,0.26,-15.148,0.176,-2.664,0.044,
1450287774.52,-1.308,-11.304,0.356,-15.18,0.176,-2.684,0.044,
1450287774.54,-1.276,-11.392,0.224,-15.148,0.16,-2.724,0.044,
1450287774.54,-1.496,-11.364,0.26,-15.18,0.168,-2.684,0.028,
1450287774.55,-1.496,-11.364,0.356,-15.212,0.152,-2.616,0.036,
1450287774.56,-1.308,-11.364,0.388,-15.244,0.152,-2.544,0.044,
1450287774.58,-1.244,-11.448,0.324,-15.212,0.168,-2.504,0.056,
1450287774.58,-1.368,-11.392,0.324,-15.244,0.176,-2.484,0.044,
1450287774.59,-1.432,-11.364,0.356,-15.212,0.152,-2.496,0.044,
1450287774.6,-1.276,-11.392,0.324,-15.244,0.14,-2.524,0.044,
1450287774.62,-1.152,-11.42,0.324,-15.244,0.168,-2.536,0.056,
1450287774.62,-1.184,-11.392,0.292,-15.276,0.16,-2.556,0.036,
1450287774.63,-1.4,-11.364,0.324,-15.276,0.152,-2.604,0.056,
1450287774.64,-1.34,-11.392,0.42,-15.212,0.152,-2.596,0.044,
1450287774.67,-1.212,-11.392,0.292,-15.212,0.16,-2.584,0.056,
1450287774.67,-1.244,-11.364,0.26,-15.212,0.176,-2.604,0.044,
1450287774.68,-1.244,-11.304,0.452,-15.212,0.168,-2.576,0.044,
1450287774.69,-1.464,-11.364,0.388,-15.212,0.152,-2.636,0.056,
1450287774.71,-1.496,-11.364,0.292,-15.244,0.168,-2.564,0.064,
1450287774.71,-1.34,-11.336,0.292,-15.18,0.184,-2.584,0.044,
1450287774.72,-1.212,-11.336,0.324,-15.212,0.192,-2.576,0.044,
1450287774.73,-1.368,-11.392,0.292,-15.212,0.168,-2.564,0.044,
1450287774.75,-1.496,-11.508,0.324,-15.212,0.16,-2.584,0.044,
1450287774.75,-1.556,-11.48,0.324,-15.212,0.168,-2.584,0.056,
1450287774.76,-1.244,-11.42,0.324,-15.18,0.176,-2.616,0.036,
1450287774.77,-1.34,-11.508,0.356,-15.212,0.184,-2.636,0.036,
1450287774.79,-1.34,-11.536,0.292,-15.244,0.176,-2.644,0.056,
1450287774.79,-1.496,-11.364,0.26,-15.18,0.168,-2.736,0.036,
1450287774.8,-1.652,-11.392,0.324,-15.18,0.184,-2.776,0.036,
1450287774.81,-1.524,-11.536,0.324,-15.212,0.176,-2.872,0.044,
1450287774.83,-1.432,-11.508,0.324,-15.244,0.192,-2.884,0.056,
1450287774.84,-1.432,-11.448,0.388,-15.244,0.184,-2.884,0.056,
1450287774.85,-1.4,-11.508,0.26,-15.212,0.176,-2.864,0.056,
1450287774.86,-1.432,-11.536,0.42,-15.212,0.184,-2.776,0.044,
1450287774.88,-1.68,-11.48,0.356,-15.212,0.192,-2.756,0.044,
1450287774.88,-1.68,-11.508,0.292,-15.18,0.184,-2.736,0.044,
1450287774.89,-1.368,-11.508,0.324,-15.212,0.184,-2.736,0.044,
1450287774.9,-1.368,-11.536,0.292,-15.18,0.2,-2.756,0.044,
1450287774.92,-1.276,-11.48,0.224,-15.212,0.184,-2.776,0.044,
1450287774.92,-1.4,-11.508,0.356,-15.18,0.168,-2.784,0.044,
1450287774.93,-1.464,-11.508,0.224,-15.148,0.176,-2.784,0.056,
1450287774.94,-1.368,-11.364,0.324,-15.18,0.184,-2.764,0.036,
1450287774.96,-1.524,-11.48,0.324,-15.148,0.184,-2.756,0.044,
1450287774.96,-1.368,-11.62,0.324,-15.148,0.176,-2.792,0.056,
1450287774.97,-1.212,-11.42,0.356,-15.212,0.184,-2.792,0.036,
1450287774.98,-1.276,-11.364,0.324,-15.212,0.168,-2.776,0.056,
1450287775.01,-1.368,-11.42,0.388,-15.18,0.184,-2.784,0.044,
1450287775.01,-1.34,-11.536,0.26,-15.18,0.176,-2.724,0.036,
1450287775.02,-1.368,-11.508,0.224,-15.18,0.176,-2.676,0.056,
1450287775.03,-1.34,-11.508,0.324,-15.148,0.184,-2.676,0.044,
1450287775.05,-1.34,-11.536,0.324,-15.116,0.184,-2.676,0.044,
1450287775.05,-1.432,-11.564,0.452,-15.18,0.184,-2.664,0.036,
1450287775.06,-1.368,-11.508,0.356,-15.212,0.176,-2.676,0.056,
1450287775.07,-1.276,-11.42,0.292,-15.148,0.176,-2.696,0.036,
1450287775.09,-1.496,-11.592,0.26,-15.18,0.176,-2.724,0.036,
1450287775.09,-1.432,-11.536,0.292,-15.18,0.176,-2.724,0.056,
1450287775.1,-1.244,-11.42,0.224,-15.212,0.2,-2.736,0.056,
1450287775.11,-1.432,-11.508,0.292,-15.18,0.184,-2.744,0.028,
1450287775.13,-1.34,-11.48,0.224,-15.18,0.192,-2.716,0.036,
1450287775.13,-1.34,-11.508,0.292,-15.212,0.184,-2.676,0.044,
1450287775.14,-1.308,-11.564,0.324,-15.244,0.192,-2.644,0.044,
1450287775.15,-1.4,-11.62,0.292,-15.308,0.184,-2.604,0.044,
1450287775.18,-1.556,-11.536,0.292,-15.34,0.176,-2.584,0.036,
1450287775.18,-1.4,-11.62,0.356,-15.34,0.184,-2.556,0.036,
1450287775.19,-1.152,-11.68,0.324,-15.34,0.184,-2.576,0.044,
1450287775.2,-1.4,-11.62,0.324,-15.308,0.176,-2.564,0.036,
1450287775.22,-1.276,-11.62,0.388,-15.276,0.176,-2.576,0.056,
1450287775.22,-1.308,-11.62,0.324,-15.308,0.192,-2.604,0.044,
1450287775.23,-1.308,-11.62,0.324,-15.34,0.176,-2.656,0.064,
1450287775.24,-1.368,-11.564,0.292,-15.34,0.192,-2.684,0.044,
1450287775.26,-1.308,-11.536,0.192,-15.308,0.184,-2.724,0.036,
1450287775.26,-1.4,-11.536,0.324,-15.244,0.184,-2.736,0.056,
1450287775.27,-1.524,-11.508,0.26,-15.212,0.192,-2.724,0.044,
1450287775.28,-1.4,-11.536,0.388,-15.244,0.184,-2.704,0.044,
1450287775.3,-1.212,-11.536,0.26,-15.212,0.2,-2.704,0.056,
1450287775.3,-1.34,-11.508,0.16,-15.244,0.184,-2.656,0.044,
1450287775.31,-1.368,-11.508,0.26,-15.212,0.2,-2.644,0.056,
1450287775.32,-1.34,-11.48,0.292,-15.18,0.184,-2.616,0.044,
1450287775.35,-1.34,-11.48,0.224,-15.116,0.192,-2.596,0.056,
1450287775.35,-1.34,-11.536,0.324,-15.18,0.192,-2.604,0.044,
1450287775.36,-1.368,-11.48,0.452,-15.18,0.192,-2.604,0.044,
1450287775.37,-1.524,-11.42,0.292,-15.148,0.208,-2.664,0.044,
1450287775.39,-1.496,-11.42,0.292,-15.116,0.192,-2.684,0.044,
1450287775.39,-1.212,-11.48,0.388,-15.116,0.192,-2.704,0.044,
1450287775.4,-1.368,-11.336,0.356,-15.116,0.184,-2.736,0.044,
1450287775.41,-1.308,-11.364,0.224,-15.116,0.192,-2.744,0.036,
1450287775.43,-1.464,-11.564,0.16,-15.116,0.192,-2.756,0.044,
1450287775.43,-1.556,-11.564,0.42,-15.148,0.208,-2.724,0.028,
1450287775.44,-1.464,-11.48,0.356,-15.18,0.176,-2.704,0.044,
1450287775.45,-1.368,-11.48,0.292,-15.148,0.192,-2.716,0.044,
1450287775.47,-1.496,-11.508,0.26,-15.18,0.192,-2.696,0.044,
1450287775.47,-1.524,-11.508,0.356,-15.18,0.192,-2.704,0.056,
1450287775.48,-1.496,-11.42,0.224,-15.212,0.176,-2.696,0.044,
1450287775.49,-1.496,-11.536,0.324,-15.18,0.2,-2.684,0.056,
1450287775.51,-1.34,-11.62,0.16,-15.212,0.2,-2.696,0.056,
1450287775.52,-1.4,-11.564,0.356,-15.244,0.208,-2.724,0.036,
1450287775.53,-1.524,-11.536,0.292,-15.212,0.192,-2.764,0.044,
1450287775.54,-1.524,-11.508,0.292,-15.212,0.176,-2.776,0.044,
1450287775.56,-1.368,-11.42,0.356,-15.212,0.192,-2.776,0.044,
1450287775.56,-1.432,-11.508,0.356,-15.212,0.184,-2.756,0.056,
1450287775.57,-1.368,-11.536,0.356,-15.244,0.184,-2.736,0.036,
1450287775.58,-1.308,-11.508,0.324,-15.212,0.192,-2.744,0.036,
1450287775.6,-1.368,-11.448,0.224,-15.18,0.184,-2.716,0.044,
1450287775.6,-1.308,-11.508,0.356,-15.212,0.208,-2.684,0.056,
1450287775.61,-1.308,-11.536,0.356,-15.244,0.192,-2.684,0.044,
1450287775.62,-1.34,-11.364,0.324,-15.244,0.168,-2.696,0.056,
1450287775.64,-1.4,-11.336,0.356,-15.212,0.176,-2.716,0.044,
1450287775.64,-1.368,-11.448,0.292,-15.212,0.192,-2.696,0.044,
1450287775.65,-1.34,-11.508,0.324,-15.212,0.2,-2.676,0.044,
1450287775.66,-1.4,-11.508,0.224,-15.212,0.184,-2.684,0.036,
1450287775.68,-1.184,-11.448,0.324,-15.212,0.176,-2.696,0.056,
1450287775.68,-1.212,-11.448,0.26,-15.212,0.184,-2.696,0.044,
1450287775.69,-1.4,-11.448,0.388,-15.18,0.192,-2.696,0.044,
1450287775.7,-1.368,-11.448,0.356,-15.18,0.192,-2.704,0.044,
1450287775.73,-1.276,-11.42,0.224,-15.212,0.192,-2.744,0.036,
1450287775.73,-1.276,-11.448,0.324,-15.148,0.192,-2.744,0.056,
1450287775.74,-1.184,-11.364,0.356,-15.18,0.192,-2.716,0.036,
1450287775.75,-1.276,-11.364,0.292,-15.148,0.176,-2.716,0.044,
1450287775.77,-1.276,-11.392,0.388,-15.18,0.176,-2.696,0.044,
1450287775.77,-1.212,-11.42,0.42,-15.18,0.184,-2.684,0.044,
1450287775.78,-1.34,-11.42,0.292,-15.148,0.192,-2.676,0.044,
1450287775.79,-1.212,-11.42,0.324,-15.116,0.184,-2.684,0.044,
1450287775.81,-1.152,-11.364,0.388,-15.116,0.184,-2.704,0.044,
1450287775.81,-1.432,-11.42,0.26,-15.116,0.192,-2.696,0.044,
1450287775.82,-1.368,-11.392,0.16,-15.116,0.176,-2.704,0.056,
1450287775.83,-1.212,-11.448,0.324,-15.116,0.184,-2.704,0.056,
1450287775.85,-1.4,-11.364,0.42,-15.148,0.184,-2.696,0.044,
1450287775.85,-1.12,-11.364,0.324,-15.18,0.176,-2.736,0.044,
1450287775.86,-1.368,-11.536,0.26,-15.18,0.176,-2.792,0.044,
1450287775.87,-1.524,-11.48,0.292,-15.212,0.176,-2.824,0.056,
1450287775.9,-1.34,-11.364,0.324,-15.212,0.176,-2.832,0.036,
1450287775.9,-1.276,-11.42,0.356,-15.212,0.176,-2.884,0.044,
1450287775.91,-1.244,-11.536,0.324,-15.244,0.176,-2.844,0.044,
1450287775.92,-1.34,-11.536,0.356,-15.244,0.184,-2.824,0.044,
1450287775.94,-1.308,-11.536,0.356,-15.276,0.192,-2.852,0.044,
1450287775.94,-1.556,-11.536,0.356,-15.244,0.184,-2.872,0.036,
1450287775.95,-1.368,-11.42,0.26,-15.276,0.168,-2.844,0.056,
1450287775.96,-1.308,-11.276,0.292,-15.308,0.176,-2.844,0.044,
1450287775.98,-1.088,-11.364,0.324,-15.244,0.176,-2.832,0.036,
1450287775.98,-1.056,-11.448,0.324,-15.244,0.176,-2.832,0.036,
1450287775.99,-1.308,-11.536,0.356,-15.244,0.176,-2.804,0.044,
1450287776.0,-1.588,-11.276,0.324,-15.212,0.16,-2.844,0.044,
1450287776.02,-1.496,-11.364,0.26,-15.244,0.176,-2.864,0.036,
1450287776.03,-1.276,-11.42,0.292,-15.244,0.192,-2.864,0.056,
1450287776.03,-0.9,-11.336,0.388,-15.212,0.184,-2.852,0.044,
1450287776.05,-1.184,-11.364,0.452,-15.18,0.168,-2.852,0.044,
1450287776.07,-1.244,-11.508,0.224,-15.116,0.184,-2.852,0.044,
1450287776.07,-1.244,-11.392,0.324,-15.148,0.184,-2.832,0.044,
1450287776.08,-1.184,-11.276,0.42,-15.116,0.2,-2.824,0.056,
1450287776.09,-1.276,-11.304,0.224,-15.084,0.168,-2.784,0.044,
1450287776.11,-1.276,-11.364,0.292,-15.116,0.184,-2.764,0.036,
1450287776.11,-1.276,-11.276,0.26,-15.052,0.176,-2.756,0.064,
1450287776.12,-1.34,-11.276,0.26,-15.052,0.176,-2.736,0.084,
1450287776.13,-1.34,-11.364,0.26,-15.052,0.184,-2.744,0.056,
1450287776.15,-1.028,-11.336,0.388,-15.052,0.184,-2.776,0.064,
1450287776.15,-1.088,-11.276,0.356,-15.084,0.184,-2.784,0.044,
1450287776.16,-1.244,-11.22,0.42,-15.084,0.176,-2.824,0.036,
1450287776.17,-1.556,-11.248,0.224,-15.052,0.176,-2.844,0.044,
1450287776.19,-1.464,-11.336,0.224,-15.052,0.184,-2.824,0.044,
1450287776.19,-1.34,-11.336,0.324,-15.084,0.176,-2.804,0.056,
1450287776.2,-0.964,-11.364,0.356,-15.084,0.168,-2.804,0.044,
1450287776.21,-1.088,-11.364,0.324,-15.084,0.168,-2.844,0.036,
1450287776.23,-1.308,-11.276,0.224,-15.084,0.184,-2.904,0.036,
1450287776.23,-1.4,-11.364,0.324,-15.116,0.176,-2.912,0.056,
1450287776.24,-1.464,-11.304,0.356,-15.148,0.184,-2.912,0.056,
1450287776.25,-1.4,-11.336,0.26,-15.148,0.176,-2.852,0.044,
1450287776.28,-1.152,-11.392,0.356,-15.148,0.168,-2.824,0.044,
1450287776.28,-1.244,-11.364,0.324,-15.18,0.176,-2.764,0.044,
1450287776.29,-1.276,-11.336,0.42,-15.116,0.192,-2.764,0.056,
1450287776.3,-1.464,-11.42,0.292,-15.084,0.176,-2.804,0.044,
1450287776.32,-1.368,-11.364,0.26,-15.148,0.168,-2.804,0.036,
1450287776.32,-1.432,-11.336,0.356,-15.18,0.168,-2.844,0.036,
1450287776.33,-1.212,-11.364,0.388,-15.116,0.176,-2.832,0.028,
1450287776.34,-1.088,-11.364,0.356,-15.116,0.184,-2.824,0.028,
1450287776.36,-1.152,-11.364,0.292,-15.084,0.176,-2.824,0.044,
1450287776.36,-1.432,-11.336,0.292,-15.084,0.184,-2.792,0.044,
1450287776.37,-1.68,-11.304,0.292,-15.024,0.16,-2.792,0.056,
1450287776.38,-1.62,-11.192,0.26,-15.024,0.184,-2.776,0.036,
1450287776.4,-1.308,-11.164,0.292,-15.024,0.192,-2.776,0.044,
1450287776.4,-1.432,-11.276,0.42,-15.024,0.176,-2.764,0.056,
1450287776.41,-1.432,-11.42,0.192,-15.024,0.176,-2.744,0.044,
1450287776.42,-1.4,-11.364,0.388,-14.992,0.168,-2.756,0.036,
1450287776.44,-1.212,-11.304,0.452,-15.052,0.168,-2.804,0.056,
1450287776.44,-1.212,-11.336,0.452,-15.052,0.184,-2.784,0.044,
1450287776.45,-1.308,-11.364,0.42,-15.084,0.16,-2.776,0.056,
1450287776.47,-1.432,-11.364,0.324,-15.024,0.16,-2.776,0.028,
1450287776.49,-1.276,-11.42,0.292,-15.052,0.152,-2.756,0.044,
1450287776.49,-1.368,-11.392,0.292,-15.084,0.152,-2.736,0.044,
1450287776.5,-1.34,-11.276,0.42,-15.084,0.14,-2.724,0.056,
1450287776.51,-1.432,-11.364,0.356,-15.116,0.14,-2.756,0.064,
1450287776.53,-1.34,-11.448,0.356,-15.116,0.16,-2.776,0.036,
1450287776.53,-1.028,-11.42,0.292,-15.18,0.16,-2.756,0.044,
1450287776.54,-1.088,-11.448,0.356,-15.148,0.152,-2.804,0.036,
1450287776.55,-1.368,-11.448,0.292,-15.18,0.14,-2.832,0.036,
1450287776.57,-1.556,-11.448,0.356,-15.18,0.152,-2.832,0.036,
1450287776.57,-1.524,-11.42,0.42,-15.18,0.14,-2.844,0.044,
1450287776.58,-1.4,-11.508,0.292,-15.244,0.152,-2.852,0.056,
1450287776.59,-1.308,-11.508,0.324,-15.244,0.152,-2.872,0.056,
1450287776.62,-1.276,-11.448,0.356,-15.244,0.152,-2.904,0.044,
1450287776.62,-1.464,-11.48,0.356,-15.212,0.152,-2.884,0.044,
1450287776.63,-1.464,-11.48,0.324,-15.212,0.152,-2.892,0.056,
1450287776.64,-1.464,-11.448,0.292,-15.212,0.168,-2.884,0.036,
1450287776.66,-1.496,-11.448,0.388,-15.244,0.168,-2.912,0.036,
1450287776.66,-1.432,-11.508,0.388,-15.244,0.168,-2.904,0.064,
1450287776.67,-1.496,-11.42,0.324,-15.212,0.168,-2.864,0.044,
1450287776.68,-1.464,-11.248,0.388,-15.18,0.152,-2.832,0.044,
1450287776.7,-1.4,-11.304,0.324,-15.116,0.152,-2.812,0.044,
1450287776.7,-1.4,-11.42,0.26,-15.116,0.152,-2.764,0.036,
1450287776.71,-1.432,-11.448,0.292,-15.148,0.16,-2.776,0.056,
1450287776.72,-1.524,-11.42,0.26,-15.148,0.14,-2.824,0.028,
1450287776.74,-1.4,-11.22,0.192,-15.116,0.14,-2.852,0.044,
1450287776.74,-1.152,-11.22,0.324,-15.024,0.152,-2.872,0.044,
1450287776.75,-1.184,-11.364,0.356,-15.052,0.152,-2.844,0.044,
1450287776.77,-1.212,-11.42,0.292,-15.052,0.124,-2.892,0.044,
1450287776.79,-1.4,-11.364,0.42,-15.116,0.108,-2.864,0.044,
1450287776.79,-1.276,-11.248,0.26,-15.084,0.108,-2.884,0.044,
1450287776.8,-1.308,-11.248,0.26,-15.052,0.1,-2.824,0.044,
1450287776.81,-1.244,-11.276,0.224,-15.084,0.116,-2.724,0.044,
1450287776.83,-1.4,-11.42,0.26,-15.052,0.1,-2.724,0.028,
1450287776.83,-1.244,-11.392,0.26,-15.084,0.092,-2.776,0.056,
1450287776.84,-1.308,-11.276,0.292,-15.052,0.1,-2.776,0.044,
1450287776.85,-1.244,-11.392,0.324,-15.084,0.108,-2.784,0.056,
1450287776.87,-1.368,-11.336,0.26,-15.084,0.092,-2.812,0.036,
1450287776.87,-1.34,-11.336,0.26,-15.084,0.084,-2.824,0.036,
1450287776.88,-1.244,-11.392,0.26,-15.052,0.084,-2.852,0.056,
1450287776.89,-1.056,-11.448,0.292,-15.084,0.092,-2.832,0.044,
1450287776.91,-0.996,-11.364,0.26,-15.084,0.092,-2.804,0.036,
1450287776.91,-0.964,-11.276,0.26,-15.084,0.084,-2.804,0.036,
1450287776.92,-1.308,-11.42,0.26,-15.052,0.092,-2.776,0.044,
1450287776.93,-1.524,-11.364,0.26,-15.052,0.108,-2.776,0.036,
1450287776.95,-1.308,-11.336,0.356,-15.052,0.108,-2.776,0.044,
1450287776.96,-1.244,-11.42,0.292,-15.052,0.108,-2.804,0.044,
1450287776.97,-1.276,-11.392,0.324,-15.084,0.092,-2.832,0.056,
1450287776.98,-1.244,-11.304,0.356,-15.084,0.1,-2.872,0.056,
1450287777.0,-1.088,-11.364,0.324,-15.052,0.1,-2.884,0.044,
1450287777.0,-1.34,-11.304,0.42,-15.084,0.092,-2.904,0.028,
1450287777.01,-1.464,-11.304,0.388,-15.084,0.084,-2.912,0.036,
1450287777.02,-1.4,-11.336,0.26,-15.084,0.092,-2.912,0.036,
1450287777.04,-1.212,-11.364,0.16,-15.084,0.1,-2.904,0.064,
1450287777.04,-1.184,-11.392,0.292,-15.116,0.1,-2.872,0.044,
1450287777.05,-1.276,-11.42,0.324,-15.116,0.1,-2.852,0.044,
1450287777.06,-1.212,-11.42,0.356,-15.18,0.1,-2.832,0.056,
1450287777.08,-1.184,-11.508,0.192,-15.18,0.108,-2.792,0.044,
1450287777.08,-1.276,-11.42,0.26,-15.212,0.116,-2.824,0.028,
1450287777.09,-1.34,-11.42,0.452,-15.212,0.116,-2.844,0.036,
1450287777.1,-1.244,-11.508,0.224,-15.212,0.092,-2.844,0.044,
1450287777.13,-1.152,-11.508,0.324,-15.212,0.1,-2.864,0.044,
1450287777.13,-1.184,-11.392,0.324,-15.244,0.116,-2.824,0.044,
1450287777.14,-1.464,-11.42,0.292,-15.244,0.108,-2.812,0.044,
1450287777.15,-1.556,-11.536,0.224,-15.212,0.1,-2.824,0.044,
1450287777.17,-1.4,-11.448,0.26,-15.244,0.092,-2.812,0.044,
1450287777.17,-1.34,-11.42,0.324,-15.244,0.1,-2.844,0.036,
1450287777.18,-1.12,-11.508,0.26,-15.212,0.1,-2.884,0.044,
1450287777.19,-1.308,-11.508,0.324,-15.212,0.092,-2.852,0.044,
1450287777.21,-1.088,-11.42,0.26,-15.212,0.092,-2.824,0.044,
1450287777.21,-1.212,-11.508,0.292,-15.18,0.092,-2.832,0.036,
