1450287744.0,0.0,0.0,0.0,0.0,0.0,0.0,0.0,
1450287744.01,0.0,0.0,0.0,0.0,0.0,0.0,0.0,
1450287744.03,0.0,0.0,0.0,0.0,0.0,0.0,0.0,
1450287744.03,0.0,0.0,0.0,0.0,0.0,0.0,0.0,
1450287744.04,0.0,0.0,0.0,0.0,0.0,0.0,0.0,
1450287744.05,0.0,0.0,0.0,0.0,0.0,0.0,0.0,
1450287744.07,0.0,0.0,0.0,0.0,0.0,0.0,0.0,
1450287744.07,0.0,0.0,0.0,0.0,0.0,0.0,0.0,
1450287744.08,0.0,0.0,0.0,0.0,0.0,0.0,0.0,
1450287744.09,0.0,0.0,0.0,0.0,0.0,0.0,0.0,
1450287744.11,0.0,0.0,0.0,0.0,0.0,0.0,0.0,
1450287744.12,0.0,0.0,0.0,0.0,0.0,0.0,0.0,
1450287744.13,0.0,0.0,0.0,0.0,0.0,0.0,0.0,
1450287744.14,0.0,0.0,0.0,0.0,0.0,0.0,0.0,
1450287744.16,0.0,0.0,0.0,0.0,0.0,0.0,0.0,
1450287744.16,0.0,0.0,0.0,0.0,0.0,0.0,0.0,
1450287744.17,0.0,0.0,0.0,0.0,0.0,0.0,0.0,
1450287744.18,0.0,0.0,0.0,0.0,0.0,0.0,0.0,
1450287744.2,0.0,0.0,0.0,0.0,0.0,0.0,0.0,
1450287744.2,0.0,0.0,0.0,0.0,0.0,0.0,0.0,
1450287744.21,0.0,0.0,0.0,0.0,0.0,0.0,0.0,
1450287744.22,0.0,0.0,0.0,0.0,0.0,0.0,0.0,
1450287744.24,0.0,0.0,0.0,0.0,0.0,0.0,0.0,
1450287744.24,0.0,0.0,0.0,0.0,0.0,0.0,0.0,
1450287744.25,0.0,0.0,0.0,0.0,0.0,0.0,0.0,
1450287744.26,0.0,0.0,0.0,0.0,0.0,0.0,0.0,
1450287744.29,0.0,0.0,0.0,0.0,0.0,0.0,0.0,
1450287744.29,0.0,0.0,0.0,0.0,0.0,0.0,0.0,
1450287744.3,0.0,0.0,0.0,0.0,0.0,0.0,0.0,
1450287744.31,0.0,0.0,0.0,0.0,0.0,0.0,0.0,
1450287744.33,0.0,0.0,0.0,0.0,0.0,0.0,0.0,
1450287744.33,0.0,0.0,0.0,0.0,0.0,0.0,0.0,
1450287744.34,0.0,0.0,0.0,0.0,0.0,0.0,0.0,
1450287744.35,0.0,0.0,0.0,0.0,0.0,0.0,0.0,
1450287744.37,0.0,0.0,0.0,0.0,0.0,0.0,0.0,
1450287744.37,0.0,0.0,0.0,0.0,0.0,0.0,0.0,
1450287744.38,0.0,0.0,0.0,0.0,0.0,0.0,0.0,
1450287744.39,0.0,0.0,0.0,0.0,0.0,0.0,0.0,
1450287744.41,0.0,0.0,0.0,0.0,0.0,0.0,0.0,
1450287744.41,0.0,0.0,0.0,0.0,0.0,0.0,0.0,
1450287744.42,0.0,0.0,0.0,0.0,0.0,0.0,0.0,
1450287744.43,0.0,0.0,0.0,0.0,0.0,0.0,0.0,
1450287744.45,0.0,0.0,0.0,0.0,0.0,0.0,0.0,
1450287744.45,0.0,0.0,0.0,0.0,0.0,0.0,0.0,
1450287744.46,0.0,0.0,0.0,0.0,0.0,0.0,0.0,
1450287744.47,0.0,0.0,0.0,0.0,0.0,0.0,0.0,
1450287744.5,0.0,0.0,0.0,0.0,0.0,0.0,0.0,
1450287744.5,0.0,0.0,0.0,0.0,0.0,0.0,0.0,
1450287744.51,0.0,0.0,0.0,0.0,0.0,0.0,0.0,
1450287744.52,0.0,0.0,0.0,0.0,0.0,0.0,0.0,
1450287744.54,0.0,0.0,0.0,0.0,0.0,0.0,0.0,
1450287744.54,0.0,0.0,0.0,0.0,0.0,0.0,0.0,
1450287744.55,0.0,0.0,0.0,0.0,0.0,0.0,0.0,
1450287744.56,0.0,0.0,0.0,0.0,0.0,0.0,0.0,
1450287744.58,0.0,0.0,0.0,0.0,0.0,0.0,0.0,
1450287744.58,0.0,0.0,0.0,0.0,0.0,0.0,0.0,
1450287744.59,0.0,0.0,0.0,0.0,0.0,0.0,0.0,
1450287744.6,0.0,0.0,0.0,0.0,0.0,0.0,0.0,
1450287744.62,0.0,0.0,0.0,0.0,0.0,0.0,0.0,
1450287744.63,0.0,0.0,0.0,0.0,0.0,0.0,0.0,
1450287744.63,0.0,0.0,0.0,0.0,0.0,0.0,0.0,
1450287744.64,0.0,0.0,0.0,0.0,0.0,0.0,0.0,
1450287744.67,0.0,0.0,0.0,0.0,0.0,0.0,0.0,
1450287744.67,0.0,0.0,0.0,0.0,0.0,0.0,0.0,
1450287744.68,0.0,0.0,0.0,0.0,0.0,0.0,0.0,
1450287744.69,0.0,0.0,0.0,0.0,0.0,0.0,0.0,
1450287744.71,0.0,0.0,0.0,0.0,0.0,0.0,0.0,
1450287744.71,0.0,0.0,0.0,0.0,0.0,0.0,0.0,
1450287744.72,0.0,0.0,0.0,0.0,0.0,0.0,0.0,
1450287744.73,0.0,0.0,0.0,0.0,0.0,0.0,0.0,
1450287744.75,0.0,0.0,0.0,0.0,0.0,0.0,0.0,
1450287744.75,0.0,0.0,0.0,0.0,0.0,0.0,0.0,
1450287744.76,0.0,0.0,0.0,0.0,0.0,0.0,0.0,
1450287744.77,0.0,0.0,0.0,0.0,0.0,0.0,0.0,
1450287744.79,0.0,0.0,0.0,0.0,0.0,0.0,0.0,
1450287744.79,0.0,0.0,0.0,0.0,0.0,0.0,0.0,
1450287744.8,0.0,0.0,0.0,0.0,0.0,0.0,0.0,
1450287744.81,0.0,0.0,0.0,0.0,0.0,0.0,0.0,
1450287744.84,0.0,0.0,0.0,0.0,0.0,0.0,0.0,
1450287744.84,0.0,0.0,0.0,0.0,0.0,0.0,0.0,
1450287744.85,0.0,0.0,0.0,0.0,0.0,0.0,0.0,
1450287744.86,0.0,0.0,0.0,0.0,0.0,0.0,0.0,
1450287744.88,0.0,0.0,0.0,0.0,0.0,0.0,0.0,
1450287744.88,0.0,0.0,0.0,0.0,0.0,0.0,0.0,
1450287744.89,0.0,0.0,0.0,0.0,0.0,0.0,0.0,
1450287744.9,0.0,0.0,0.0,0.0,0.0,0.0,0.0,
1450287744.92,0.0,0.0,0.0,0.0,0.0,0.0,0.0,
1450287744.92,0.0,0.0,0.0,0.0,0.0,0.0,0.0,
1450287744.93,0.0,0.0,0.0,0.0,0.0,0.0,0.0,
1450287744.94,0.0,0.0,0.0,0.0,0.0,0.0,0.0,
1450287744.96,0.0,0.0,0.0,0.0,0.0,0.0,0.0,
1450287744.96,0.0,0.0,0.0,0.0,0.0,0.0,0.0,
1450287744.97,0.0,0.0,0.0,0.0,0.0,0.0,0.0,
1450287744.98,0.0,0.0,0.0,0.0,0.0,0.0,0.0,
1450287745.0,0.0,0.0,0.0,0.0,0.0,0.0,0.0,
1450287745.0,0.0,0.0,0.0,0.0,0.0,0.0,0.0,
1450287745.01,0.0,0.0,0.0,0.0,0.0,0.0,0.0,
1450287745.02,0.0,0.0,0.0,0.0,0.0,0.0,0.0,
1450287745.05,0.0,0.0,0.0,0.0,0.0,0.0,0.0,
1450287745.05,0.0,0.0,0.0,0.0,0.0,0.0,0.0,
1450287745.06,0.0,0.0,0.0,0.0,0.0,0.0,0.0,
1450287745.07,0.0,0.0,0.0,0.0,0.0,0.0,0.0,
1450287745.09,0.0,0.0,0.0,0.0,0.0,0.0,0.0,
1450287745.09,0.0,0.0,0.0,0.0,0.0,0.0,0.0,
1450287745.1,0.0,0.0,0.0,0.0,0.0,0.0,0.0,
1450287745.11,0.0,0.0,0.0,0.0,0.0,0.0,0.0,
1450287745.13,0.0,0.0,0.0,0.0,0.0,0.0,0.0,
1450287745.13,0.0,0.0,0.0,0.0,0.0,0.0,0.0,
1450287745.14,0.0,0.0,0.0,0.0,0.0,0.0,0.0,
1450287745.15,0.0,0.0,0.0,0.0,0.0,0.0,0.0,
1450287745.18,0.0,0.0,0.0,0.0,0.0,0.0,0.0,
1450287745.18,0.0,0.0,0.0,0.0,0.0,0.0,0.0,
1450287745.19,0.0,0.0,0.0,0.0,0.0,0.0,0.0,
1450287745.2,0.0,0.0,0.0,0.0,0.0,0.0,0.0,
1450287745.22,0.0,0.0,0.0,0.0,0.0,0.0,0.0,
1450287745.22,0.0,0.0,0.0,0.0,0.0,0.0,0.0,
1450287745.23,0.0,0.0,0.0,0.0,0.0,0.0,0.0,
1450287745.24,0.0,0.0,0.0,0.0,0.0,0.0,0.0,
1450287745.26,0.0,0.0,0.0,0.0,0.0,0.0,0.0,
1450287745.26,0.0,0.0,0.0,0.0,0.0,0.0,0.0,
1450287745.27,0.0,0.0,0.0,0.0,0.0,0.0,0.0,
1450287745.28,0.0,0.0,0.0,0.0,0.0,0.0,0.0,
1450287745.3,0.0,0.0,0.0,0.0,0.0,0.0,0.0,
1450287745.3,0.0,0.0,0.0,0.0,0.0,0.0,0.0,
1450287745.31,0.0,0.0,0.0,0.0,0.0,0.0,0.0,
1450287745.32,0.0,0.0,0.0,0.0,0.0,0.0,0.0,
1450287745.34,0.0,0.0,0.0,0.0,0.0,0.0,0.0,
1450287745.34,0.0,0.0,0.0,0.0,0.0,0.0,0.0,
1450287745.35,0.0,0.0,0.0,0.0,0.0,0.0,0.0,
1450287745.36,0.0,0.0,0.0,0.0,0.0,0.0,0.0,
1450287745.39,0.0,0.0,0.0,0.0,0.0,0.0,0.0,
1450287745.39,0.0,0.0,0.0,0.0,0.0,0.0,0.0,
1450287745.4,0.0,0.0,0.0,0.0,0.0,0.0,0.0,
1450287745.41,0.0,0.0,0.0,0.0,0.0,0.0,0.0,
1450287745.43,0.0,0.0,0.0,0.0,0.0,0.0,0.0,
1450287745.43,0.0,0.0,0.0,0.0,0.0,0.0,0.0,
1450287745.44,0.0,0.0,0.0,0.0,0.0,0.0,0.0,
1450287745.45,0.0,0.0,0.0,0.0,0.0,0.0,0.0,
1450287745.47,0.0,0.0,0.0,0.0,0.0,0.0,0.0,
1450287745.47,0.0,0.0,0.0,0.0,0.0,0.0,0.0,
1450287745.48,0.0,0.0,0.0,0.0,0.0,0.0,0.0,
1450287745.49,0.0,0.0,0.0,0.0,0.0,0.0,0.0,
1450287745.51,0.0,0.0,0.0,0.0,0.0,0.0,0.0,
1450287745.51,0.0,0.0,0.0,0.0,0.0,0.0,0.0,
1450287745.53,0.0,0.0,0.0,0.0,0.0,0.0,0.0,
1450287745.54,0.0,0.0,0.0,0.0,0.0,0.0,0.0,
1450287745.56,0.0,0.0,0.0,0.0,0.0,0.0,0.0,
1450287745.56,0.0,0.0,0.0,0.0,0.0,0.0,0.0,
1450287745.57,0.0,0.0,0.0,0.0,0.0,0.0,0.0,
1450287745.58,0.0,0.0,0.0,0.0,0.0,0.0,0.0,
1450287745.6,0.0,0.0,0.0,0.0,0.0,0.0,0.0,
1450287745.6,0.0,0.0,0.0,0.0,0.0,0.0,0.0,
1450287745.61,0.0,0.0,0.0,0.0,0.0,0.0,0.0,
1450287745.62,0.0,0.0,0.0,0.0,0.0,0.0,0.0,
1450287745.64,0.0,0.0,0.0,0.0,0.0,0.0,0.0,
1450287745.64,0.0,0.0,0.0,0.0,0.0,0.0,0.0,
1450287745.65,0.0,0.0,0.0,0.0,0.0,0.0,0.0,
1450287745.66,0.0,0.0,0.0,0.0,0.0,0.0,0.0,
1450287745.69,0.0,0.0,0.0,0.0,0.0,0.0,0.0,
1450287745.69,0.0,0.0,0.0,0.0,0.0,0.0,0.0,
1450287745.69,0.0,0.0,0.0,0.0,0.0,0.0,0.0,
1450287745.7,0.0,0.0,0.0,0.0,0.0,0.0,0.0,
1450287745.73,0.0,0.0,0.0,0.0,0.0,0.0,0.0,
1450287745.73,0.0,0.0,0.0,0.0,0.0,0.0,0.0,
1450287745.74,0.0,0.0,0.0,0.0,0.0,0.0,0.0,
1450287745.75,0.0,0.0,0.0,0.0,0.0,0.0,0.0,
1450287745.77,0.0,0.0,0.0,0.0,0.0,0.0,0.0,
1450287745.77,0.0,0.0,0.0,0.0,0.0,0.0,0.0,
1450287745.78,0.0,0.0,0.0,0.0,0.0,0.0,0.0,
1450287745.79,0.0,0.0,0.0,0.0,0.0,0.0,0.0,
1450287745.81,0.0,0.0,0.0,0.0,0.0,0.0,0.0,
1450287745.81,0.0,0.0,0.0,0.0,0.0,0.0,0.0,
1450287745.82,0.0,0.0,0.0,0.0,0.0,0.0,0.0,
1450287745.83,0.0,0.0,0.0,0.0,0.0,0.0,0.0,
1450287745.85,0.0,0.0,0.0,0.0,0.0,0.0,0.0,
1450287745.85,0.0,0.0,0.0,0.0,0.0,0.0,0.0,
1450287745.86,0.0,0.0,0.0,0.0,0.0,0.0,0.0,
1450287745.87,0.0,0.0,0.0,0.0,0.0,0.0,0.0,
1450287745.9,0.0,0.0,0.0,0.0,0.0,0.0,0.0,
1450287745.9,0.0,0.0,0.0,0.0,0.0,0.0,0.0,
1450287745.91,0.0,0.0,0.0,0.0,0.0,0.0,0.0,
1450287745.92,0.0,0.0,0.0,0.0,0.0,0.0,0.0,
1450287745.94,0.0,0.0,0.0,0.0,0.0,0.0,0.0,
1450287745.94,0.0,0.0,0.0,0.0,0.0,0.0,0.0,
1450287745.95,0.0,0.0,0.0,0.0,0.0,0.0,0.0,
1450287745.96,0.0,0.0,0.0,0.0,0.0,0.0,0.0,
1450287745.98,0.0,0.0,0.0,0.0,0.0,0.0,0.0,
1450287745.98,0.0,0.0,0.0,0.0,0.0,0.0,0.0,
1450287745.99,0.0,0.0,0.0,0.0,0.0,0.0,0.0,
1450287746.0,0.0,0.0,0.0,0.0,0.0,0.0,0.0,
1450287746.02,0.0,0.0,0.0,0.0,0.0,0.0,0.0,
1450287746.02,0.0,0.0,0.0,0.0,0.0,0.0,0.0,
1450287746.03,0.0,0.0,0.0,0.0,0.0,0.0,0.0,
1450287746.04,0.0,0.0,0.0,0.0,0.0,0.0,0.0,
1450287746.07,0.0,0.0,0.0,0.0,0.0,0.0,0.0,
1450287746.07,0.0,0.0,0.0,0.0,0.0,0.0,0.0,
1450287746.08,0.0,0.0,0.0,0.0,0.0,0.0,0.0,
1450287746.09,0.0,0.0,0.0,0.0,0.0,0.0,0.0,
1450287746.11,0.0,0.0,0.0,0.0,0.0,0.0,0.0,
1450287746.11,0.0,0.0,0.0,0.0,0.0,0.0,0.0,
1450287746.12,0.0,0.0,0.0,0.0,0.0,0.0,0.0,
1450287746.13,0.0,0.0,0.0,0.0,0.0,0.0,0.0,
1450287746.15,0.0,0.0,0.0,0.0,0.0,0.0,0.0,
1450287746.15,0.0,0.0,0.0,0.0,0.0,0.0,0.0,
1450287746.16,0.0,0.0,0.0,0.0,0.0,0.0,0.0,
1450287746.17,0.0,0.0,0.0,0.0,0.0,0.0,0.0,
1450287746.19,0.0,0.0,0.0,0.0,0.0,0.0,0.0,
1450287746.2,0.0,0.0,0.0,0.0,0.0,0.0,0.0,
1450287746.2,0.0,0.0,0.0,0.0,0.0,0.0,0.0,
1450287746.22,0.0,0.0,0.0,0.0,0.0,0.0,0.0,
1450287746.24,0.0,0.0,0.0,0.0,0.0,0.0,0.0,
1450287746.24,0.0,0.0,0.0,0.0,0.0,0.0,0.0,
1450287746.25,0.0,0.0,0.0,0.0,0.0,0.0,0.0,
1450287746.26,0.0,0.0,0.0,0.0,0.0,0.0,0.0,
1450287746.28,0.0,0.0,0.0,0.0,0.0,0.0,0.0,
1450287746.28,0.0,0.0,0.0,0.0,0.0,0.0,0.0,
1450287746.29,0.0,0.0,0.0,0.0,0.0,0.0,0.0,
1450287746.3,0.0,0.0,0.0,0.0,0.0,0.0,0.0,
1450287746.32,0.0,0.0,0.0,0.0,0.0,0.0,0.0,
1450287746.32,0.0,0.0,0.0,0.0,0.0,0.0,0.0,
1450287746.33,0.0,0.0,0.0,0.0,0.0,0.0,0.0,
1450287746.34,0.0,0.0,0.0,0.0,0.0,0.0,0.0,
1450287746.37,0.0,0.0,0.0,0.0,0.0,0.0,0.0,
1450287746.37,0.0,0.0,0.0,0.0,0.0,0.0,0.0,
1450287746.37,0.0,0.0,0.0,0.0,0.0,0.0,0.0,
1450287746.38,0.0,0.0,0.0,0.0,0.0,0.0,0.0,
1450287746.41,0.0,0.0,0.0,0.0,0.0,0.0,0.0,
1450287746.41,0.0,0.0,0.0,0.0,0.0,0.0,0.0,
1450287746.42,0.0,0.0,0.0,0.0,0.0,0.0,0.0,
1450287746.43,0.0,0.0,0.0,0.0,0.0,0.0,0.0,
1450287746.45,0.0,0.0,0.0,0.0,0.0,0.0,0.0,
1450287746.45,0.0,0.0,0.0,0.0,0.0,0.0,0.0,
1450287746.46,0.0,0.0,0.0,0.0,0.0,0.0,0.0,
1450287746.47,0.0,0.0,0.0,0.0,0.0,0.0,0.0,
1450287746.49,0.0,0.0,0.0,0.0,0.0,0.0,0.0,
1450287746.49,0.0,0.0,0.0,0.0,0.0,0.0,0.0,
1450287746.5,0.0,0.0,0.0,0.0,0.0,0.0,0.0,
1450287746.51,0.0,0.0,0.0,0.0,0.0,0.0,0.0,
1450287746.53,0.0,0.0,0.0,0.0,0.0,0.0,0.0,
1450287746.53,0.0,0.0,0.0,0.0,0.0,0.0,0.0,
1450287746.54,0.0,0.0,0.0,0.0,0.0,0.0,0.0,
1450287746.55,0.0,0.0,0.0,0.0,0.0,0.0,0.0,
1450287746.58,0.0,0.0,0.0,0.0,0.0,0.0,0.0,
1450287746.58,0.0,0.0,0.0,0.0,0.0,0.0,0.0,
1450287746.59,0.0,0.0,0.0,0.0,0.0,0.0,0.0,
1450287746.6,0.0,0.0,0.0,0.0,0.0,0.0,0.0,
1450287746.62,0.0,0.0,0.0,0.0,0.0,0.0,0.0,
1450287746.62,0.0,0.0,0.0,0.0,0.0,0.0,0.0,
1450287746.63,0.0,0.0,0.0,0.0,0.0,0.0,0.0,
1450287746.64,0.0,0.0,0.0,0.0,0.0,0.0,0.0,
1450287746.66,0.0,0.0,0.0,0.0,0.0,0.0,0.0,
1450287746.66,0.0,0.0,0.0,0.0,0.0,0.0,0.0,
1450287746.67,0.0,0.0,0.0,0.0,0.0,0.0,0.0,
1450287746.68,0.0,0.0,0.0,0.0,0.0,0.0,0.0,
1450287746.7,0.0,0.0,0.0,0.0,0.0,0.0,0.0,
1450287746.7,0.0,0.0,0.0,0.0,0.0,0.0,0.0,
1450287746.71,0.0,0.0,0.0,0.0,0.0,0.0,0.0,
1450287746.72,0.0,0.0,0.0,0.0,0.0,0.0,0.0,
1450287746.74,0.0,0.0,0.0,0.0,0.0,0.0,0.0,
1450287746.74,0.0,0.0,0.0,0.0,0.0,0.0,0.0,
1450287746.75,0.0,0.0,0.0,0.0,0.0,0.0,0.0,
1450287746.76,0.0,0.0,0.0,0.0,0.0,0.0,0.0,
1450287746.79,0.0,0.0,0.0,0.0,0.0,0.0,0.0,
1450287746.79,0.0,0.0,0.0,0.0,0.0,0.0,0.0,
1450287746.8,0.0,0.0,0.0,0.0,0.0,0.0,0.0,
1450287746.81,0.0,0.0,0.0,0.0,0.0,0.0,0.0,
1450287746.83,0.0,0.0,0.0,0.0,0.0,0.0,0.0,
1450287746.83,0.0,0.0,0.0,0.0,0.0,0.0,0.0,
1450287746.84,0.0,0.0,0.0,0.0,0.0,0.0,0.0,
1450287746.85,0.0,0.0,0.0,0.0,0.0,0.0,0.0,
1450287746.87,0.0,0.0,0.0,0.0,0.0,0.0,0.0,
1450287746.87,0.0,0.0,0.0,0.0,0.0,0.0,0.0,
1450287746.88,0.0,0.0,0.0,0.0,0.0,0.0,0.0,
1450287746.89,0.0,0.0,0.0,0.0,0.0,0.0,0.0,
1450287746.91,0.0,0.0,0.0,0.0,0.0,0.0,0.0,
1450287746.92,0.0,0.0,0.0,0.0,0.0,0.0,0.0,
1450287746.93,0.0,0.0,0.0,0.0,0.0,0.0,0.0,
1450287746.94,0.0,0.0,0.0,0.0,0.0,0.0,0.0,
1450287746.96,0.0,0.0,0.0,0.0,0.0,0.0,0.0,
1450287746.96,0.0,0.0,0.0,0.0,0.0,0.0,0.0,
1450287746.97,0.0,0.0,0.0,0.0,0.0,0.0,0.0,
1450287746.98,0.0,0.0,0.0,0.0,0.0,0.0,0.0,
1450287747.0,0.0,0.0,0.0,0.0,0.0,0.0,0.0,
1450287747.0,0.0,0.0,0.0,0.0,0.0,0.0,0.0,
1450287747.01,0.0,0.0,0.0,0.0,0.0,0.0,0.0,
1450287747.02,0.0,0.0,0.0,0.0,0.0,0.0,0.0,
1450287747.04,0.0,0.0,0.0,0.0,0.0,0.0,0.0,
1450287747.04,0.0,0.0,0.0,0.0,0.0,0.0,0.0,
1450287747.05,0.0,0.0,0.0,0.0,0.0,0.0,0.0,
1450287747.06,0.0,0.0,0.0,0.0,0.0,0.0,0.0,
1450287747.08,0.0,0.0,0.0,0.0,0.0,0.0,0.0,
1450287747.08,0.0,0.0,0.0,0.0,0.0,0.0,0.0,
1450287747.09,0.0,0.0,0.0,0.0,0.0,0.0,0.0,
1450287747.11,0.0,0.0,0.0,0.0,0.0,0.0,0.0,
1450287747.13,0.0,0.0,0.0,0.0,0.0,0.0,0.0,
1450287747.13,0.0,0.0,0.0,0.0,0.0,0.0,0.0,
1450287747.14,0.0,0.0,0.0,0.0,0.0,0.0,0.0,
1450287747.15,0.0,0.0,0.0,0.0,0.0,0.0,0.0,
1450287747.17,0.0,0.0,0.0,0.0,0.0,0.0,0.0,
1450287747.17,0.0,0.0,0.0,0.0,0.0,0.0,0.0,
1450287747.18,0.0,0.0,0.0,0.0,0.0,0.0,0.0,
1450287747.19,0.0,0.0,0.0,0.0,0.0,0.0,0.0,
1450287747.21,0.0,0.0,0.0,0.0,0.0,0.0,0.0,
1450287747.21,0.0,0.0,0.0,0.0,0.0,0.0,0.0,
1450287747.22,0.0,0.0,0.0,0.0,0.0,0.0,0.0,
1450287747.23,0.0,0.0,0.0,0.0,0.0,0.0,0.0,
1450287747.25,0.0,0.0,0.0,0.0,0.0,0.0,0.0,
1450287747.25,0.0,0.0,0.0,0.0,0.0,0.0,0.0,
1450287747.26,0.0,0.0,0.0,0.0,0.0,0.0,0.0,
1450287747.27,0.0,0.0,0.0,0.0,0.0,0.0,0.0,
1450287747.29,0.0,0.0,0.0,0.0,0.0,0.0,0.0,
1450287747.29,0.0,0.0,0.0,0.0,0.0,0.0,0.0,
1450287747.3,0.0,0.0,0.0,0.0,0.0,0.0,0.0,
1450287747.31,0.0,0.0,0.0,0.0,0.0,0.0,0.0,
1450287747.34,0.0,0.0,0.0,0.0,0.0,0.0,0.0,
1450287747.34,0.0,0.0,0.0,0.0,0.0,0.0,0.0,
1450287747.35,0.0,0.0,0.0,0.0,0.0,0.0,0.0,
1450287747.36,0.0,0.0,0.0,0.0,0.0,0.0,0.0,
1450287747.38,0.0,0.0,0.0,0.0,0.0,0.0,0.0,
1450287747.38,0.0,0.0,0.0,0.0,0.0,0.0,0.0,
1450287747.39,0.0,0.0,0.0,0.0,0.0,0.0,0.0,
1450287747.4,0.0,0.0,0.0,0.0,0.0,0.0,0.0,
1450287747.42,0.0,0.0,0.0,0.0,0.0,0.0,0.0,
1450287747.42,0.0,0.0,0.0,0.0,0.0,0.0,0.0,
1450287747.43,0.0,0.0,0.0,0.0,0.0,0.0,0.0,
1450287747.44,0.0,0.0,0.0,0.0,0.0,0.0,0.0,
1450287747.46,0.0,0.0,0.0,0.0,0.0,0.0,0.0,
1450287747.46,0.0,0.0,0.0,0.0,0.0,0.0,0.0,
1450287747.47,0.0,0.0,0.0,0.0,0.0,0.0,0.0,
1450287747.48,0.0,0.0,0.0,0.0,0.0,0.0,0.0,
1450287747.51,0.0,0.0,0.0,0.0,0.0,0.0,0.0,
1450287747.51,0.0,0.0,0.0,0.0,0.0,0.0,0.0,
1450287747.52,0.0,0.0,0.0,0.0,0.0,0.0,0.0,
1450287747.53,0.0,0.0,0.0,0.0,0.0,0.0,0.0,
1450287747.55,0.0,0.0,0.0,0.0,0.0,0.0,0.0,
1450287747.55,0.0,0.0,0.0,0.0,0.0,0.0,0.0,
1450287747.56,0.0,0.0,0.0,0.0,0.0,0.0,0.0,
1450287747.57,0.0,0.0,0.0,0.0,0.0,0.0,0.0,
1450287747.59,0.0,0.0,0.0,0.0,0.0,0.0,0.0,
1450287747.59,0.0,0.0,0.0,0.0,0.0,0.0,0.0,
1450287747.6,0.0,0.0,0.0,0.0,0.0,0.0,0.0,
1450287747.61,0.0,0.0,0.0,0.0,0.0,0.0,0.0,
1450287747.63,0.0,0.0,0.0,0.0,0.0,0.0,0.0,
1450287747.63,0.0,0.0,0.0,0.0,0.0,0.0,0.0,
1450287747.64,0.0,0.0,0.0,0.0,0.0,0.0,0.0,
1450287747.65,0.0,0.0,0.0,0.0,0.0,0.0,0.0,
1450287747.67,0.0,0.0,0.0,0.0,0.0,0.0,0.0,
1450287747.67,0.0,0.0,0.0,0.0,0.0,0.0,0.0,
1450287747.68,0.0,0.0,0.0,0.0,0.0,0.0,0.0,
1450287747.69,0.0,0.0,0.0,0.0,0.0,0.0,0.0,
1450287747.71,0.0,0.0,0.0,0.0,0.0,0.0,0.0,
1450287747.71,0.0,0.0,0.0,0.0,0.0,0.0,0.0,
1450287747.72,0.0,0.0,0.0,0.0,0.0,0.0,0.0,
1450287747.74,0.0,0.0,0.0,0.0,0.0,0.0,0.0,
1450287747.76,0.0,0.0,0.0,0.0,0.0,0.0,0.0,
1450287747.76,0.0,0.0,0.0,0.0,0.0,0.0,0.0,
1450287747.77,0.0,0.0,0.0,0.0,0.0,0.0,0.0,
1450287747.78,0.0,0.0,0.0,0.0,0.0,0.0,0.0,
1450287747.8,0.0,0.0,0.0,0.0,0.0,0.0,0.0,
1450287747.8,0.0,0.0,0.0,0.0,0.0,0.0,0.0,
1450287747.81,0.0,0.0,0.0,0.0,0.0,0.0,0.0,
1450287747.82,0.0,0.0,0.0,0.0,0.0,0.0,0.0,
1450287747.84,0.0,0.0,0.0,0.0,0.0,0.0,0.0,
1450287747.84,0.0,0.0,0.0,0.0,0.0,0.0,0.0,
1450287747.85,0.0,0.0,0.0,0.0,0.0,0.0,0.0,
1450287747.86,0.0,0.0,0.0,0.0,0.0,0.0,0.0,
1450287747.88,0.0,0.0,0.0,0.0,0.0,0.0,0.0,
1450287747.88,0.0,0.0,0.0,0.0,0.0,0.0,0.0,
1450287747.89,0.0,0.0,0.0,0.0,0.0,0.0,0.0,
1450287747.9,0.0,0.0,0.0,0.0,0.0,0.0,0.0,
1450287747.92,0.0,0.0,0.0,0.0,0.0,0.0,0.0,
1450287747.92,0.0,0.0,0.0,0.0,0.0,0.0,0.0,
1450287747.93,0.0,0.0,0.0,0.0,0.0,0.0,0.0,
1450287747.95,0.0,0.0,0.0,0.0,0.0,0.0,0.0,
1450287747.97,0.0,0.0,0.0,0.0,0.0,0.0,0.0,
1450287747.97,0.0,0.0,0.0,0.0,0.0,0.0,0.0,
1450287747.98,0.0,0.0,0.0,0.0,0.0,0.0,0.0,
1450287747.99,0.0,0.0,0.0,0.0,0.0,0.0,0.0,
1450287748.01,0.0,0.0,0.0,0.0,0.0,0.0,0.0,
1450287748.01,0.0,0.0,0.0,0.0,0.0,0.0,0.0,
1450287748.02,0.0,0.0,0.0,0.0,0.0,0.0,0.0,
1450287748.03,0.0,0.0,0.0,0.0,0.0,0.0,0.0,
1450287748.05,0.0,0.0,0.0,0.0,0.0,0.0,0.0,
1450287748.05,0.0,0.0,0.0,0.0,0.0,0.0,0.0,
1450287748.06,0.0,0.0,0.0,0.0,0.0,0.0,0.0,
1450287748.07,0.0,0.0,0.0,0.0,0.0,0.0,0.0,
1450287748.09,0.0,0.0,0.0,0.0,0.0,0.0,0.0,
1450287748.09,0.0,0.0,0.0,0.0,0.0,0.0,0.0,
1450287748.1,0.0,0.0,0.0,0.0,0.0,0.0,0.0,
1450287748.11,0.0,0.0,0.0,0.0,0.0,0.0,0.0,
1450287748.14,0.0,0.0,0.0,0.0,0.0,0.0,0.0,
1450287748.14,0.0,0.0,0.0,0.0,0.0,0.0,0.0,
1450287748.15,0.0,0.0,0.0,0.0,0.0,0.0,0.0,
1450287748.16,0.0,0.0,0.0,0.0,0.0,0.0,0.0,
1450287748.18,0.0,0.0,0.0,0.0,0.0,0.0,0.0,
1450287748.18,0.0,0.0,0.0,0.0,0.0,0.0,0.0,
1450287748.19,0.0,0.0,0.0,0.0,0.0,0.0,0.0,
1450287748.2,0.0,0.0,0.0,0.0,0.0,0.0,0.0,
1450287748.22,0.0,0.0,0.0,0.0,0.0,0.0,0.0,
1450287748.22,0.0,0.0,0.0,0.0,0.0,0.0,0.0,
1450287748.23,0.0,0.0,0.0,0.0,0.0,0.0,0.0,
1450287748.24,0.0,0.0,0.0,0.0,0.0,0.0,0.0,
1450287748.26,0.0,0.0,0.0,0.0,0.0,0.0,0.0,
1450287748.26,0.0,0.0,0.0,0.0,0.0,0.0,0.0,
1450287748.27,0.0,0.0,0.0,0.0,0.0,0.0,0.0,
1450287748.29,0.0,0.0,0.0,0.0,0.0,0.0,0.0,
1450287748.31,0.0,0.0,0.0,0.0,0.0,0.0,0.0,
1450287748.31,0.0,0.0,0.0,0.0,0.0,0.0,0.0,
1450287748.32,0.0,0.0,0.0,0.0,0.0,0.0,0.0,
1450287748.33,0.0,0.0,0.0,0.0,0.0,0.0,0.0,
1450287748.35,0.0,0.0,0.0,0.0,0.0,0.0,0.0,
1450287748.35,0.0,0.0,0.0,0.0,0.0,0.0,0.0,
1450287748.36,0.0,0.0,0.0,0.0,0.0,0.0,0.0,
1450287748.37,0.0,0.0,0.0,0.0,0.0,0.0,0.0,
1450287748.39,0.0,0.0,0.0,0.0,0.0,0.0,0.0,
1450287748.39,0.0,0.0,0.0,0.0,0.0,0.0,0.0,
1450287748.4,0.0,0.0,0.0,0.0,0.0,0.0,0.0,
1450287748.41,0.0,0.0,0.0,0.0,0.0,0.0,0.0,
1450287748.43,0.0,0.0,0.0,0.0,0.0,0.0,0.0,
1450287748.43,0.0,0.0,0.0,0.0,0.0,0.0,0.0,
1450287748.45,0.0,0.0,0.0,0.0,0.0,0.0,0.0,
1450287748.46,0.0,0.0,0.0,0.0,0.0,0.0,0.0,
1450287748.48,0.0,0.0,0.0,0.0,0.0,0.0,0.0,
1450287748.48,0.0,0.0,0.0,0.0,0.0,0.0,0.0,
1450287748.49,0.0,0.0,0.0,0.0,0.0,0.0,0.0,
1450287748.5,0.0,0.0,0.0,0.0,0.0,0.0,0.0,
1450287748.52,0.0,0.0,0.0,0.0,0.0,0.0,0.0,
1450287748.52,0.0,0.0,0.0,0.0,0.0,0.0,0.0,
1450287748.53,0.0,0.0,0.0,0.0,0.0,0.0,0.0,
1450287748.54,0.0,0.0,0.0,0.0,0.0,0.0,0.0,
1450287748.56,0.0,0.0,0.0,0.0,0.0,0.0,0.0,
1450287748.56,0.0,0.0,0.0,0.0,0.0,0.0,0.0,
1450287748.57,0.0,0.0,0.0,0.0,0.0,0.0,0.0,
1450287748.58,0.0,0.0,0.0,0.0,0.0,0.0,0.0,
1450287748.6,0.0,0.0,0.0,0.0,0.0,0.0,0.0,
1450287748.6,0.0,0.0,0.0,0.0,0.0,0.0,0.0,
1450287748.61,0.0,0.0,0.0,0.0,0.0,0.0,0.0,
1450287748.62,0.0,0.0,0.0,0.0,0.0,0.0,0.0,
1450287748.65,0.0,0.0,0.0,0.0,0.0,0.0,0.0,
1450287748.65,0.0,0.0,0.0,0.0,0.0,0.0,0.0,
1450287748.66,0.0,0.0,0.0,0.0,0.0,0.0,0.0,
1450287748.67,0.0,0.0,0.0,0.0,0.0,0.0,0.0,
1450287748.69,0.0,0.0,0.0,0.0,0.0,0.0,0.0,
1450287748.69,0.0,0.0,0.0,0.0,0.0,0.0,0.0,
1450287748.7,0.0,0.0,0.0,0.0,0.0,0.0,0.0,
1450287748.71,0.0,0.0,0.0,0.0,0.0,0.0,0.0,
1450287748.73,0.0,0.0,0.0,0.0,0.0,0.0,0.0,
1450287748.73,0.0,0.0,0.0,0.0,0.0,0.0,0.0,
1450287748.74,0.0,0.0,0.0,0.0,0.0,0.0,0.0,
1450287748.75,0.0,0.0,0.0,0.0,0.0,0.0,0.0,
1450287748.77,0.0,0.0,0.0,0.0,0.0,0.0,0.0,
1450287748.77,0.0,0.0,0.0,0.0,0.0,0.0,0.0,
1450287748.78,0.0,0.0,0.0,0.0,0.0,0.0,0.0,
1450287748.79,0.0,0.0,0.0,0.0,0.0,0.0,0.0,
1450287748.82,0.0,0.0,0.0,0.0,0.0,0.0,0.0,
1450287748.82,0.0,0.0,0.0,0.0,0.0,0.0,0.0,
1450287748.83,0.0,0.0,0.0,0.0,0.0,0.0,0.0,
1450287748.84,0.0,0.0,0.0,0.0,0.0,0.0,0.0,
1450287748.86,0.0,0.0,0.0,0.0,0.0,0.0,0.0,
1450287748.86,0.0,0.0,0.0,0.0,0.0,0.0,0.0,
1450287748.87,0.0,0.0,0.0,0.0,0.0,0.0,0.0,
1450287748.88,0.0,0.0,0.0,0.0,0.0,0.0,0.0,
1450287748.9,0.0,0.0,0.0,0.0,0.0,0.0,0.0,
1450287748.9,0.0,0.0,0.0,0.0,0.0,0.0,0.0,
1450287748.91,0.0,0.0,0.0,0.0,0.0,0.0,0.0,
1450287748.92,0.0,0.0,0.0,0.0,0.0,0.0,0.0,
1450287748.94,0.0,0.0,0.0,0.0,0.0,0.0,0.0,
1450287748.94,0.0,0.0,0.0,0.0,0.0,0.0,0.0,
1450287748.95,0.0,0.0,0.0,0.0,0.0,0.0,0.0,
1450287748.96,0.0,0.0,0.0,0.0,0.0,0.0,0.0,
1450287748.99,0.0,0.0,0.0,0.0,0.0,0.0,0.0,
1450287748.99,0.0,0.0,0.0,0.0,0.0,0.0,0.0,
1450287748.99,0.0,0.0,0.0,0.0,0.0,0.0,0.0,
1450287749.0,0.0,0.0,0.0,0.0,0.0,0.0,0.0,
1450287749.03,0.0,0.0,0.0,0.0,0.0,0.0,0.0,
1450287749.03,0.0,0.0,0.0,0.0,0.0,0.0,0.0,
1450287749.04,0.0,0.0,0.0,0.0,0.0,0.0,0.0,
1450287749.05,0.0,0.0,0.0,0.0,0.0,0.0,0.0,
1450287749.07,0.0,0.0,0.0,0.0,0.0,0.0,0.0,
1450287749.07,0.0,0.0,0.0,0.0,0.0,0.0,0.0,
1450287749.08,0.0,0.0,0.0,0.0,0.0,0.0,0.0,
1450287749.09,0.0,0.0,0.0,0.0,0.0,0.0,0.0,
1450287749.11,0.0,0.0,0.0,0.0,0.0,0.0,0.0,
1450287749.11,0.0,0.0,0.0,0.0,0.0,0.0,0.0,
1450287749.12,0.0,0.0,0.0,0.0,0.0,0.0,0.0,
1450287749.13,0.0,0.0,0.0,0.0,0.0,0.0,0.0,
1450287749.15,0.0,0.0,0.0,0.0,0.0,0.0,0.0,
1450287749.16,0.0,0.0,0.0,0.0,0.0,0.0,0.0,
1450287749.16,0.0,0.0,0.0,0.0,0.0,0.0,0.0,
1450287749.18,0.0,0.0,0.0,0.0,0.0,0.0,0.0,
1450287749.2,0.0,0.0,0.0,0.0,0.0,0.0,0.0,
1450287749.2,0.0,0.0,0.0,0.0,0.0,0.0,0.0,
1450287749.21,0.0,0.0,0.0,0.0,0.0,0.0,0.0,
1450287749.22,0.0,0.0,0.0,0.0,0.0,0.0,0.0,
1450287749.24,0.0,0.0,0.0,0.0,0.0,0.0,0.0,
1450287749.24,0.0,0.0,0.0,0.0,0.0,0.0,0.0,
1450287749.25,0.0,0.0,0.0,0.0,0.0,0.0,0.0,
1450287749.26,0.0,0.0,0.0,0.0,0.0,0.0,0.0,
1450287749.28,0.0,0.0,0.0,0.0,0.0,0.0,0.0,
1450287749.28,0.0,0.0,0.0,0.0,0.0,0.0,0.0,
1450287749.29,0.0,0.0,0.0,0.0,0.0,0.0,0.0,
1450287749.3,0.0,0.0,0.0,0.0,0.0,0.0,0.0,
1450287749.32,0.0,0.0,0.0,0.0,0.0,0.0,0.0,
1450287749.32,0.0,0.0,0.0,0.0,0.0,0.0,0.0,
1450287749.33,0.0,0.0,0.0,0.0,0.0,0.0,0.0,
1450287749.34,0.0,0.0,0.0,0.0,0.0,0.0,0.0,
1450287749.37,0.0,0.0,0.0,0.0,0.0,0.0,0.0,
1450287749.37,0.0,0.0,0.0,0.0,0.0,0.0,0.0,
1450287749.38,0.0,0.0,0.0,0.0,0.0,0.0,0.0,
1450287749.39,0.0,0.0,0.0,0.0,0.0,0.0,0.0,
1450287749.41,0.0,0.0,0.0,0.0,0.0,0.0,0.0,
1450287749.41,0.0,0.0,0.0,0.0,0.0,0.0,0.0,
1450287749.42,0.0,0.0,0.0,0.0,0.0,0.0,0.0,
1450287749.43,0.0,0.0,0.0,0.0,0.0,0.0,0.0,
1450287749.45,0.0,0.0,0.0,0.0,0.0,0.0,0.0,
1450287749.45,0.0,0.0,0.0,0.0,0.0,0.0,0.0,
1450287749.46,0.0,0.0,0.0,0.0,0.0,0.0,0.0,
1450287749.47,0.0,0.0,0.0,0.0,0.0,0.0,0.0,
1450287749.49,0.0,0.0,0.0,0.0,0.0,0.0,0.0,
1450287749.49,0.0,0.0,0.0,0.0,0.0,0.0,0.0,
1450287749.5,0.0,0.0,0.0,0.0,0.0,0.0,0.0,
1450287749.51,0.0,0.0,0.0,0.0,0.0,0.0,0.0,
1450287749.54,0.0,0.0,0.0,0.0,0.0,0.0,0.0,
1450287749.54,0.0,0.0,0.0,0.0,0.0,0.0,0.0,
1450287749.55,0.0,0.0,0.0,0.0,0.0,0.0,0.0,
1450287749.56,0.0,0.0,0.0,0.0,0.0,0.0,0.0,
1450287749.58,0.0,0.0,0.0,0.0,0.0,0.0,0.0,
1450287749.58,0.0,0.0,0.0,0.0,0.0,0.0,0.0,
1450287749.59,0.0,0.0,0.0,0.0,0.0,0.0,0.0,
1450287749.6,0.0,0.0,0.0,0.0,0.0,0.0,0.0,
1450287749.62,0.0,0.0,0.0,0.0,0.0,0.0,0.0,
1450287749.62,0.0,0.0,0.0,0.0,0.0,0.0,0.0,
1450287749.63,0.0,0.0,0.0,0.0,0.0,0.0,0.0,
1450287749.64,0.0,0.0,0.0,0.0,0.0,0.0,0.0,
1450287749.66,0.0,0.0,0.0,0.0,0.0,0.0,0.0,
1450287749.66,0.0,0.0,0.0,0.0,0.0,0.0,0.0,
1450287749.67,0.0,0.0,0.0,0.0,0.0,0.0,0.0,
1450287749.68,0.0,0.0,0.0,0.0,0.0,0.0,0.0,
1450287749.71,0.0,0.0,0.0,0.0,0.0,0.0,0.0,
1450287749.71,0.0,0.0,0.0,0.0,0.0,0.0,0.0,
1450287749.72,0.0,0.0,0.0,0.0,0.0,0.0,0.0,
1450287749.73,0.0,0.0,0.0,0.0,0.0,0.0,0.0,
1450287749.75,0.0,0.0,0.0,0.0,0.0,0.0,0.0,
1450287749.75,0.0,0.0,0.0,0.0,0.0,0.0,0.0,
1450287749.76,0.0,0.0,0.0,0.0,0.0,0.0,0.0,
1450287749.77,0.0,0.0,0.0,0.0,0.0,0.0,0.0,
1450287749.79,0.0,0.0,0.0,0.0,0.0,0.0,0.0,
1450287749.79,0.0,0.0,0.0,0.0,0.0,0.0,0.0,
1450287749.8,0.0,0.0,0.0,0.0,0.0,0.0,0.0,
1450287749.81,0.0,0.0,0.0,0.0,0.0,0.0,0.0,
1450287749.83,0.0,0.0,0.0,0.0,0.0,0.0,0.0,
1450287749.84,0.0,0.0,0.0,0.0,0.0,0.0,0.0,
1450287749.85,0.0,0.0,0.0,0.0,0.0,0.0,0.0,
1450287749.85,0.0,0.0,0.0,0.0,0.0,0.0,0.0,
1450287749.88,0.0,0.0,0.0,0.0,0.0,0.0,0.0,
1450287749.88,0.0,0.0,0.0,0.0,0.0,0.0,0.0,
1450287749.89,0.0,0.0,0.0,0.0,0.0,0.0,0.0,
1450287749.9,0.0,0.0,0.0,0.0,0.0,0.0,0.0,
1450287749.92,0.0,0.0,0.0,0.0,0.0,0.0,0.0,
1450287749.92,0.0,0.0,0.0,0.0,0.0,0.0,0.0,
1450287749.93,0.0,0.0,0.0,0.0,0.0,0.0,0.0,
1450287749.94,0.0,0.0,0.0,0.0,0.0,0.0,0.0,
1450287749.96,0.0,0.0,0.0,0.0,0.0,0.0,0.0,
1450287749.96,0.0,0.0,0.0,0.0,0.0,0.0,0.0,
1450287749.97,0.0,0.0,0.0,0.0,0.0,0.0,0.0,
1450287749.98,0.0,0.0,0.0,0.0,0.0,0.0,0.0,
1450287750.01,0.0,0.0,0.0,0.0,0.0,0.0,0.0,
1450287750.01,0.0,0.0,0.0,0.0,0.0,0.0,0.0,
1450287750.02,0.0,0.0,0.0,0.0,0.0,0.0,0.0,
1450287750.03,0.0,0.0,0.0,0.0,0.0,0.0,0.0,
1450287750.05,0.0,0.0,0.0,0.0,0.0,0.0,0.0,
1450287750.05,0.0,0.0,0.0,0.0,0.0,0.0,0.0,
1450287750.06,0.0,0.0,0.0,0.0,0.0,0.0,0.0,
1450287750.07,0.0,0.0,0.0,0.0,0.0,0.0,0.0,
1450287750.09,0.0,0.0,0.0,0.0,0.0,0.0,0.0,
1450287750.09,0.0,0.0,0.0,0.0,0.0,0.0,0.0,
1450287750.1,0.0,0.0,0.0,0.0,0.0,0.0,0.0,
1450287750.11,0.0,0.0,0.0,0.0,0.0,0.0,0.0,
1450287750.13,0.0,0.0,0.0,0.0,0.0,0.0,0.0,
1450287750.13,0.0,0.0,0.0,0.0,0.0,0.0,0.0,
1450287750.14,0.0,0.0,0.0,0.0,0.0,0.0,0.0,
1450287750.15,0.0,0.0,0.0,0.0,0.0,0.0,0.0,
1450287750.17,0.0,0.0,0.0,0.0,0.0,0.0,0.0,
1450287750.17,0.0,0.0,0.0,0.0,0.0,0.0,0.0,
1450287750.18,0.0,0.0,0.0,0.0,0.0,0.0,0.0,
1450287750.19,0.0,0.0,0.0,0.0,0.0,0.0,0.0,
1450287750.21,0.0,0.0,0.0,0.0,0.0,0.0,0.0,
1450287750.21,0.0,0.0,0.0,0.0,0.0,0.0,0.0,
1450287750.22,0.0,0.0,0.0,0.0,0.0,0.0,0.0,
1450287750.23,0.0,0.0,0.0,0.0,0.0,0.0,0.0,
1450287750.26,0.0,0.0,0.0,0.0,0.0,0.0,0.0,
1450287750.26,0.0,0.0,0.0,0.0,0.0,0.0,0.0,
1450287750.27,0.0,0.0,0.0,0.0,0.0,0.0,0.0,
1450287750.28,0.0,0.0,0.0,0.0,0.0,0.0,0.0,
1450287750.3,0.0,0.0,0.0,0.0,0.0,0.0,0.0,
1450287750.3,0.0,0.0,0.0,0.0,0.0,0.0,0.0,
1450287750.31,0.0,0.0,0.0,0.0,0.0,0.0,0.0,
1450287750.32,0.0,0.0,0.0,0.0,0.0,0.0,0.0,
1450287750.34,0.0,0.0,0.0,0.0,0.0,0.0,0.0,
1450287750.34,0.0,0.0,0.0,0.0,0.0,0.0,0.0,
1450287750.35,0.0,0.0,0.0,0.0,0.0,0.0,0.0,
1450287750.36,0.0,0.0,0.0,0.0,0.0,0.0,0.0,
1450287750.38,0.0,0.0,0.0,0.0,0.0,0.0,0.0,
1450287750.38,0.0,0.0,0.0,0.0,0.0,0.0,0.0,
1450287750.39,0.0,0.0,0.0,0.0,0.0,0.0,0.0,
1450287750.41,0.0,0.0,0.0,0.0,0.0,0.0,0.0,
1450287750.43,0.0,0.0,0.0,0.0,0.0,0.0,0.0,
1450287750.43,0.0,0.0,0.0,0.0,0.0,0.0,0.0,
1450287750.44,0.0,0.0,0.0,0.0,0.0,0.0,0.0,
1450287750.45,0.0,0.0,0.0,0.0,0.0,0.0,0.0,
1450287750.47,0.0,0.0,0.0,0.0,0.0,0.0,0.0,
1450287750.47,0.0,0.0,0.0,0.0,0.0,0.0,0.0,
1450287750.48,0.0,0.0,0.0,0.0,0.0,0.0,0.0,
1450287750.49,0.0,0.0,0.0,0.0,0.0,0.0,0.0,
1450287750.51,0.0,0.0,0.0,0.0,0.0,0.0,0.0,
1450287750.51,0.0,0.0,0.0,0.0,0.0,0.0,0.0,
1450287750.52,0.0,0.0,0.0,0.0,0.0,0.0,0.0,
1450287750.53,0.0,0.0,0.0,0.0,0.0,0.0,0.0,
1450287750.55,0.0,0.0,0.0,0.0,0.0,0.0,0.0,
1450287750.55,0.0,0.0,0.0,0.0,0.0,0.0,0.0,
1450287750.57,0.0,0.0,0.0,0.0,0.0,0.0,0.0,
1450287750.58,0.0,0.0,0.0,0.0,0.0,0.0,0.0,
1450287750.6,0.0,0.0,0.0,0.0,0.0,0.0,0.0,
1450287750.6,0.0,0.0,0.0,0.0,0.0,0.0,0.0,
1450287750.61,0.0,0.0,0.0,0.0,0.0,0.0,0.0,
1450287750.62,0.0,0.0,0.0,0.0,0.0,0.0,0.0,
1450287750.64,0.0,0.0,0.0,0.0,0.0,0.0,0.0,
1450287750.64,0.0,0.0,0.0,0.0,0.0,0.0,0.0,
1450287750.65,0.0,0.0,0.0,0.0,0.0,0.0,0.0,
1450287750.66,0.0,0.0,0.0,0.0,0.0,0.0,0.0,
1450287750.68,0.0,0.0,0.0,0.0,0.0,0.0,0.0,
1450287750.68,0.0,0.0,0.0,0.0,0.0,0.0,0.0,
1450287750.69,0.0,0.0,0.0,0.0,0.0,0.0,0.0,
1450287750.7,0.0,0.0,0.0,0.0,0.0,0.0,0.0,
1450287750.73,0.0,0.0,0.0,0.0,0.0,0.0,0.0,
1450287750.73,0.0,0.0,0.0,0.0,0.0,0.0,0.0,
1450287750.74,0.0,0.0,0.0,0.0,0.0,0.0,0.0,
1450287750.75,0.0,0.0,0.0,0.0,0.0,0.0,0.0,
1450287750.77,0.0,0.0,0.0,0.0,0.0,0.0,0.0,
1450287750.77,0.0,0.0,0.0,0.0,0.0,0.0,0.0,
1450287750.78,0.0,0.0,0.0,0.0,0.0,0.0,0.0,
1450287750.79,0.0,0.0,0.0,0.0,0.0,0.0,0.0,
1450287750.81,0.0,0.0,0.0,0.0,0.0,0.0,0.0,
1450287750.81,0.0,0.0,0.0,0.0,0.0,0.0,0.0,
1450287750.82,0.0,0.0,0.0,0.0,0.0,0.0,0.0,
1450287750.83,0.0,0.0,0.0,0.0,0.0,0.0,0.0,
1450287750.85,0.0,0.0,0.0,0.0,0.0,0.0,0.0,
1450287750.85,0.0,0.0,0.0,0.0,0.0,0.0,0.0,
1450287750.86,0.0,0.0,0.0,0.0,0.0,0.0,0.0,
1450287750.87,0.0,0.0,0.0,0.0,0.0,0.0,0.0,
1450287750.89,0.0,0.0,0.0,0.0,0.0,0.0,0.0,
1450287750.89,0.0,0.0,0.0,0.0,0.0,0.0,0.0,
1450287750.9,0.0,0.0,0.0,0.0,0.0,0.0,0.0,
1450287750.91,0.0,0.0,0.0,0.0,0.0,0.0,0.0,
1450287750.94,0.0,0.0,0.0,0.0,0.0,0.0,0.0,
1450287750.94,0.0,0.0,0.0,0.0,0.0,0.0,0.0,
1450287750.95,0.0,0.0,0.0,0.0,0.0,0.0,0.0,
1450287750.96,0.0,0.0,0.0,0.0,0.0,0.0,0.0,
1450287750.98,0.0,0.0,0.0,0.0,0.0,0.0,0.0,
1450287750.98,0.0,0.0,0.0,0.0,0.0,0.0,0.0,
1450287750.99,0.0,0.0,0.0,0.0,0.0,0.0,0.0,
1450287751.0,0.0,0.0,0.0,0.0,0.0,0.0,0.0,
1450287751.02,0.0,0.0,0.0,0.0,0.0,0.0,0.0,
1450287751.02,0.0,0.0,0.0,0.0,0.0,0.0,0.0,
1450287751.03,0.0,0.0,0.0,0.0,0.0,0.0,0.0,
1450287751.04,0.0,0.0,0.0,0.0,0.0,0.0,0.0,
1450287751.06,0.0,0.0,0.0,0.0,0.0,0.0,0.0,
1450287751.06,0.0,0.0,0.0,0.0,0.0,0.0,0.0,
1450287751.07,0.0,0.0,0.0,0.0,0.0,0.0,0.0,
1450287751.09,0.0,0.0,0.0,0.0,0.0,0.0,0.0,
1450287751.11,0.0,0.0,0.0,0.0,0.0,0.0,0.0,
1450287751.11,0.0,0.0,0.0,0.0,0.0,0.0,0.0,
1450287751.12,0.0,0.0,0.0,0.0,0.0,0.0,0.0,
1450287751.13,0.0,0.0,0.0,0.0,0.0,0.0,0.0,
1450287751.15,0.0,0.0,0.0,0.0,0.0,0.0,0.0,
1450287751.15,0.0,0.0,0.0,0.0,0.0,0.0,0.0,
1450287751.16,0.0,0.0,0.0,0.0,0.0,0.0,0.0,
1450287751.17,0.0,0.0,0.0,0.0,0.0,0.0,0.0,
1450287751.19,0.0,0.0,0.0,0.0,0.0,0.0,0.0,
1450287751.19,0.0,0.0,0.0,0.0,0.0,0.0,0.0,
1450287751.2,0.0,0.0,0.0,0.0,0.0,0.0,0.0,
1450287751.21,0.0,0.0,0.0,0.0,0.0,0.0,0.0,
1450287751.23,0.0,0.0,0.0,0.0,0.0,0.0,0.0,
1450287751.23,0.0,0.0,0.0,0.0,0.0,0.0,0.0,
1450287751.24,0.0,0.0,0.0,0.0,0.0,0.0,0.0,
1450287751.25,0.0,0.0,0.0,0.0,0.0,0.0,0.0,
1450287751.27,0.0,0.0,0.0,0.0,0.0,0.0,0.0,
1450287751.27,0.0,0.0,0.0,0.0,0.0,0.0,0.0,
1450287751.28,0.0,0.0,0.0,0.0,0.0,0.0,0.0,
1450287751.29,0.0,0.0,0.0,0.0,0.0,0.0,0.0,
1450287751.31,0.0,0.0,0.0,0.0,0.0,0.0,0.0,
1450287751.31,0.0,0.0,0.0,0.0,0.0,0.0,0.0,
1450287751.32,0.0,0.0,0.0,0.0,0.0,0.0,0.0,
1450287751.33,0.0,0.0,0.0,0.0,0.0,0.0,0.0,
1450287751.36,0.0,0.0,0.0,0.0,0.0,0.0,0.0,
1450287751.36,0.0,0.0,0.0,0.0,0.0,0.0,0.0,
1450287751.37,0.0,0.0,0.0,0.0,0.0,0.0,0.0,
1450287751.38,0.0,0.0,0.0,0.0,0.0,0.0,0.0,
1450287751.4,0.0,0.0,0.0,0.0,0.0,0.0,0.0,
1450287751.4,0.0,0.0,0.0,0.0,0.0,0.0,0.0,
1450287751.41,0.0,0.0,0.0,0.0,0.0,0.0,0.0,
1450287751.42,0.0,0.0,0.0,0.0,0.0,0.0,0.0,
1450287751.44,0.0,0.0,0.0,0.0,0.0,0.0,0.0,
1450287751.44,0.0,0.0,0.0,0.0,0.0,0.0,0.0,
1450287751.45,0.0,0.0,0.0,0.0,0.0,0.0,0.0,
1450287751.46,0.0,0.0,0.0,0.0,0.0,0.0,0.0,
1450287751.49,0.0,0.0,0.0,0.0,0.0,0.0,0.0,
1450287751.49,0.0,0.0,0.0,0.0,0.0,0.0,0.0,
1450287751.5,0.0,0.0,0.0,0.0,0.0,0.0,0.0,
1450287751.51,0.0,0.0,0.0,0.0,0.0,0.0,0.0,
1450287751.53,0.0,0.0,0.0,0.0,0.0,0.0,0.0,
1450287751.53,0.0,0.0,0.0,0.0,0.0,0.0,0.0,
1450287751.54,0.0,0.0,0.0,0.0,0.0,0.0,0.0,
1450287751.55,0.0,0.0,0.0,0.0,0.0,0.0,0.0,
1450287751.57,0.0,0.0,0.0,0.0,0.0,0.0,0.0,
1450287751.57,0.0,0.0,0.0,0.0,0.0,0.0,0.0,
1450287751.58,0.0,0.0,0.0,0.0,0.0,0.0,0.0,
1450287751.59,0.0,0.0,0.0,0.0,0.0,0.0,0.0,
1450287751.61,0.0,0.0,0.0,0.0,0.0,0.0,0.0,
1450287751.61,0.0,0.0,0.0,0.0,0.0,0.0,0.0,
1450287751.62,0.0,0.0,0.0,0.0,0.0,0.0,0.0,
1450287751.63,0.0,0.0,0.0,0.0,0.0,0.0,0.0,
1450287751.66,0.0,0.0,0.0,0.0,0.0,0.0,0.0,
1450287751.66,0.0,0.0,0.0,0.0,0.0,0.0,0.0,
