1450287744.0,-1.308,-10.76,0.064,-16.004,0.2,-3.98,0.036,
1450287744.01,-1.244,-10.816,0.128,-15.94,0.2,-3.988,0.016,
1450287744.03,-1.212,-10.616,0.032,-15.972,0.192,-3.948,0.036,
1450287744.03,-1.496,-10.472,0.096,-15.94,0.184,-3.948,0.028,
1450287744.04,-1.464,-10.588,0.032,-15.876,0.208,-3.948,0.036,
1450287744.05,-1.308,-10.96,-0.032,-15.876,0.192,-3.96,0.016,
1450287744.07,-1.088,-11.132,0.0,-15.972,0.216,-3.928,0.016,
1450287744.07,-1.34,-10.848,0.224,-16.004,0.2,-3.96,0.016,
1450287744.08,-1.496,-10.3,0.0,-15.972,0.192,-4.016,0.028,
1450287744.09,-1.496,-10.1,-0.096,-15.876,0.184,-4.096,0.016,
1450287744.11,-1.276,-10.388,0.064,-15.844,0.2,-4.056,0.016,
1450287744.12,-1.028,-10.76,0.064,-15.972,0.2,-3.948,0.028,
1450287744.13,-1.368,-10.904,0.192,-16.036,0.192,-3.92,0.036,
1450287744.14,-1.432,-10.788,-0.032,-16.036,0.184,-3.96,0.036,
1450287744.16,-1.556,-10.56,0.064,-15.94,0.184,-4.008,0.008,
1450287744.16,-1.34,-10.588,0.032,-15.972,0.192,-3.996,0.008,
1450287744.17,-1.152,-10.704,0.064,-16.036,0.2,-4.008,0.016,
1450287744.18,-1.028,-10.848,0.064,-16.068,0.192,-4.056,0.036,
1450287744.2,-1.244,-10.816,0.032,-16.068,0.2,-4.116,0.036,
1450287744.2,-1.464,-10.788,0.032,-16.068,0.192,-4.108,0.008,
1450287744.21,-1.556,-10.848,0.096,-16.128,0.192,-4.076,0.016,
1450287744.22,-1.212,-10.876,0.096,-16.128,0.176,-4.076,0.028,
1450287744.24,-1.12,-10.788,0.128,-16.128,0.176,-4.116,0.036,
1450287744.24,-1.244,-10.788,0.0,-16.096,0.192,-4.116,0.036,
1450287744.25,-1.028,-10.788,0.032,-16.096,0.184,-4.056,0.036,
1450287744.26,-1.056,-10.848,0.096,-16.192,0.176,-4.016,0.016,
1450287744.29,-1.056,-10.932,0.064,-16.16,0.192,-4.036,0.016,
1450287744.29,-1.152,-10.848,0.128,-16.128,0.184,-4.048,0.008,
1450287744.3,-1.184,-10.788,0.096,-16.096,0.184,-4.036,0.016,
1450287744.31,-1.432,-10.932,0.032,-16.096,0.192,-3.996,0.028,
1450287744.33,-1.244,-10.848,0.096,-16.128,0.192,-4.016,0.028,
1450287744.33,-1.028,-10.76,-0.064,-16.096,0.184,-4.068,0.028,
1450287744.34,-0.9,-10.788,0.064,-16.096,0.192,-4.096,0.016,
1450287744.35,-1.12,-10.76,0.0,-16.096,0.192,-4.068,0.028,
1450287744.37,-1.152,-10.76,0.032,-16.096,0.184,-4.056,0.016,
1450287744.37,-1.088,-10.816,0.128,-16.096,0.184,-4.028,0.008,
1450287744.38,-1.152,-10.876,0.096,-16.036,0.184,-4.008,0.036,
1450287744.39,-1.12,-10.76,0.096,-16.096,0.192,-3.988,0.036,
1450287744.41,-0.964,-10.676,0.032,-16.068,0.2,-3.996,0.036,
1450287744.41,-1.12,-10.732,0.128,-16.068,0.2,-4.036,0.028,
1450287744.42,-1.088,-10.704,0.128,-16.096,0.192,-4.056,0.044,
1450287744.43,-1.212,-10.704,0.096,-16.096,0.192,-4.148,0.028,
1450287744.45,-1.184,-10.816,0.096,-16.16,0.184,-4.216,0.044,
1450287744.45,-1.152,-10.788,0.16,-16.256,0.192,-4.256,0.044,
1450287744.46,-0.964,-10.788,0.096,-16.32,0.184,-4.276,0.056,
1450287744.47,-1.056,-10.876,0.16,-16.384,0.192,-4.276,0.036,
1450287744.5,-1.088,-10.932,-0.096,-16.476,0.192,-4.208,0.044,
1450287744.5,-1.212,-10.96,0.096,-16.476,0.192,-4.188,0.036,
1450287744.51,-1.244,-10.992,0.16,-16.384,0.192,-4.148,0.056,
1450287744.52,-1.056,-11.048,0.064,-16.384,0.2,-4.136,0.036,
1450287744.54,-0.996,-11.164,0.16,-16.412,0.2,-4.168,0.044,
1450287744.54,-1.12,-11.104,0.032,-16.476,0.208,-4.196,0.044,
1450287744.55,-1.088,-11.132,0.16,-16.508,0.192,-4.276,0.064,
1450287744.56,-1.432,-11.132,0.192,-16.572,0.208,-4.296,0.064,
1450287744.58,-1.368,-10.816,0.096,-16.572,0.216,-4.356,0.044,
1450287744.58,-1.212,-10.616,0.224,-16.508,0.252,-4.396,0.056,
1450287744.59,-1.244,-10.588,0.16,-16.508,0.26,-4.368,0.056,
1450287744.6,-1.244,-10.616,0.26,-16.508,0.236,-4.308,0.044,
1450287744.62,-1.744,-10.56,0.096,-16.476,0.236,-4.236,0.044,
1450287744.63,-1.588,-10.616,0.032,-16.412,0.236,-4.248,0.044,
1450287744.63,-1.4,-10.704,0.16,-16.384,0.244,-4.328,0.056,
1450287744.64,-1.276,-10.588,0.032,-16.444,0.244,-4.376,0.056,
1450287744.67,-1.244,-10.56,0.128,-16.508,0.244,-4.416,0.072,
1450287744.67,-1.276,-10.676,0.128,-16.476,0.236,-4.476,0.072,
1450287744.68,-1.34,-10.504,0.032,-16.508,0.244,-4.416,0.064,
1450287744.69,-1.184,-10.472,0.16,-16.508,0.244,-4.376,0.044,
1450287744.71,-0.872,-10.532,0.032,-16.444,0.236,-4.348,0.056,
1450287744.71,-0.932,-10.616,0.26,-16.444,0.236,-4.276,0.064,
1450287744.72,-1.4,-10.676,0.064,-16.444,0.236,-4.296,0.064,
1450287744.73,-1.652,-10.644,0.096,-16.476,0.252,-4.276,0.064,
1450287744.75,-1.68,-10.472,0.16,-16.508,0.236,-4.276,0.064,
1450287744.75,-1.184,-10.676,0.224,-16.476,0.244,-4.336,0.064,
1450287744.76,-0.964,-11.02,0.224,-16.476,0.252,-4.316,0.064,
1450287744.77,-1.184,-10.848,0.096,-16.572,0.252,-4.268,0.056,
1450287744.79,-1.056,-10.644,0.096,-16.572,0.236,-4.248,0.056,
1450287744.79,-1.276,-10.644,0.16,-16.444,0.252,-4.216,0.064,
1450287744.8,-1.276,-10.848,0.16,-16.352,0.252,-4.168,0.056,
1450287744.81,-1.524,-10.76,0.096,-16.384,0.26,-4.128,0.072,
1450287744.84,-1.308,-10.616,0.096,-16.352,0.244,-4.188,0.064,
1450287744.84,-1.056,-10.472,0.16,-16.288,0.236,-4.216,0.064,
1450287744.85,-1.028,-10.504,0.128,-16.256,0.228,-4.116,0.072,
1450287744.86,-1.276,-10.704,0.192,-16.288,0.26,-4.068,0.084,
1450287744.88,-1.432,-10.76,0.192,-16.192,0.244,-4.036,0.064,
1450287744.88,-1.588,-10.444,0.128,-16.096,0.244,-4.128,0.056,
1450287744.89,-1.308,-10.332,0.26,-16.096,0.252,-4.128,0.064,
1450287744.9,-1.056,-10.472,0.192,-16.096,0.244,-4.096,0.072,
1450287744.92,-0.872,-10.76,0.0,-16.16,0.252,-4.096,0.072,
1450287744.92,-0.996,-10.848,0.0,-16.16,0.252,-4.136,0.064,
1450287744.93,-1.276,-10.732,0.128,-16.16,0.236,-4.188,0.064,
1450287744.94,-1.368,-10.732,0.26,-16.128,0.244,-4.248,0.072,
1450287744.96,-0.964,-10.76,0.064,-16.192,0.244,-4.248,0.064,
1450287744.96,-1.12,-10.504,0.26,-16.288,0.252,-4.288,0.064,
1450287744.97,-1.028,-10.472,0.16,-16.256,0.252,-4.296,0.072,
1450287744.98,-1.12,-10.704,0.096,-16.192,0.268,-4.276,0.056,
1450287745.0,-0.964,-10.788,0.192,-16.192,0.236,-4.188,0.064,
1450287745.0,-1.152,-10.616,0.096,-16.192,0.228,-4.088,0.084,
1450287745.01,-1.12,-10.504,0.26,-16.192,0.26,-4.076,0.072,
1450287745.02,-0.964,-10.472,0.224,-16.096,0.26,-4.116,0.064,
1450287745.05,-1.056,-10.644,0.16,-16.068,0.252,-4.148,0.064,
1450287745.05,-1.088,-10.644,0.192,-16.192,0.236,-4.148,0.064,
1450287745.06,-1.088,-10.388,0.192,-16.224,0.252,-4.208,0.084,
1450287745.07,-0.716,-10.416,0.192,-16.096,0.252,-4.276,0.072,
1450287745.09,-0.9,-10.504,0.064,-16.128,0.216,-4.268,0.056,
1450287745.09,-0.932,-10.504,0.032,-16.224,0.236,-4.216,0.064,
1450287745.1,-1.088,-10.504,0.16,-16.192,0.244,-4.156,0.084,
1450287745.11,-1.212,-10.588,0.032,-16.16,0.244,-4.108,0.064,
1450287745.13,-1.12,-10.676,0.16,-16.128,0.26,-4.028,0.072,
1450287745.13,-1.212,-10.704,0.192,-16.192,0.26,-4.008,0.056,
1450287745.14,-1.056,-10.788,0.192,-16.192,0.252,-4.028,0.084,
1450287745.15,-1.12,-10.588,0.096,-16.192,0.252,-4.028,0.056,
1450287745.18,-1.028,-10.244,0.096,-16.128,0.252,-4.076,0.064,
1450287745.18,-1.028,-10.444,0.192,-16.128,0.252,-4.036,0.072,
1450287745.19,-1.088,-10.788,0.0,-16.192,0.252,-4.028,0.064,
1450287745.2,-1.056,-10.732,0.064,-16.224,0.268,-4.036,0.064,
1450287745.22,-1.028,-10.704,0.16,-16.096,0.26,-4.036,0.056,
1450287745.22,-0.996,-10.676,0.192,-16.096,0.236,-4.048,0.064,
1450287745.23,-1.028,-10.644,0.292,-16.128,0.236,-4.008,0.072,
1450287745.24,-1.152,-10.56,0.192,-16.128,0.26,-4.008,0.064,
1450287745.26,-1.184,-10.532,0.16,-16.096,0.26,-4.008,0.064,
1450287745.26,-1.088,-10.532,0.128,-16.068,0.252,-3.968,0.064,
1450287745.27,-1.088,-10.588,0.16,-16.096,0.252,-3.908,0.084,
1450287745.28,-1.088,-10.676,0.064,-16.096,0.252,-3.86,0.056,
1450287745.3,-1.088,-10.704,0.096,-16.096,0.252,-3.88,0.072,
1450287745.3,-1.056,-10.56,0.224,-16.036,0.26,-3.92,0.056,
1450287745.31,-1.12,-10.616,0.096,-16.004,0.252,-3.928,0.092,
1450287745.32,-1.152,-10.76,0.128,-16.096,0.244,-3.92,0.072,
1450287745.34,-1.152,-10.588,0.096,-16.068,0.244,-3.968,0.064,
1450287745.34,-1.152,-10.472,0.192,-15.972,0.244,-3.996,0.064,
1450287745.35,-1.184,-10.588,0.324,-15.876,0.268,-3.988,0.072,
1450287745.36,-1.244,-10.472,0.128,-15.972,0.26,-3.96,0.084,
1450287745.39,-1.212,-10.416,0.096,-16.004,0.26,-3.996,0.1,
1450287745.39,-1.308,-10.472,0.128,-15.908,0.252,-4.056,0.072,
1450287745.4,-1.4,-10.472,0.064,-15.972,0.268,-4.036,0.064,
1450287745.41,-1.34,-10.676,0.064,-16.068,0.26,-4.008,0.092,
1450287745.43,-1.368,-10.904,0.192,-16.096,0.26,-3.996,0.084,
1450287745.43,-1.464,-10.76,0.224,-16.096,0.276,-3.968,0.084,
1450287745.44,-1.368,-10.472,0.26,-16.068,0.268,-3.98,0.084,
1450287745.45,-1.4,-10.532,0.128,-16.036,0.276,-3.988,0.072,
1450287745.47,-1.432,-10.816,0.192,-16.128,0.26,-4.056,0.084,
1450287745.47,-1.432,-10.992,0.224,-16.224,0.26,-4.068,0.092,
1450287745.48,-1.588,-10.76,0.192,-16.192,0.268,-4.128,0.1,
1450287745.49,-1.4,-10.504,0.096,-16.192,0.268,-4.168,0.092,
1450287745.51,-1.212,-10.532,0.192,-16.128,0.268,-4.156,0.084,
1450287745.51,-1.212,-10.532,0.224,-16.096,0.26,-4.128,0.084,
1450287745.53,-1.432,-10.504,0.096,-16.096,0.26,-4.056,0.072,
1450287745.54,-1.744,-10.644,0.16,-16.036,0.268,-4.036,0.1,
1450287745.56,-1.62,-10.788,0.0,-16.004,0.26,-4.016,0.112,
1450287745.56,-1.4,-10.644,0.224,-16.004,0.26,-3.988,0.092,
1450287745.57,-0.9,-10.216,0.128,-15.972,0.268,-4.016,0.084,
1450287745.58,-0.932,-10.216,0.032,-15.812,0.268,-4.088,0.1,
1450287745.6,-1.12,-10.532,0.16,-15.688,0.276,-4.088,0.1,
1450287745.6,-1.4,-10.644,0.192,-15.812,0.268,-4.048,0.092,
1450287745.61,-1.432,-10.532,0.032,-15.876,0.276,-4.048,0.092,
1450287745.62,-1.556,-10.36,0.192,-15.844,0.276,-4.116,0.084,
1450287745.64,-1.368,-10.1,0.16,-15.812,0.284,-4.148,0.1,
1450287745.64,-1.028,-10.1,0.032,-15.688,0.276,-4.176,0.064,
1450287745.65,-1.056,-10.532,0.16,-15.688,0.276,-4.156,0.092,
1450287745.66,-1.184,-10.848,0.096,-15.78,0.284,-4.088,0.092,
1450287745.69,-1.556,-10.876,0.192,-15.876,0.296,-4.056,0.092,
1450287745.69,-1.496,-10.588,0.096,-15.844,0.276,-4.128,0.092,
1450287745.69,-1.308,-10.472,0.16,-15.78,0.284,-4.156,0.092,
1450287745.7,-1.276,-10.504,0.192,-15.78,0.26,-4.156,0.084,
1450287745.73,-1.276,-10.588,0.16,-15.812,0.268,-4.148,0.092,
1450287745.73,-1.524,-10.732,0.128,-15.812,0.268,-4.128,0.072,
1450287745.74,-1.556,-10.876,-0.032,-15.844,0.268,-4.116,0.092,
1450287745.75,-1.496,-10.76,0.16,-15.908,0.276,-4.128,0.084,
1450287745.77,-1.4,-10.76,0.064,-15.908,0.276,-4.128,0.1,
1450287745.77,-1.368,-10.816,0.096,-15.908,0.284,-4.156,0.092,
1450287745.78,-1.4,-10.848,0.16,-15.876,0.276,-4.176,0.072,
1450287745.79,-1.432,-10.76,0.128,-15.908,0.26,-4.136,0.1,
1450287745.81,-1.368,-10.788,0.064,-15.908,0.276,-4.136,0.072,
1450287745.81,-1.496,-10.816,0.064,-15.94,0.284,-4.136,0.084,
1450287745.82,-1.432,-10.788,0.16,-15.94,0.284,-4.156,0.064,
1450287745.83,-1.588,-10.76,0.064,-15.94,0.284,-4.156,0.064,
1450287745.85,-1.432,-10.704,-0.064,-15.94,0.284,-4.168,0.072,
1450287745.85,-1.244,-10.616,0.096,-15.908,0.26,-4.168,0.092,
1450287745.86,-1.464,-10.848,0.064,-15.972,0.268,-4.148,0.072,
1450287745.87,-1.368,-10.992,0.128,-15.972,0.268,-4.096,0.072,
1450287745.9,-1.368,-11.02,-0.064,-16.004,0.268,-4.128,0.092,
1450287745.9,-1.4,-10.788,0.064,-15.972,0.26,-4.116,0.064,
1450287745.91,-1.432,-10.616,0.16,-15.972,0.276,-4.128,0.072,
1450287745.92,-1.34,-10.56,0.096,-15.908,0.268,-4.108,0.092,
1450287745.94,-1.212,-10.616,0.292,-15.94,0.252,-4.068,0.064,
1450287745.94,-1.4,-10.704,0.16,-15.94,0.268,-4.048,0.092,
1450287745.95,-1.276,-10.816,0.032,-15.908,0.26,-4.048,0.084,
1450287745.96,-1.276,-10.76,0.096,-15.972,0.26,-4.076,0.072,
1450287745.98,-1.34,-10.732,0.032,-16.004,0.284,-4.088,0.064,
1450287745.98,-1.588,-10.848,0.096,-16.004,0.268,-4.128,0.084,
1450287745.99,-1.244,-10.848,0.032,-16.004,0.268,-4.148,0.072,
1450287746.0,-1.276,-10.676,0.096,-15.972,0.276,-4.136,0.084,
1450287746.02,-1.244,-10.588,0.26,-15.972,0.276,-4.096,0.092,
1450287746.02,-1.212,-10.76,0.16,-15.972,0.276,-4.056,0.056,
1450287746.03,-1.524,-10.992,0.16,-15.972,0.26,-3.988,0.072,
1450287746.04,-1.652,-10.904,0.192,-15.972,0.26,-3.996,0.084,
1450287746.07,-1.34,-10.588,0.064,-15.94,0.276,-4.016,0.092,
1450287746.07,-1.34,-10.644,0.128,-15.94,0.268,-4.056,0.092,
1450287746.08,-1.4,-10.588,0.096,-15.972,0.268,-4.076,0.064,
1450287746.09,-1.556,-10.588,0.0,-16.004,0.268,-4.088,0.064,
1450287746.11,-1.4,-10.676,0.064,-15.94,0.268,-4.088,0.092,
1450287746.11,-1.244,-10.676,0.032,-15.94,0.276,-4.056,0.072,
1450287746.12,-1.152,-10.732,0.16,-15.876,0.276,-3.996,0.084,
1450287746.13,-1.276,-10.96,0.16,-15.972,0.268,-3.96,0.064,
1450287746.15,-1.308,-11.02,0.096,-15.972,0.276,-3.96,0.084,
1450287746.15,-1.244,-10.876,0.064,-15.972,0.276,-3.988,0.084,
1450287746.16,-1.088,-10.504,0.0,-15.94,0.276,-4.016,0.072,
1450287746.17,-1.184,-10.504,0.128,-15.876,0.26,-4.056,0.072,
1450287746.19,-1.368,-10.704,0.128,-15.94,0.26,-4.048,0.072,
1450287746.2,-1.368,-10.848,0.192,-15.972,0.268,-4.048,0.072,
1450287746.2,-1.556,-10.848,0.16,-15.972,0.276,-4.036,0.084,
1450287746.22,-1.212,-10.732,0.032,-15.94,0.26,-4.016,0.064,
1450287746.24,-1.056,-10.504,0.064,-15.876,0.26,-4.036,0.092,
1450287746.24,-1.056,-10.676,0.096,-15.94,0.268,-3.988,0.072,
1450287746.25,-1.308,-10.876,0.16,-15.94,0.252,-3.96,0.072,
1450287746.26,-1.4,-10.96,0.096,-15.972,0.268,-3.988,0.084,
1450287746.28,-1.34,-10.704,0.064,-16.004,0.276,-3.988,0.084,
1450287746.28,-1.088,-10.588,0.128,-15.94,0.276,-4.028,0.084,
1450287746.29,-1.028,-10.732,0.0,-15.972,0.276,-4.036,0.064,
1450287746.3,-1.212,-10.848,0.224,-16.004,0.268,-4.016,0.072,
1450287746.32,-1.308,-10.788,-0.032,-16.004,0.26,-3.98,0.056,
1450287746.32,-1.4,-10.788,0.096,-15.94,0.268,-3.988,0.072,
1450287746.33,-1.244,-10.788,0.16,-15.94,0.284,-3.968,0.072,
1450287746.34,-1.308,-10.788,0.032,-15.908,0.26,-3.928,0.064,
1450287746.37,-1.308,-10.816,0.096,-15.972,0.268,-3.94,0.072,
1450287746.37,-1.4,-10.676,0.096,-15.94,0.276,-3.968,0.072,
1450287746.37,-1.152,-10.616,0.096,-15.908,0.268,-3.968,0.092,
1450287746.38,-1.4,-10.676,0.096,-15.908,0.276,-3.948,0.072,
1450287746.41,-1.34,-10.848,0.16,-15.972,0.268,-3.908,0.064,
1450287746.41,-1.34,-10.732,0.192,-15.972,0.268,-3.908,0.084,
1450287746.42,-1.212,-10.816,0.192,-15.972,0.268,-3.9,0.092,
1450287746.43,-1.4,-10.76,0.096,-15.908,0.252,-3.94,0.072,
1450287746.45,-1.12,-10.732,0.096,-15.94,0.268,-3.948,0.072,
1450287746.45,-1.212,-10.848,0.192,-15.94,0.26,-3.928,0.064,
1450287746.46,-1.184,-10.848,0.192,-15.972,0.252,-3.948,0.064,
1450287746.47,-1.368,-10.848,0.096,-15.94,0.26,-3.968,0.072,
1450287746.49,-1.276,-10.788,0.032,-15.972,0.276,-3.94,0.072,
1450287746.49,-1.152,-10.732,-0.032,-15.972,0.276,-3.928,0.084,
1450287746.5,-1.056,-10.76,0.096,-15.972,0.276,-3.908,0.064,
1450287746.51,-1.088,-10.732,0.096,-15.972,0.268,-3.908,0.084,
1450287746.53,-1.212,-10.76,0.096,-15.94,0.268,-3.92,0.072,
1450287746.53,-1.244,-10.876,0.128,-15.972,0.284,-3.88,0.056,
1450287746.54,-1.244,-10.732,0.0,-16.004,0.268,-3.908,0.064,
1450287746.55,-1.088,-10.816,0.0,-15.972,0.284,-3.92,0.072,
1450287746.58,-1.244,-10.848,0.096,-15.94,0.268,-3.92,0.064,
1450287746.58,-1.34,-10.76,0.064,-15.972,0.26,-3.92,0.084,
1450287746.59,-1.212,-10.788,0.16,-15.94,0.276,-3.92,0.072,
1450287746.6,-1.12,-10.816,0.16,-15.972,0.268,-3.908,0.072,
1450287746.62,-1.244,-10.848,0.096,-15.972,0.276,-3.908,0.092,
1450287746.62,-1.244,-10.76,0.096,-15.972,0.284,-3.928,0.084,
1450287746.63,-0.996,-10.704,0.16,-15.94,0.276,-3.948,0.064,
1450287746.64,-1.028,-10.704,0.064,-15.908,0.276,-3.928,0.092,
1450287746.66,-1.276,-10.704,0.064,-15.94,0.276,-3.94,0.072,
1450287746.66,-1.432,-10.76,0.032,-15.876,0.26,-3.928,0.072,
1450287746.67,-1.496,-11.02,0.096,-15.972,0.276,-3.92,0.084,
1450287746.68,-1.308,-10.96,0.224,-16.004,0.268,-3.908,0.072,
1450287746.7,-1.152,-10.616,0.032,-15.972,0.268,-3.928,0.064,
1450287746.7,-1.028,-10.472,0.192,-15.876,0.268,-3.968,0.084,
1450287746.71,-1.184,-10.532,0.064,-15.876,0.268,-3.96,0.072,
1450287746.72,-1.4,-10.588,0.096,-15.94,0.268,-3.92,0.072,
1450287746.74,-1.744,-10.588,0.032,-15.94,0.268,-3.888,0.064,
1450287746.74,-1.496,-10.616,0.192,-15.876,0.26,-3.9,0.056,
1450287746.75,-1.056,-10.588,0.032,-15.908,0.268,-3.88,0.064,
1450287746.76,-0.808,-10.588,0.192,-15.94,0.26,-3.848,0.064,
1450287746.79,-0.932,-10.588,0.0,-15.94,0.26,-3.9,0.064,
1450287746.79,-1.212,-10.504,0.16,-15.876,0.252,-3.928,0.084,
1450287746.8,-1.496,-10.504,0.032,-15.78,0.26,-3.92,0.072,
1450287746.81,-1.368,-10.588,0.128,-15.876,0.26,-3.868,0.072,
1450287746.83,-1.244,-10.56,0.16,-15.94,0.268,-3.84,0.064,
1450287746.83,-1.088,-10.588,0.032,-15.844,0.26,-3.84,0.084,
1450287746.84,-1.152,-10.532,0.032,-15.844,0.268,-3.848,0.092,
1450287746.85,-1.212,-10.588,0.032,-15.844,0.252,-3.82,0.056,
1450287746.87,-1.34,-10.676,0.128,-15.876,0.26,-3.82,0.072,
1450287746.87,-1.184,-10.644,0.0,-15.876,0.276,-3.84,0.056,
1450287746.88,-1.12,-10.504,0.064,-15.908,0.26,-3.868,0.092,
1450287746.89,-1.12,-10.444,0.128,-15.876,0.276,-3.88,0.056,
1450287746.91,-1.152,-10.504,0.16,-15.812,0.26,-3.868,0.064,
1450287746.92,-1.368,-10.588,0.096,-15.844,0.268,-3.86,0.084,
1450287746.93,-1.432,-10.616,0.096,-15.876,0.26,-3.828,0.064,
1450287746.94,-1.34,-10.588,0.192,-15.876,0.252,-3.928,0.072,
1450287746.96,-0.9,-10.588,0.128,-15.876,0.268,-3.96,0.056,
1450287746.96,-0.872,-10.588,0.096,-15.94,0.26,-3.948,0.084,
1450287746.97,-1.12,-10.504,0.128,-15.908,0.26,-3.928,0.064,
1450287746.98,-1.524,-10.532,0.16,-15.876,0.26,-3.88,0.064,
1450287747.0,-1.464,-10.616,0.192,-15.844,0.252,-3.848,0.064,
1450287747.0,-1.34,-10.588,0.128,-15.876,0.26,-3.84,0.084,
1450287747.01,-1.12,-10.588,0.16,-15.876,0.284,-3.84,0.072,
1450287747.02,-1.184,-10.588,0.128,-15.876,0.276,-3.9,0.072,
1450287747.04,-1.4,-10.532,0.16,-15.908,0.26,-3.9,0.072,
1450287747.04,-1.276,-10.472,0.128,-15.94,0.268,-3.908,0.072,
1450287747.05,-1.212,-10.616,0.224,-15.94,0.268,-3.9,0.072,
1450287747.06,-1.212,-10.616,0.032,-15.844,0.276,-3.888,0.072,
1450287747.08,-1.212,-10.472,0.16,-15.876,0.268,-3.84,0.056,
1450287747.08,-1.184,-10.616,0.192,-15.876,0.26,-3.82,0.056,
1450287747.09,-1.212,-10.876,0.0,-15.844,0.268,-3.828,0.084,
1450287747.11,-1.184,-10.588,0.16,-15.876,0.276,-3.808,0.084,
1450287747.13,-1.4,-10.416,0.064,-15.844,0.268,-3.84,0.056,
1450287747.13,-1.368,-10.644,0.128,-15.812,0.26,-3.868,0.064,
1450287747.14,-1.276,-10.676,0.128,-15.844,0.26,-3.8,0.084,
1450287747.15,-1.34,-10.588,0.224,-15.908,0.26,-3.788,0.084,
1450287747.17,-1.244,-10.676,0.064,-15.812,0.268,-3.848,0.072,
1450287747.17,-1.152,-10.616,0.064,-15.876,0.276,-3.888,0.064,
1450287747.18,-1.212,-10.3,0.224,-15.812,0.268,-3.9,0.072,
1450287747.19,-1.212,-10.216,0.128,-15.812,0.26,-3.868,0.072,
1450287747.21,-1.308,-10.444,0.128,-15.812,0.252,-3.84,0.084,
1450287747.21,-1.276,-10.56,0.16,-15.812,0.276,-3.828,0.092,
1450287747.22,-1.244,-10.532,0.064,-15.812,0.268,-3.88,0.084,
1450287747.23,-1.212,-10.56,0.128,-15.78,0.26,-3.96,0.072,
1450287747.25,-0.996,-10.472,0.128,-15.844,0.26,-3.96,0.084,
1450287747.25,-1.056,-10.444,0.128,-15.876,0.26,-3.96,0.044,
1450287747.26,-1.212,-10.444,0.192,-15.748,0.268,-3.96,0.064,
1450287747.27,-1.368,-10.504,0.16,-15.72,0.26,-3.9,0.072,
1450287747.29,-1.432,-10.504,0.128,-15.748,0.276,-3.86,0.056,
1450287747.29,-1.496,-10.532,0.096,-15.844,0.276,-3.88,0.072,
1450287747.3,-1.244,-10.504,0.128,-15.812,0.276,-3.908,0.056,
1450287747.31,-0.996,-10.504,0.064,-15.78,0.268,-3.92,0.064,
1450287747.34,-1.028,-10.616,0.128,-15.78,0.268,-3.908,0.072,
1450287747.34,-1.244,-10.788,0.16,-15.812,0.26,-3.888,0.072,
1450287747.35,-1.556,-10.704,0.064,-15.812,0.26,-3.88,0.064,
1450287747.36,-1.4,-10.472,0.128,-15.688,0.268,-3.94,0.064,
1450287747.38,-1.308,-10.472,0.096,-15.688,0.268,-3.888,0.056,
1450287747.38,-1.152,-10.532,0.128,-15.72,0.26,-3.84,0.084,
1450287747.39,-1.12,-10.588,0.224,-15.688,0.26,-3.84,0.064,
1450287747.4,-1.4,-10.504,0.16,-15.656,0.26,-3.84,0.072,
1450287747.42,-1.34,-10.444,0.096,-15.624,0.268,-3.848,0.072,
1450287747.42,-1.028,-10.36,0.16,-15.624,0.268,-3.8,0.072,
1450287747.43,-1.212,-10.588,0.096,-15.656,0.26,-3.78,0.084,
1450287747.44,-1.212,-10.848,0.192,-15.656,0.26,-3.78,0.072,
1450287747.46,-1.308,-10.816,0.192,-15.592,0.268,-3.788,0.064,
1450287747.46,-1.152,-10.676,0.224,-15.656,0.268,-3.788,0.072,
1450287747.47,-1.152,-10.732,0.128,-15.624,0.268,-3.828,0.072,
1450287747.48,-1.34,-10.76,0.16,-15.688,0.26,-3.82,0.056,
1450287747.51,-1.34,-10.532,0.064,-15.624,0.268,-3.848,0.064,
1450287747.51,-1.464,-10.472,0.16,-15.528,0.268,-3.84,0.072,
1450287747.52,-1.276,-10.588,0.192,-15.496,0.268,-3.8,0.092,
1450287747.53,-1.056,-10.704,0.096,-15.592,0.276,-3.78,0.072,
1450287747.55,-1.184,-10.732,0.26,-15.592,0.26,-3.8,0.072,
1450287747.55,-1.368,-10.616,0.096,-15.56,0.284,-3.868,0.064,
1450287747.56,-1.308,-10.616,0.128,-15.56,0.26,-3.888,0.072,
1450287747.57,-1.276,-10.616,0.224,-15.56,0.26,-3.888,0.084,
1450287747.59,-1.276,-10.644,0.128,-15.624,0.252,-3.868,0.072,
1450287747.59,-1.212,-10.788,0.16,-15.656,0.26,-3.848,0.084,
1450287747.6,-1.308,-10.676,0.16,-15.592,0.268,-3.88,0.064,
1450287747.61,-1.184,-10.588,0.292,-15.56,0.26,-3.868,0.072,
1450287747.63,-1.244,-10.616,0.064,-15.592,0.268,-3.888,0.084,
1450287747.63,-1.308,-10.644,0.16,-15.592,0.252,-3.9,0.044,
1450287747.64,-1.34,-10.588,0.064,-15.592,0.268,-3.888,0.064,
1450287747.65,-1.34,-10.588,0.096,-15.624,0.26,-3.88,0.064,
1450287747.67,-1.088,-10.676,0.224,-15.624,0.26,-3.888,0.084,
1450287747.67,-1.212,-10.616,0.128,-15.56,0.26,-3.86,0.064,
1450287747.68,-1.12,-10.616,0.16,-15.592,0.26,-3.848,0.084,
1450287747.69,-1.212,-10.616,0.128,-15.592,0.268,-3.82,0.064,
1450287747.71,-1.4,-10.532,0.0,-15.528,0.26,-3.808,0.064,
1450287747.71,-1.368,-10.56,0.192,-15.56,0.26,-3.788,0.056,
1450287747.72,-1.34,-10.676,0.064,-15.56,0.268,-3.68,0.044,
1450287747.74,-1.212,-10.732,0.096,-15.56,0.26,-3.628,0.084,
1450287747.76,-1.12,-10.704,0.192,-15.496,0.26,-3.64,0.084,
1450287747.76,-1.308,-10.644,0.224,-15.464,0.268,-3.668,0.092,
1450287747.77,-1.496,-10.504,0.0,-15.56,0.268,-3.68,0.056,
1450287747.78,-1.244,-10.56,0.128,-15.528,0.268,-3.66,0.064,
1450287747.8,-1.088,-10.616,0.224,-15.496,0.26,-3.66,0.072,
1450287747.8,-1.184,-10.616,0.26,-15.464,0.268,-3.74,0.084,
1450287747.81,-1.496,-10.588,0.26,-15.496,0.268,-3.74,0.044,
1450287747.82,-1.244,-10.616,0.064,-15.56,0.268,-3.788,0.092,
1450287747.84,-1.212,-10.616,0.224,-15.496,0.276,-3.848,0.072,
1450287747.84,-1.056,-10.532,0.0,-15.496,0.26,-3.94,0.084,
1450287747.85,-1.368,-10.588,0.16,-15.528,0.268,-4.036,0.1,
1450287747.86,-1.4,-10.532,0.26,-15.528,0.276,-4.088,0.092,
1450287747.88,-1.244,-10.504,0.096,-15.624,0.268,-4.088,0.1,
1450287747.88,-1.088,-10.472,0.128,-15.56,0.26,-4.116,0.064,
1450287747.89,-1.276,-10.444,0.16,-15.464,0.26,-4.148,0.092,
1450287747.9,-1.276,-10.416,0.224,-15.496,0.284,-4.196,0.092,
1450287747.92,-1.276,-10.36,0.064,-15.464,0.26,-4.288,0.072,
1450287747.92,-1.212,-10.3,0.128,-15.56,0.276,-4.368,0.084,
1450287747.93,-1.212,-10.188,0.192,-15.624,0.26,-4.396,0.064,
1450287747.95,-1.212,-10.216,0.16,-15.656,0.268,-4.368,0.1,
1450287747.97,-1.276,-10.272,0.128,-15.592,0.26,-4.316,0.092,
1450287747.97,-1.368,-10.128,0.064,-15.528,0.268,-4.196,0.072,
1450287747.98,-1.244,-10.332,0.064,-15.432,0.26,-4.096,0.072,
1450287747.99,-1.152,-10.504,0.032,-15.4,0.252,-4.088,0.072,
1450287748.01,-1.12,-10.416,0.096,-15.464,0.26,-4.076,0.084,
1450287748.01,-1.34,-10.156,0.16,-15.496,0.268,-4.148,0.064,
1450287748.02,-1.556,-10.188,0.096,-15.4,0.268,-4.208,0.072,
1450287748.03,-1.308,-10.332,0.064,-15.464,0.236,-4.248,0.084,
1450287748.05,-1.244,-10.244,0.096,-15.496,0.26,-4.236,0.084,
1450287748.05,-1.184,-10.128,0.224,-15.592,0.26,-4.268,0.064,
1450287748.06,-1.212,-10.188,0.224,-15.56,0.244,-4.316,0.072,
1450287748.07,-1.152,-10.216,0.128,-15.496,0.252,-4.268,0.064,
1450287748.09,-1.276,-10.216,0.128,-15.56,0.252,-4.228,0.072,
1450287748.09,-1.212,-10.332,0.032,-15.56,0.26,-4.248,0.072,
1450287748.1,-0.932,-10.504,0.292,-15.592,0.252,-4.276,0.084,
1450287748.11,-1.088,-10.472,0.128,-15.688,0.236,-4.296,0.072,
1450287748.14,-1.184,-10.504,0.292,-15.812,0.252,-4.296,0.092,
1450287748.14,-1.184,-10.532,0.128,-15.876,0.252,-4.248,0.084,
1450287748.15,-1.34,-10.588,0.16,-15.908,0.252,-4.188,0.084,
1450287748.16,-1.056,-10.676,0.26,-15.876,0.252,-4.056,0.064,
1450287748.18,-1.056,-10.732,0.16,-15.78,0.252,-3.88,0.072,
1450287748.18,-0.964,-10.816,0.292,-15.72,0.252,-3.768,0.092,
1450287748.19,-1.12,-10.848,0.224,-15.656,0.26,-3.72,0.072,
1450287748.2,-1.12,-10.876,0.192,-15.656,0.244,-3.728,0.064,
1450287748.22,-0.996,-10.788,0.096,-15.656,0.268,-3.82,0.092,
1450287748.22,-1.152,-10.676,0.064,-15.688,0.26,-3.828,0.084,
1450287748.23,-1.184,-10.588,0.128,-15.592,0.26,-3.74,0.084,
1450287748.24,-1.152,-10.504,0.26,-15.432,0.26,-3.66,0.072,
1450287748.26,-1.244,-10.416,0.0,-15.148,0.268,-3.6,0.084,
1450287748.26,-1.088,-10.332,0.16,-14.896,0.268,-3.648,0.084,
1450287748.27,-1.244,-10.216,0.16,-14.832,0.268,-3.76,0.084,
1450287748.29,-1.308,-9.928,0.192,-14.928,0.252,-3.868,0.084,
1450287748.31,-1.464,-9.668,0.192,-14.896,0.26,-4.056,0.072,
1450287748.31,-1.184,-9.44,0.064,-14.768,0.26,-4.136,0.092,
1450287748.32,-1.308,-9.528,0.16,-14.704,0.268,-4.136,0.1,
1450287748.33,-1.308,-9.756,0.16,-14.676,0.268,-4.116,0.112,
1450287748.35,-1.34,-9.668,0.096,-14.704,0.26,-4.148,0.092,
1450287748.35,-1.244,-9.212,0.16,-14.768,0.26,-4.216,0.084,
1450287748.36,-1.308,-8.752,0.16,-14.704,0.284,-4.396,0.128,
1450287748.37,-1.524,-8.52,0.192,-14.612,0.276,-4.616,0.1,
1450287748.39,-1.68,-8.492,0.192,-14.612,0.26,-4.676,0.112,
1450287748.39,-1.34,-8.808,0.192,-14.8,0.276,-4.596,0.092,
1450287748.4,-1.212,-9.24,0.128,-14.864,0.276,-4.456,0.112,
1450287748.41,-1.088,-9.756,0.096,-14.96,0.284,-4.396,0.084,
1450287748.43,-1.308,-10.244,0.16,-15.052,0.26,-4.396,0.064,
1450287748.43,-1.34,-10.532,0.128,-15.052,0.276,-4.376,0.056,
1450287748.45,-1.276,-10.76,0.096,-15.308,0.26,-4.404,0.056,
1450287748.46,-1.276,-10.96,0.192,-15.496,0.268,-4.436,0.064,
1450287748.48,-1.432,-11.192,0.0,-15.688,0.26,-4.464,0.072,
1450287748.48,-1.368,-11.48,0.192,-15.844,0.26,-4.384,0.064,
1450287748.49,-1.496,-11.908,0.0,-15.876,0.26,-4.316,0.056,
1450287748.5,-1.464,-12.224,0.26,-15.972,0.276,-4.256,0.064,
1450287748.52,-1.464,-12.312,0.16,-16.16,0.252,-4.268,0.084,
1450287748.52,-1.556,-12.168,0.324,-16.256,0.236,-4.328,0.084,
1450287748.53,-1.4,-12.024,0.192,-16.192,0.26,-4.368,0.084,
1450287748.54,-1.34,-11.936,0.128,-16.128,0.26,-4.328,0.056,
1450287748.56,-1.588,-11.88,0.096,-16.16,0.268,-4.168,0.072,
1450287748.56,-1.432,-11.852,0.064,-16.192,0.26,-4.016,0.072,
1450287748.57,-1.464,-12.024,0.16,-16.096,0.244,-3.948,0.064,
1450287748.58,-1.432,-12.052,0.096,-16.096,0.252,-3.888,0.092,
1450287748.6,-1.556,-12.108,0.128,-16.096,0.26,-3.74,0.072,
1450287748.6,-1.556,-12.168,0.032,-16.128,0.268,-3.76,0.064,
1450287748.61,-1.34,-12.34,0.096,-16.128,0.26,-3.828,0.084,
1450287748.62,-1.244,-12.396,0.192,-16.192,0.26,-3.888,0.072,
1450287748.65,-1.34,-12.396,0.192,-16.32,0.26,-3.92,0.044,
1450287748.65,-1.34,-12.484,0.192,-16.288,0.268,-3.968,0.072,
1450287748.66,-1.432,-12.656,0.096,-16.256,0.252,-3.968,0.072,
1450287748.67,-1.308,-12.768,0.16,-16.224,0.26,-3.98,0.1,
1450287748.69,-1.34,-12.712,0.192,-16.224,0.26,-4.056,0.092,
1450287748.69,-1.276,-12.684,0.128,-16.224,0.26,-4.128,0.1,
1450287748.7,-1.4,-12.628,0.16,-16.16,0.284,-4.136,0.112,
1450287748.71,-1.496,-12.512,0.292,-16.096,0.276,-4.148,0.112,
1450287748.73,-1.4,-12.452,0.224,-16.036,0.284,-4.108,0.1,
1450287748.73,-1.244,-12.396,0.16,-15.94,0.276,-4.088,0.1,
1450287748.74,-1.34,-12.168,0.26,-15.876,0.276,-4.068,0.12,
1450287748.75,-1.212,-12.08,0.032,-15.844,0.276,-4.016,0.12,
1450287748.77,-1.464,-12.14,0.128,-15.812,0.284,-3.94,0.1,
1450287748.77,-1.368,-12.312,0.192,-15.748,0.276,-3.868,0.112,
1450287748.78,-1.368,-12.312,0.292,-15.72,0.268,-3.888,0.112,
1450287748.79,-1.432,-12.196,0.224,-15.748,0.276,-4.036,0.128,
1450287748.82,-1.308,-11.936,0.16,-15.78,0.26,-4.288,0.12,
1450287748.82,-0.964,-11.792,0.26,-15.908,0.284,-4.496,0.128,
1450287748.83,-1.308,-11.852,0.224,-16.096,0.284,-4.616,0.12,
1450287748.84,-1.34,-11.964,0.128,-16.352,0.26,-4.644,0.12,
1450287748.86,-1.4,-12.14,0.096,-16.352,0.26,-4.576,0.12,
1450287748.86,-1.34,-12.196,0.128,-16.256,0.26,-4.524,0.112,
1450287748.87,-1.152,-12.168,0.26,-16.16,0.26,-4.456,0.112,
1450287748.88,-1.088,-12.196,0.064,-16.16,0.296,-4.444,0.12,
1450287748.9,-0.84,-12.452,0.192,-16.256,0.252,-4.516,0.12,
1450287748.9,-1.056,-12.856,0.224,-16.352,0.276,-4.556,0.112,
1450287748.91,-1.432,-13.228,0.16,-16.508,0.26,-4.596,0.12,
1450287748.92,-1.588,-13.228,0.096,-16.604,0.26,-4.544,0.112,
1450287748.94,-1.432,-13.0,0.224,-16.572,0.26,-4.456,0.1,
1450287748.94,-0.996,-13.112,0.224,-16.444,0.268,-4.368,0.112,
1450287748.95,-0.716,-13.228,0.26,-16.444,0.26,-4.208,0.1,
1450287748.96,-0.776,-13.2,0.064,-16.444,0.252,-4.116,0.12,
1450287748.99,-1.088,-13.2,0.16,-16.412,0.244,-4.148,0.092,
1450287748.99,-1.184,-13.084,0.26,-16.352,0.236,-4.228,0.092,
1450287748.99,-1.34,-12.94,0.16,-16.384,0.244,-4.196,0.1,
1450287749.0,-1.212,-13.056,0.16,-16.384,0.252,-4.148,0.084,
1450287749.03,-1.184,-13.256,0.16,-16.384,0.252,-4.028,0.092,
1450287749.03,-1.184,-13.172,0.16,-16.32,0.252,-3.86,0.1,
1450287749.04,-1.212,-13.084,0.16,-16.192,0.236,-3.7,0.092,
1450287749.05,-1.276,-13.028,0.096,-16.096,0.236,-3.628,0.084,
1450287749.07,-1.152,-13.056,0.128,-16.096,0.236,-3.628,0.1,
1450287749.07,-1.12,-13.172,0.292,-16.096,0.236,-3.66,0.084,
1450287749.08,-1.276,-13.172,0.26,-16.068,0.236,-3.708,0.084,
1450287749.09,-1.244,-13.0,0.192,-16.004,0.236,-3.688,0.092,
1450287749.11,-1.308,-12.94,0.292,-15.972,0.236,-3.668,0.084,
1450287749.11,-1.276,-13.0,0.064,-15.844,0.244,-3.68,0.1,
1450287749.12,-0.996,-12.912,0.224,-15.812,0.244,-3.708,0.092,
1450287749.13,-0.9,-12.912,0.192,-15.78,0.244,-3.768,0.092,
1450287749.15,-1.12,-12.884,0.192,-15.748,0.244,-3.82,0.1,
1450287749.16,-1.368,-12.8,0.26,-15.78,0.244,-3.848,0.1,
1450287749.16,-1.276,-12.596,0.224,-15.72,0.236,-3.9,0.112,
1450287749.18,-1.184,-12.656,0.064,-15.688,0.236,-3.908,0.112,
1450287749.2,-1.028,-12.74,0.292,-15.56,0.216,-3.88,0.128,
1450287749.2,-1.152,-12.712,0.192,-15.528,0.252,-3.88,0.14,
1450287749.21,-1.368,-12.512,0.16,-15.464,0.228,-4.008,0.148,
1450287749.22,-1.4,-12.196,0.26,-15.528,0.244,-4.136,0.156,
1450287749.24,-1.212,-12.08,0.128,-15.56,0.252,-4.316,0.168,
1450287749.24,-1.184,-11.908,0.42,-15.56,0.252,-4.404,0.156,
1450287749.25,-1.028,-11.62,0.292,-15.496,0.268,-4.404,0.156,
1450287749.26,-0.776,-11.536,0.26,-15.372,0.268,-4.416,0.148,
1450287749.28,-0.776,-11.592,0.16,-15.34,0.252,-4.504,0.128,
1450287749.28,-0.964,-11.536,0.292,-15.34,0.26,-4.544,0.128,
1450287749.29,-1.088,-11.592,0.292,-15.432,0.26,-4.596,0.1,
1450287749.3,-1.368,-11.824,0.192,-15.432,0.268,-4.584,0.12,
1450287749.32,-1.4,-11.936,0.26,-15.624,0.252,-4.524,0.1,
1450287749.32,-1.34,-11.792,0.192,-15.624,0.252,-4.496,0.084,
1450287749.33,-1.12,-11.48,0.224,-15.624,0.252,-4.456,0.072,
1450287749.34,-0.996,-11.276,0.192,-15.432,0.244,-4.416,0.1,
1450287749.37,-0.996,-11.276,0.16,-15.34,0.26,-4.368,0.1,
1450287749.37,-1.212,-11.448,0.192,-15.244,0.252,-4.328,0.092,
1450287749.38,-1.34,-11.792,0.192,-15.372,0.216,-4.384,0.084,
1450287749.39,-1.152,-12.024,0.224,-15.496,0.236,-4.396,0.084,
1450287749.41,-0.996,-12.024,0.324,-15.876,0.228,-4.356,0.072,
1450287749.41,-1.088,-11.792,0.292,-16.036,0.236,-4.368,0.072,
1450287749.42,-1.12,-11.508,0.16,-15.94,0.216,-4.256,0.072,
1450287749.43,-1.212,-11.392,0.26,-15.812,0.2,-4.056,0.092,
1450287749.45,-1.028,-11.62,0.324,-15.72,0.216,-3.908,0.072,
1450287749.45,-1.184,-12.108,0.192,-15.78,0.228,-3.8,0.064,
1450287749.46,-1.056,-12.424,0.192,-15.812,0.216,-3.848,0.092,
1450287749.47,-0.872,-12.452,0.292,-15.94,0.216,-3.94,0.092,
1450287749.49,-0.932,-12.54,0.224,-16.036,0.216,-3.948,0.072,
1450287749.49,-1.308,-12.568,0.324,-15.972,0.228,-3.84,0.056,
1450287749.5,-1.276,-12.656,0.224,-15.908,0.228,-3.668,0.072,
1450287749.51,-1.244,-12.712,0.128,-15.876,0.208,-3.62,0.084,
1450287749.54,-0.964,-12.828,0.192,-15.908,0.216,-3.7,0.084,
1450287749.54,-0.9,-12.94,0.292,-15.972,0.208,-3.9,0.072,
1450287749.55,-0.964,-12.912,0.292,-16.096,0.2,-4.088,0.072,
1450287749.56,-1.184,-12.912,0.224,-16.096,0.208,-4.188,0.084,
1450287749.58,-0.996,-12.828,0.26,-16.096,0.208,-4.196,0.084,
1450287749.58,-0.964,-12.8,0.324,-16.004,0.208,-4.236,0.056,
1450287749.59,-1.184,-12.828,0.26,-15.972,0.216,-4.208,0.092,
1450287749.6,-1.244,-12.684,0.292,-15.908,0.216,-4.188,0.084,
1450287749.62,-1.184,-12.656,0.224,-15.844,0.2,-4.176,0.064,
1450287749.62,-1.212,-12.656,0.292,-15.844,0.216,-4.168,0.072,
1450287749.63,-1.184,-12.596,0.26,-15.812,0.208,-4.208,0.072,
1450287749.64,-0.964,-12.512,0.192,-15.812,0.216,-4.256,0.072,
1450287749.66,-0.964,-12.424,0.324,-15.78,0.2,-4.236,0.072,
1450287749.66,-0.996,-12.28,0.192,-15.78,0.208,-4.176,0.084,
1450287749.67,-1.152,-12.252,0.224,-15.844,0.216,-4.176,0.072,
1450287749.68,-1.056,-12.224,0.224,-15.812,0.216,-4.236,0.092,
1450287749.71,-1.088,-12.312,0.128,-15.876,0.208,-4.296,0.084,
1450287749.71,-0.964,-12.484,0.324,-15.908,0.2,-4.296,0.072,
1450287749.72,-0.872,-12.54,0.16,-15.972,0.228,-4.348,0.072,
1450287749.73,-0.996,-12.54,0.26,-15.972,0.216,-4.396,0.064,
1450287749.75,-1.12,-12.54,0.26,-16.004,0.216,-4.368,0.084,
1450287749.75,-1.184,-12.596,0.16,-16.004,0.208,-4.356,0.056,
1450287749.76,-1.088,-12.828,0.192,-16.096,0.216,-4.256,0.084,
1450287749.77,-0.872,-12.8,0.224,-16.224,0.228,-4.248,0.072,
1450287749.79,-0.932,-12.912,0.224,-16.224,0.228,-4.236,0.072,
1450287749.79,-0.9,-12.94,0.224,-16.32,0.208,-4.208,0.092,
1450287749.8,-0.9,-12.856,0.192,-16.352,0.216,-4.196,0.072,
1450287749.81,-1.028,-12.912,0.324,-16.256,0.228,-4.168,0.092,
1450287749.83,-1.12,-13.0,0.292,-16.256,0.228,-4.116,0.092,
1450287749.84,-1.028,-12.94,0.292,-16.256,0.208,-4.116,0.084,
1450287749.85,-0.9,-12.856,0.324,-16.288,0.228,-4.168,0.092,
1450287749.85,-0.9,-12.856,0.224,-16.256,0.228,-4.088,0.072,
1450287749.88,-0.808,-12.972,0.292,-16.192,0.228,-3.828,0.092,
1450287749.88,-0.964,-12.94,0.292,-16.036,0.216,-3.5,0.072,
1450287749.89,-1.212,-12.74,0.388,-15.94,0.216,-3.4,0.084,
1450287749.9,-1.184,-12.828,0.16,-15.876,0.236,-3.48,0.084,
1450287749.92,-1.212,-13.0,0.26,-15.972,0.236,-3.588,0.092,
1450287749.92,-1.152,-12.912,0.356,-16.096,0.236,-3.668,0.084,
1450287749.93,-1.184,-12.884,0.26,-16.004,0.236,-3.708,0.084,
1450287749.94,-1.34,-12.884,0.26,-15.876,0.244,-3.608,0.092,
1450287749.96,-1.244,-12.856,0.26,-15.876,0.252,-3.432,0.072,
1450287749.96,-1.432,-12.856,0.224,-15.844,0.228,-3.36,0.064,
1450287749.97,-1.4,-12.768,0.324,-15.688,0.244,-3.36,0.092,
1450287749.98,-1.34,-12.8,0.16,-15.496,0.228,-3.44,0.1,
1450287750.01,-1.368,-12.74,0.292,-15.464,0.236,-3.58,0.1,
1450287750.01,-1.464,-12.684,0.356,-15.592,0.244,-3.748,0.084,
1450287750.02,-1.464,-12.74,0.16,-15.56,0.236,-3.968,0.1,
1450287750.03,-1.276,-12.628,0.292,-15.528,0.228,-4.056,0.28,
1450287750.05,-1.152,-12.452,0.292,-15.496,0.26,-4.096,0.204,
1450287750.05,-1.088,-12.452,0.324,-15.496,0.244,-4.136,0.184,
1450287750.06,-1.212,-12.28,0.224,-15.464,0.252,-4.196,0.148,
1450287750.07,-1.432,-12.14,0.26,-15.432,0.252,-4.208,0.156,
1450287750.09,-1.4,-12.024,0.292,-15.372,0.252,-4.216,0.156,
1450287750.09,-1.184,-12.024,0.26,-15.34,0.268,-4.236,0.14,
1450287750.1,-1.028,-11.908,0.26,-15.34,0.26,-4.356,0.128,
1450287750.11,-1.028,-11.908,0.292,-15.308,0.252,-4.484,0.128,
1450287750.13,-0.9,-11.996,0.42,-15.432,0.244,-4.564,0.12,
1450287750.13,-0.932,-11.996,0.224,-15.56,0.228,-4.556,0.112,
1450287750.14,-1.056,-11.792,0.292,-15.592,0.236,-4.484,0.1,
1450287750.15,-1.4,-11.708,0.096,-15.496,0.228,-4.424,0.056,
1450287750.17,-1.432,-11.792,0.356,-15.308,0.236,-4.276,0.072,
1450287750.17,-1.244,-11.88,0.324,-15.084,0.2,-4.176,0.072,
1450287750.18,-0.84,-11.88,0.356,-15.084,0.208,-4.136,0.056,
1450287750.19,-0.684,-11.908,0.292,-15.116,0.228,-4.128,0.064,
1450287750.21,-0.932,-11.88,0.324,-15.18,0.216,-4.076,0.064,
1450287750.21,-1.184,-12.052,0.224,-15.244,0.192,-4.008,0.044,
1450287750.22,-1.34,-12.28,0.16,-15.372,0.16,-3.92,0.044,
1450287750.23,-1.308,-12.252,0.224,-15.464,0.152,-3.868,0.072,
1450287750.26,-1.088,-11.936,0.26,-15.464,0.16,-3.848,0.044,
1450287750.26,-1.088,-11.824,0.128,-15.4,0.16,-3.84,0.056,
1450287750.27,-0.932,-11.908,0.26,-15.276,0.14,-3.78,0.064,
1450287750.28,-1.088,-12.168,0.224,-15.244,0.14,-3.76,0.044,
1450287750.3,-1.152,-12.34,0.192,-15.34,0.168,-3.74,0.044,
1450287750.3,-1.556,-12.54,0.292,-15.464,0.152,-3.748,0.044,
1450287750.31,-1.34,-12.684,0.192,-15.56,0.152,-3.74,0.044,
1450287750.32,-0.932,-12.54,0.292,-15.592,0.152,-3.82,0.072,
1450287750.34,-0.716,-12.396,0.292,-15.56,0.16,-3.92,0.036,
1450287750.34,-0.84,-12.452,0.26,-15.464,0.152,-4.008,0.056,
1450287750.35,-0.964,-12.712,0.324,-15.496,0.16,-4.008,0.064,
1450287750.36,-1.244,-12.972,0.292,-15.56,0.16,-3.96,0.072,
1450287750.38,-1.276,-12.884,0.26,-15.656,0.168,-3.908,0.044,
1450287750.38,-1.152,-12.684,0.16,-15.688,0.16,-3.968,0.064,
1450287750.39,-0.9,-12.712,0.292,-15.592,0.176,-4.028,0.084,
1450287750.41,-0.964,-12.74,0.128,-15.592,0.176,-4.036,0.064,
1450287750.43,-1.244,-12.828,0.324,-15.624,0.152,-3.996,0.056,
1450287750.43,-1.184,-12.74,0.292,-15.624,0.168,-3.96,0.064,
1450287750.44,-1.028,-12.74,0.292,-15.656,0.168,-3.868,0.064,
1450287750.45,-0.996,-12.628,0.192,-15.624,0.184,-3.788,0.064,
1450287750.47,-0.84,-12.684,0.324,-15.56,0.176,-3.708,0.064,
1450287750.47,-0.964,-12.856,0.292,-15.464,0.176,-3.708,0.056,
1450287750.48,-1.152,-12.768,0.26,-15.464,0.16,-3.768,0.056,
1450287750.49,-1.276,-12.74,0.292,-15.496,0.184,-3.86,0.084,
1450287750.51,-1.276,-12.684,0.26,-15.592,0.168,-3.928,0.064,
1450287750.51,-0.9,-12.596,0.26,-15.688,0.168,-3.94,0.056,
1450287750.52,-0.996,-12.54,0.292,-15.72,0.168,-3.948,0.064,
1450287750.53,-1.184,-12.568,0.192,-15.624,0.176,-3.96,0.064,
1450287750.55,-1.12,-12.568,0.26,-15.56,0.16,-3.908,0.064,
1450287750.55,-1.212,-12.568,0.16,-15.528,0.16,-3.848,0.064,
1450287750.57,-1.12,-12.628,0.26,-15.56,0.168,-3.848,0.056,
1450287750.58,-1.12,-12.512,0.292,-15.56,0.168,-3.92,0.064,
1450287750.6,-1.184,-12.568,0.224,-15.592,0.168,-3.968,0.056,
1450287750.6,-1.056,-12.54,0.192,-15.624,0.152,-4.048,0.064,
1450287750.61,-1.056,-12.568,0.26,-15.656,0.16,-4.036,0.056,
1450287750.62,-1.12,-12.568,0.224,-15.688,0.176,-3.968,0.084,
1450287750.64,-1.368,-12.596,0.16,-15.688,0.16,-3.88,0.056,
1450287750.64,-1.212,-12.712,0.16,-15.688,0.16,-3.768,0.072,
1450287750.65,-1.276,-12.684,0.192,-15.688,0.168,-3.68,0.056,
1450287750.66,-1.028,-12.828,0.26,-15.624,0.184,-3.66,0.056,
1450287750.68,-0.964,-12.8,0.224,-15.688,0.176,-3.688,0.056,
1450287750.68,-1.184,-12.712,0.26,-15.688,0.168,-3.78,0.056,
1450287750.69,-1.308,-12.684,0.224,-15.72,0.176,-3.848,0.072,
1450287750.7,-1.088,-12.568,0.292,-15.72,0.168,-3.908,0.064,
1450287750.73,-1.12,-12.568,0.26,-15.688,0.16,-3.9,0.056,
1450287750.73,-1.028,-12.568,0.192,-15.592,0.168,-3.8,0.064,
1450287750.74,-1.152,-12.54,0.292,-15.496,0.168,-3.7,0.056,
1450287750.75,-1.276,-12.512,0.26,-15.432,0.176,-3.6,0.064,
1450287750.77,-1.308,-12.568,0.192,-15.308,0.168,-3.572,0.056,
1450287750.77,-1.088,-12.452,0.064,-15.276,0.176,-3.628,0.044,
1450287750.78,-1.368,-12.424,0.388,-15.34,0.192,-3.7,0.044,
1450287750.79,-1.088,-12.312,0.224,-15.34,0.184,-3.788,0.056,
1450287750.81,-1.184,-12.224,0.356,-15.432,0.176,-3.88,0.064,
1450287750.81,-1.212,-12.14,0.26,-15.432,0.168,-3.92,0.064,
1450287750.82,-1.212,-12.08,0.192,-15.432,0.184,-3.88,0.044,
1450287750.83,-1.308,-12.168,0.224,-15.372,0.168,-3.8,0.072,
1450287750.85,-1.212,-12.424,0.356,-15.34,0.168,-3.748,0.056,
1450287750.85,-1.4,-12.684,0.224,-15.34,0.176,-3.72,0.056,
1450287750.86,-1.12,-12.684,0.324,-15.372,0.176,-3.748,0.044,
1450287750.87,-0.9,-12.628,0.224,-15.432,0.168,-3.84,0.056,
1450287750.89,-0.84,-12.54,0.224,-15.464,0.16,-3.94,0.072,
1450287750.89,-1.308,-12.568,0.292,-15.432,0.168,-3.948,0.064,
1450287750.9,-1.556,-12.596,0.26,-15.432,0.16,-3.9,0.064,
1450287750.91,-1.496,-12.54,0.292,-15.4,0.176,-3.84,0.044,
1450287750.94,-1.244,-12.452,0.192,-15.34,0.152,-3.82,0.064,
1450287750.94,-1.212,-12.568,0.16,-15.34,0.176,-3.788,0.044,
1450287750.95,-1.212,-12.54,0.324,-15.372,0.152,-3.78,0.056,
1450287750.96,-1.12,-12.312,0.192,-15.34,0.176,-3.86,0.056,
1450287750.98,-1.152,-12.168,0.192,-15.372,0.14,-3.988,0.064,
1450287750.98,-1.212,-12.08,0.292,-15.432,0.152,-4.068,0.072,
1450287750.99,-1.028,-12.108,0.324,-15.432,0.176,-4.108,0.044,
1450287751.0,-1.028,-12.168,0.16,-15.496,0.168,-4.116,0.084,
1450287751.02,-1.152,-12.28,0.388,-15.592,0.152,-4.128,0.056,
1450287751.02,-1.028,-12.368,0.324,-15.56,0.152,-4.116,0.064,
1450287751.03,-0.996,-12.34,0.26,-15.496,0.132,-4.076,0.056,
1450287751.04,-0.964,-12.34,0.224,-15.464,0.152,-4.056,0.056,
1450287751.06,-0.932,-12.312,0.26,-15.464,0.168,-4.028,0.064,
1450287751.06,-1.12,-12.224,0.224,-15.372,0.152,-3.98,0.064,
1450287751.07,-0.996,-12.252,0.224,-15.372,0.152,-3.968,0.044,
1450287751.09,-1.212,-12.312,0.16,-15.372,0.152,-3.928,0.044,
1450287751.11,-0.996,-12.396,0.292,-15.372,0.16,-3.948,0.056,
1450287751.11,-1.028,-12.596,0.224,-15.432,0.16,-3.928,0.064,
1450287751.12,-1.056,-12.568,0.324,-15.464,0.132,-3.968,0.064,
1450287751.13,-1.212,-12.452,0.192,-15.432,0.152,-4.048,0.056,
1450287751.15,-1.34,-12.396,0.16,-15.432,0.152,-4.056,0.064,
1450287751.15,-1.184,-12.312,0.224,-15.432,0.152,-4.076,0.064,
1450287751.16,-0.964,-12.224,0.224,-15.4,0.14,-4.088,0.056,
1450287751.17,-0.9,-12.08,0.324,-15.4,0.168,-4.048,0.072,
1450287751.19,-1.152,-12.024,0.192,-15.34,0.152,-4.056,0.044,
1450287751.19,-1.088,-11.936,0.16,-15.308,0.152,-3.988,0.056,
1450287751.2,-1.184,-11.936,0.192,-15.244,0.152,-3.94,0.064,
1450287751.21,-1.244,-12.108,0.292,-15.18,0.152,-3.9,0.064,
1450287751.23,-1.276,-12.452,0.356,-15.244,0.14,-3.928,0.044,
1450287751.23,-1.056,-12.712,0.26,-15.432,0.152,-3.98,0.056,
1450287751.24,-0.964,-12.768,0.324,-15.496,0.16,-4.036,0.064,
1450287751.25,-1.184,-12.54,0.324,-15.464,0.152,-4.116,0.064,
1450287751.27,-1.368,-12.368,0.26,-15.464,0.14,-4.148,0.044,
1450287751.27,-1.464,-12.28,0.26,-15.432,0.14,-4.096,0.056,
1450287751.28,-1.276,-12.14,0.26,-15.432,0.14,-4.048,0.056,
1450287751.29,-1.12,-12.052,0.064,-15.34,0.16,-4.036,0.056,
1450287751.31,-1.12,-12.052,0.192,-15.34,0.152,-3.96,0.056,
1450287751.31,-1.12,-12.368,0.26,-15.372,0.14,-3.928,0.044,
1450287751.32,-1.152,-12.656,0.192,-15.464,0.132,-3.948,0.044,
1450287751.33,-1.308,-12.828,0.356,-15.496,0.152,-3.988,0.072,
1450287751.36,-1.212,-12.684,0.128,-15.496,0.152,-4.068,0.056,
1450287751.36,-1.152,-12.484,0.292,-15.4,0.16,-4.108,0.064,
1450287751.37,-1.12,-12.28,0.26,-15.432,0.16,-4.036,0.056,
1450287751.38,-1.152,-12.312,0.26,-15.4,0.16,-3.996,0.064,
1450287751.4,-1.056,-12.452,0.324,-15.432,0.152,-4.028,0.056,
1450287751.4,-1.244,-12.424,0.192,-15.464,0.168,-4.056,0.044,
1450287751.41,-1.152,-12.368,0.324,-15.464,0.168,-4.048,0.044,
1450287751.42,-1.184,-12.424,0.356,-15.464,0.16,-4.076,0.056,
1450287751.44,-1.028,-12.452,0.224,-15.464,0.168,-4.088,0.044,
1450287751.44,-1.368,-12.224,0.224,-15.496,0.168,-4.048,0.028,
1450287751.45,-1.68,-11.996,0.128,-15.432,0.168,-4.068,0.056,
1450287751.46,-1.496,-12.052,0.292,-15.34,0.168,-4.076,0.064,
1450287751.49,-1.34,-12.312,0.16,-15.372,0.176,-4.028,0.056,
1450287751.49,-0.872,-12.452,0.096,-15.372,0.184,-3.94,0.064,
1450287751.5,-0.932,-12.54,0.26,-15.432,0.168,-3.928,0.044,
1450287751.51,-0.996,-12.484,0.388,-15.496,0.14,-3.968,0.056,
1450287751.53,-1.308,-12.34,0.192,-15.432,0.176,-4.036,0.064,
1450287751.53,-1.524,-12.196,0.292,-15.372,0.176,-4.056,0.064,
1450287751.54,-1.464,-11.996,0.16,-15.372,0.168,-4.096,0.056,
1450287751.55,-1.464,-11.996,0.192,-15.372,0.16,-4.116,0.044,
1450287751.57,-0.996,-12.28,0.128,-15.432,0.168,-4.096,0.056,
1450287751.57,-1.088,-12.424,0.26,-15.464,0.168,-4.076,0.056,
1450287751.58,-0.808,-12.512,0.324,-15.528,0.176,-4.048,0.064,
1450287751.59,-0.996,-12.484,0.292,-15.528,0.152,-4.056,0.056,
1450287751.61,-1.152,-12.512,0.128,-15.464,0.168,-4.068,0.056,
1450287751.61,-1.368,-12.424,0.096,-15.496,0.16,-4.056,0.072,
1450287751.62,-1.368,-12.312,0.356,-15.496,0.168,-4.028,0.056,
1450287751.63,-1.244,-12.252,0.292,-15.432,0.168,-4.008,0.064,
1450287751.66,-1.028,-12.28,0.224,-15.432,0.16,-3.988,0.064,
1450287751.66,-0.808,-12.452,0.292,-15.4,0.176,-3.968,0.064,
