1450287850.08,-0.683771935419,0.169504876868,0.121567977301,0.0594417554626,-0.112364092584,-0.452907827106,0.0391165100464,
1450287850.08,-0.683388440222,0.169888372064,0.122334967694,0.0602087458557,-0.111213606995,-0.455975788678,0.0391165100464,
1450287850.09,-0.683771935419,0.169121381671,0.121951472498,0.0609757362488,-0.111980597388,-0.457893264661,0.0383495196533,
1450287850.1,-0.683771935419,0.168354391278,0.121184482104,0.0625097170349,-0.111597102191,-0.46019423584,0.0391165100464,
1450287850.12,-0.683771935419,0.167970896082,0.122334967694,0.0628932122314,-0.112364092584,-0.462495207019,0.0391165100464,
1450287850.12,-0.684155430615,0.168737886475,0.122334967694,0.0628932122314,-0.112364092584,-0.465179673395,0.0379660244568,
1450287850.13,-0.684155430615,0.168354391278,0.121184482104,0.0644271930176,-0.112364092584,-0.467864139771,0.0383495196533,
1450287850.14,-0.683771935419,0.167970896082,0.121951472498,0.0648106882141,-0.111980597388,-0.470548606146,0.0383495196533,
1450287850.16,-0.683771935419,0.167203905688,0.122334967694,0.0659611738037,-0.112747587781,-0.473233072522,0.0391165100464,
1450287850.16,-0.684538925812,0.167203905688,0.121567977301,0.0655776786072,-0.112364092584,-0.475150548505,0.0379660244568,
1450287850.17,-0.685305916205,0.166820410492,0.121951472498,0.0671116593933,-0.112364092584,-0.476684529291,0.0379660244568,
1450287850.18,-0.684155430615,0.167203905688,0.122334967694,0.0682621449829,-0.111980597388,-0.478602005273,0.0395000052429,
1450287850.21,-0.683771935419,0.166053420099,0.122718462891,0.0686456401794,-0.111980597388,-0.479368995667,0.0383495196533,
1450287850.21,-0.684922421008,0.165669924902,0.121951472498,0.069796125769,-0.111980597388,-0.48013598606,0.0383495196533,
1450287850.22,-0.684538925812,0.166053420099,0.121951472498,0.0701796209656,-0.112364092584,-0.480519481256,0.0383495196533,
1450287850.23,-0.684922421008,0.165286429706,0.122334967694,0.0709466113586,-0.111980597388,-0.480902976453,0.0379660244568,
1450287850.25,-0.685305916205,0.166053420099,0.121184482104,0.0713301065552,-0.111980597388,-0.480902976453,0.0383495196533,
1450287850.25,-0.684922421008,0.165286429706,0.121951472498,0.0713301065552,-0.112364092584,-0.480519481256,0.0375825292603,
1450287850.26,-0.684922421008,0.165669924902,0.122718462891,0.0717136017517,-0.111597102191,-0.48013598606,0.0379660244568,
1450287850.27,-0.684922421008,0.165286429706,0.122334967694,0.0717136017517,-0.111980597388,-0.481286471649,0.0379660244568,
1450287850.29,-0.685689411401,0.164902934509,0.122334967694,0.0713301065552,-0.111980597388,-0.479368995667,0.0391165100464,
1450287850.29,-0.686072906598,0.165286429706,0.121951472498,0.0717136017517,-0.110830111798,-0.479752490863,0.0383495196533,
1450287850.3,-0.686072906598,0.164519439313,0.121184482104,0.0717136017517,-0.111213606995,-0.48013598606,0.0391165100464,
1450287850.31,-0.685689411401,0.164519439313,0.122718462891,0.0720970969482,-0.110063121405,-0.480519481256,0.0395000052429,
1450287850.33,-0.687223392188,0.165286429706,0.121951472498,0.0709466113586,-0.109679626208,-0.480519481256,0.0383495196533,
1450287850.33,-0.686839896991,0.165286429706,0.121951472498,0.0717136017517,-0.107762150226,-0.480519481256,0.0383495196533,
1450287850.34,-0.687606887384,0.165286429706,0.120800986908,0.0713301065552,-0.104694188654,-0.48013598606,0.0383495196533,
1450287850.36,-0.687606887384,0.165286429706,0.121951472498,0.0720970969482,-0.100859236688,-0.479752490863,0.0383495196533,
1450287850.38,-0.687990382581,0.165286429706,0.123101958087,0.0724805921448,-0.0970242847229,-0.479752490863,0.0395000052429,
1450287850.38,-0.688757372974,0.164902934509,0.122718462891,0.0720970969482,-0.0954903039368,-0.479368995667,0.0383495196533,
1450287850.39,-0.689524363367,0.164519439313,0.123485453284,0.0720970969482,-0.0954903039368,-0.47898550047,0.0383495196533,
1450287850.4,-0.689907858563,0.164519439313,0.123101958087,0.0717136017517,-0.0954903039368,-0.479752490863,0.0379660244568,
1450287850.42,-0.691441839349,0.164902934509,0.122718462891,0.0717136017517,-0.0951068087402,-0.479752490863,0.0379660244568,
1450287850.42,-0.692208829742,0.164902934509,0.122334967694,0.0717136017517,-0.0947233135437,-0.479752490863,0.0383495196533,
1450287850.43,-0.692592324939,0.164902934509,0.122334967694,0.0717136017517,-0.0954903039368,-0.479368995667,0.0379660244568,
1450287850.44,-0.693742810529,0.165286429706,0.122718462891,0.0724805921448,-0.0962572943298,-0.48013598606,0.0395000052429,
1450287850.46,-0.694126305725,0.164902934509,0.122718462891,0.0720970969482,-0.0939563231506,-0.478602005273,0.0391165100464,
1450287850.46,-0.695276791315,0.164902934509,0.122718462891,0.0717136017517,-0.0931893327576,-0.478602005273,0.0383495196533,
1450287850.47,-0.696427276904,0.165286429706,0.12386894848,0.0717136017517,-0.0924223423645,-0.477068024487,0.0391165100464,
1450287850.48,-0.697577762494,0.165286429706,0.122334967694,0.0720970969482,-0.0924223423645,-0.477068024487,0.0383495196533,
1450287850.5,-0.69911174328,0.165286429706,0.122718462891,0.0717136017517,-0.092805837561,-0.476684529291,0.0383495196533,
1450287850.5,-0.699878733673,0.165286429706,0.122334967694,0.0720970969482,-0.0935728279541,-0.475534043701,0.0391165100464,
1450287850.51,-0.701029219263,0.164902934509,0.121951472498,0.0720970969482,-0.0954903039368,-0.473616567719,0.0391165100464,
1450287850.52,-0.702179704852,0.164902934509,0.121567977301,0.0717136017517,-0.0970242847229,-0.472466082129,0.0391165100464,
1450287850.55,-0.702946695245,0.165286429706,0.121951472498,0.0717136017517,-0.101626227081,-0.471315596539,0.0379660244568,
1450287850.55,-0.703713685638,0.164519439313,0.121951472498,0.0717136017517,-0.106611664636,-0.469781615753,0.0383495196533,
1450287850.56,-0.702946695245,0.164902934509,0.121567977301,0.0717136017517,-0.108529140619,-0.468247634967,0.0383495196533,
1450287850.57,-0.704864171228,0.164902934509,0.120033996515,0.0717136017517,-0.109679626208,-0.467864139771,0.0379660244568,
1450287850.59,-0.704864171228,0.164519439313,0.121184482104,0.0717136017517,-0.110446616602,-0.466330158984,0.0383495196533,
1450287850.59,-0.705247666425,0.164135944116,0.119267006122,0.0717136017517,-0.109296131012,-0.465946663788,0.0383495196533,
1450287850.6,-0.704864171228,0.164135944116,0.118500015729,0.0717136017517,-0.109679626208,-0.465563168591,0.0391165100464,
1450287850.61,-0.704097180835,0.164135944116,0.119650501318,0.0717136017517,-0.111597102191,-0.465563168591,0.0391165100464,
1450287850.63,-0.704864171228,0.164519439313,0.117733025336,0.0717136017517,-0.111980597388,-0.465563168591,0.0391165100464,
1450287850.63,-0.703713685638,0.16375244892,0.116966034943,0.0720970969482,-0.112747587781,-0.465563168591,0.0379660244568,
1450287850.64,-0.703713685638,0.163368953723,0.117733025336,0.0724805921448,-0.11504855896,-0.465946663788,0.0379660244568,
1450287850.65,-0.701796209656,0.16375244892,0.117349530139,0.0717136017517,-0.115432054156,-0.465946663788,0.0383495196533,
1450287850.67,-0.701029219263,0.16375244892,0.116582539746,0.0717136017517,-0.116966034943,-0.465563168591,0.0383495196533,
1450287850.67,-0.701412714459,0.16375244892,0.116582539746,0.0717136017517,-0.118116520532,-0.465946663788,0.0379660244568,
1450287850.68,-0.699495238477,0.16375244892,0.116966034943,0.0717136017517,-0.120033996515,-0.466713654181,0.0391165100464,
1450287850.69,-0.69796125769,0.163368953723,0.116966034943,0.0728640873413,-0.123101958087,-0.465946663788,0.0383495196533,
1450287850.71,-0.696043781708,0.163368953723,0.117349530139,0.0720970969482,-0.124252443677,-0.465563168591,0.0395000052429,
1450287850.71,-0.695276791315,0.163368953723,0.116582539746,0.0713301065552,-0.124635938873,-0.465563168591,0.0391165100464,
1450287850.72,-0.693359315332,0.163368953723,0.115815549353,0.0720970969482,-0.125786424463,-0.465946663788,0.0395000052429,
1450287850.73,-0.693359315332,0.163368953723,0.116582539746,0.0717136017517,-0.126936910052,-0.465946663788,0.0379660244568,
1450287850.76,-0.691441839349,0.163368953723,0.11619904455,0.0717136017517,-0.128854386035,-0.466330158984,0.0383495196533,
1450287850.76,-0.689907858563,0.162985458527,0.116582539746,0.0717136017517,-0.130388366821,-0.466330158984,0.0379660244568,
1450287850.77,-0.68914086817,0.163368953723,0.117733025336,0.0713301065552,-0.130388366821,-0.465563168591,0.0383495196533,
1450287850.78,-0.686839896991,0.16260196333,0.117349530139,0.0720970969482,-0.131155357214,-0.465946663788,0.0383495196533,
1450287850.8,-0.686839896991,0.162985458527,0.117349530139,0.0720970969482,-0.130004871625,-0.465179673395,0.0383495196533,
1450287850.8,-0.684922421008,0.16375244892,0.117349530139,0.0720970969482,-0.128854386035,-0.464796178198,0.0395000052429,
1450287850.81,-0.684155430615,0.163368953723,0.117733025336,0.0713301065552,-0.127320405249,-0.464412683002,0.0391165100464,
1450287850.82,-0.683388440222,0.16260196333,0.117349530139,0.0720970969482,-0.124635938873,-0.464796178198,0.0391165100464,
1450287850.84,-0.682237954633,0.163368953723,0.118116520532,0.0720970969482,-0.120800986908,-0.464029187805,0.0395000052429,
1450287850.84,-0.68147096424,0.163368953723,0.118116520532,0.0720970969482,-0.117733025336,-0.465179673395,0.0391165100464,
1450287850.85,-0.681087469043,0.163368953723,0.118500015729,0.0724805921448,-0.114665063763,-0.464796178198,0.0391165100464,
1450287850.86,-0.68032047865,0.163368953723,0.119267006122,0.0724805921448,-0.113131082977,-0.465179673395,0.0391165100464,
1450287850.88,-0.679553488257,0.163368953723,0.120800986908,0.0720970969482,-0.113514578174,-0.464796178198,0.0391165100464,
1450287850.88,-0.679936983453,0.163368953723,0.121184482104,0.0720970969482,-0.111213606995,-0.464796178198,0.0395000052429,
1450287850.89,-0.679553488257,0.16375244892,0.122718462891,0.0724805921448,-0.109296131012,-0.464412683002,0.0379660244568,
1450287850.9,-0.68032047865,0.162985458527,0.123101958087,0.0728640873413,-0.108145645422,-0.464796178198,0.0383495196533,
1450287850.93,-0.68032047865,0.163368953723,0.122718462891,0.0728640873413,-0.105461179047,-0.464412683002,0.0383495196533,
1450287850.93,-0.680703973846,0.162985458527,0.121951472498,0.0736310777344,-0.103543703064,-0.464412683002,0.0379660244568,
1450287850.94,-0.68032047865,0.163368953723,0.122718462891,0.0736310777344,-0.101626227081,-0.464029187805,0.0379660244568,
1450287850.95,-0.68147096424,0.16375244892,0.121951472498,0.074781563324,-0.098558265509,-0.464029187805,0.0379660244568,
1450287850.97,-0.682621449829,0.162985458527,0.122334967694,0.074781563324,-0.0966407895264,-0.462878702216,0.0395000052429,
1450287850.97,-0.683004945026,0.163368953723,0.121951472498,0.0743980681274,-0.0947233135437,-0.462878702216,0.0383495196533,
1450287850.98,-0.684155430615,0.163368953723,0.122334967694,0.0751650585205,-0.0947233135437,-0.462495207019,0.0383495196533,
1450287850.99,-0.684538925812,0.163368953723,0.121567977301,0.0759320489136,-0.0935728279541,-0.461728216626,0.0383495196533,
1450287851.01,-0.685305916205,0.16375244892,0.121184482104,0.075548553717,-0.0931893327576,-0.460961226233,0.0383495196533,
1450287851.01,-0.685689411401,0.164135944116,0.119650501318,0.0751650585205,-0.0935728279541,-0.460961226233,0.0391165100464,
1450287851.02,-0.686456401794,0.164519439313,0.119650501318,0.0766990393066,-0.0958737991333,-0.459810740643,0.0391165100464,
1450287851.03,-0.686839896991,0.164135944116,0.119267006122,0.0763155441101,-0.098558265509,-0.46019423584,0.0395000052429,
1450287851.05,-0.687606887384,0.163368953723,0.119267006122,0.0770825345032,-0.0974077799194,-0.460577731036,0.0383495196533,
1450287851.05,-0.688373877777,0.164135944116,0.119650501318,0.0774660296997,-0.0981747703125,-0.461344721429,0.0391165100464,
1450287851.07,-0.687990382581,0.16375244892,0.119650501318,0.0778495248962,-0.0966407895264,-0.461728216626,0.0379660244568,
1450287851.08,-0.688373877777,0.164519439313,0.118500015729,0.0778495248962,-0.0966407895264,-0.463262197412,0.0395000052429,
1450287851.1,-0.688757372974,0.16375244892,0.118116520532,0.0786165152893,-0.0962572943298,-0.464029187805,0.0391165100464,
1450287851.1,-0.687990382581,0.163368953723,0.118116520532,0.0793835056824,-0.0981747703125,-0.465179673395,0.0375825292603,
1450287851.11,-0.68914086817,0.163368953723,0.118500015729,0.0790000104858,-0.097791275116,-0.466330158984,0.0391165100464,
1450287851.12,-0.688757372974,0.162985458527,0.118883510925,0.0793835056824,-0.0966407895264,-0.467097149377,0.0383495196533,
1450287851.14,-0.68914086817,0.162985458527,0.118116520532,0.0790000104858,-0.0970242847229,-0.469781615753,0.0383495196533,
1450287851.14,-0.688373877777,0.162985458527,0.118116520532,0.0786165152893,-0.0970242847229,-0.472466082129,0.0375825292603,
1450287851.15,-0.687990382581,0.162218468134,0.118883510925,0.0793835056824,-0.0962572943298,-0.475534043701,0.0379660244568,
1450287851.16,-0.688757372974,0.162985458527,0.119650501318,0.0786165152893,-0.097791275116,-0.478602005273,0.0379660244568,
1450287851.18,-0.688373877777,0.162218468134,0.118116520532,0.0793835056824,-0.0966407895264,-0.481669966846,0.0383495196533,
1450287851.18,-0.687990382581,0.162218468134,0.118116520532,0.0782330200928,-0.0970242847229,-0.485121423615,0.0375825292603,
1450287851.19,-0.687990382581,0.162218468134,0.118500015729,0.0790000104858,-0.0954903039368,-0.488572880383,0.0383495196533,
1450287851.2,-0.687990382581,0.162218468134,0.119267006122,0.0782330200928,-0.0954903039368,-0.492024337152,0.0391165100464,
1450287851.22,-0.688373877777,0.16260196333,0.118500015729,0.0786165152893,-0.0943398183472,-0.495475793921,0.0379660244568,
1450287851.22,-0.68914086817,0.161834972937,0.118500015729,0.0786165152893,-0.0916553519714,-0.49892725069,0.0375825292603,
1450287851.23,-0.687990382581,0.162218468134,0.118883510925,0.0782330200928,-0.0889708855957,-0.501995212262,0.0379660244568,
1450287851.24,-0.688757372974,0.161834972937,0.118883510925,0.0790000104858,-0.0855194288269,-0.504679678638,0.0395000052429,
1450287851.27,-0.688373877777,0.162218468134,0.118883510925,0.0786165152893,-0.0816844768616,-0.507364145013,0.0391165100464,
1450287851.27,-0.68914086817,0.16260196333,0.120033996515,0.0790000104858,-0.0809174864685,-0.5088981258,0.0391165100464,
1450287851.28,-0.689907858563,0.16145147774,0.120417491711,0.0786165152893,-0.0809174864685,-0.510815601782,0.0391165100464,
1450287851.29,-0.689524363367,0.16145147774,0.121184482104,0.0797670008789,-0.0797670008789,-0.512349582568,0.0383495196533,
1450287851.31,-0.691058344153,0.16260196333,0.119650501318,0.0797670008789,-0.0801504960754,-0.511966087372,0.0383495196533,
1450287851.31,-0.691825334546,0.16260196333,0.120417491711,0.0801504960754,-0.0790000104858,-0.511966087372,0.0379660244568,
1450287851.32,-0.692208829742,0.163368953723,0.120033996515,0.080533991272,-0.0786165152893,-0.511199096979,0.0383495196533,
1450287851.33,-0.693359315332,0.163368953723,0.119267006122,0.0797670008789,-0.0786165152893,-0.510432106586,0.0379660244568,
1450287851.35,-0.693359315332,0.162985458527,0.118883510925,0.0809174864685,-0.0797670008789,-0.509281620996,0.0391165100464,
1450287851.35,-0.694126305725,0.162985458527,0.118883510925,0.0820679720581,-0.0801504960754,-0.507364145013,0.0391165100464,
1450287851.36,-0.694509800922,0.16375244892,0.119650501318,0.0828349624512,-0.0797670008789,-0.506980649817,0.0383495196533,
1450287851.37,-0.695660286511,0.16260196333,0.118883510925,0.0839854480408,-0.080533991272,-0.505446669031,0.0383495196533,
1450287851.39,-0.696810772101,0.163368953723,0.118883510925,0.0855194288269,-0.0820679720581,-0.504296183441,0.0383495196533,
1450287851.39,-0.696810772101,0.162985458527,0.118883510925,0.08628641922,-0.0839854480408,-0.503529193048,0.0391165100464,
1450287851.4,-0.69796125769,0.162218468134,0.118883510925,0.0874369048096,-0.0874369048096,-0.502378707458,0.0391165100464,
1450287851.41,-0.697577762494,0.161834972937,0.119267006122,0.0885873903992,-0.092038847168,-0.501611717065,0.0383495196533,
1450287851.43,-0.698344752887,0.162218468134,0.118883510925,0.0897378759888,-0.0943398183472,-0.500844726672,0.0383495196533,
1450287851.43,-0.698728248083,0.162218468134,0.117349530139,0.0905048663818,-0.0947233135437,-0.500461231476,0.0383495196533,
1450287851.44,-0.698344752887,0.16145147774,0.116966034943,0.0908883615784,-0.0954903039368,-0.499694241083,0.0383495196533,
1450287851.45,-0.69796125769,0.16145147774,0.117349530139,0.0912718567749,-0.0958737991333,-0.49892725069,0.0391165100464,
1450287851.47,-0.69796125769,0.160684487347,0.116966034943,0.0912718567749,-0.0954903039368,-0.498543755493,0.0383495196533,
1450287851.47,-0.698344752887,0.161067982544,0.116582539746,0.0912718567749,-0.0962572943298,-0.499310745886,0.0391165100464,
1450287851.49,-0.69796125769,0.161067982544,0.116582539746,0.0912718567749,-0.0966407895264,-0.49892725069,0.0383495196533,
1450287851.5,-0.697194267297,0.160684487347,0.116582539746,0.0916553519714,-0.0989417607056,-0.499310745886,0.0391165100464,
1450287851.52,-0.696810772101,0.160684487347,0.116582539746,0.0916553519714,-0.100092246295,-0.49892725069,0.0391165100464,
1450287851.52,-0.695660286511,0.160300992151,0.116582539746,0.092038847168,-0.100859236688,-0.49892725069,0.0383495196533,
1450287851.53,-0.694893296118,0.159917496954,0.116582539746,0.0912718567749,-0.102009722278,-0.499694241083,0.0395000052429,
1450287851.54,-0.693742810529,0.159534001758,0.11619904455,0.0916553519714,-0.102776712671,-0.499694241083,0.0383495196533,
1450287851.56,-0.692975820135,0.159150506561,0.116582539746,0.0916553519714,-0.10507768385,-0.500461231476,0.0391165100464,
1450287851.56,-0.691825334546,0.159534001758,0.116582539746,0.092038847168,-0.105844674243,-0.499694241083,0.0383495196533,
1450287851.57,-0.691825334546,0.158383516168,0.116582539746,0.0916553519714,-0.105844674243,-0.500077736279,0.0383495196533,
1450287851.58,-0.69029135376,0.158383516168,0.116582539746,0.0916553519714,-0.105844674243,-0.499310745886,0.0383495196533,
1450287851.6,-0.689907858563,0.158383516168,0.117349530139,0.0916553519714,-0.107762150226,-0.49892725069,0.0383495196533,
1450287851.6,-0.687990382581,0.158000020972,0.116966034943,0.0916553519714,-0.108145645422,-0.49892725069,0.0395000052429,
1450287851.61,-0.687606887384,0.158000020972,0.116966034943,0.0924223423645,-0.107762150226,-0.499694241083,0.0391165100464,
1450287851.62,-0.686456401794,0.158000020972,0.116582539746,0.0916553519714,-0.108529140619,-0.499694241083,0.0383495196533,
1450287851.64,-0.686072906598,0.158000020972,0.117349530139,0.0912718567749,-0.107762150226,-0.499694241083,0.0383495196533,
1450287851.64,-0.684538925812,0.157616525775,0.117349530139,0.0916553519714,-0.106611664636,-0.499310745886,0.0383495196533,
1450287851.65,-0.684155430615,0.157616525775,0.117733025336,0.0916553519714,-0.103543703064,-0.499310745886,0.0383495196533,
1450287851.66,-0.683771935419,0.158383516168,0.116966034943,0.0912718567749,-0.097791275116,-0.499310745886,0.0383495196533,
1450287851.69,-0.682621449829,0.157616525775,0.117349530139,0.0916553519714,-0.0931893327576,-0.499694241083,0.0379660244568,
1450287851.69,-0.682621449829,0.158383516168,0.120033996515,0.092038847168,-0.092038847168,-0.499310745886,0.0395000052429,
1450287851.7,-0.682237954633,0.158383516168,0.121567977301,0.0916553519714,-0.092038847168,-0.49892725069,0.0383495196533,
1450287851.71,-0.682621449829,0.158767011365,0.123485453284,0.092038847168,-0.0901213711853,-0.498543755493,0.0383495196533,
1450287851.73,-0.682621449829,0.158383516168,0.125402929266,0.0916553519714,-0.0882038952026,-0.4977767651,0.0379660244568,
1450287851.73,-0.683388440222,0.158000020972,0.126936910052,0.0924223423645,-0.0874369048096,-0.498543755493,0.0383495196533,
1450287851.74,-0.683771935419,0.158767011365,0.126936910052,0.092038847168,-0.0851359336304,-0.497393269904,0.0379660244568,
1450287851.75,-0.683771935419,0.158767011365,0.126936910052,0.0924223423645,-0.0828349624512,-0.495859289117,0.0391165100464,
1450287851.77,-0.684922421008,0.158767011365,0.126553414856,0.092038847168,-0.0797670008789,-0.495859289117,0.0379660244568,
1450287851.77,-0.686456401794,0.158000020972,0.12501943407,0.0912718567749,-0.0774660296997,-0.494708803528,0.0383495196533,
1450287851.78,-0.686456401794,0.158383516168,0.125402929266,0.092038847168,-0.0751650585205,-0.494325308331,0.0383495196533,
1450287851.79,-0.687223392188,0.158000020972,0.124252443677,0.092805837561,-0.0736310777344,-0.494325308331,0.0383495196533,
1450287851.81,-0.687223392188,0.158000020972,0.123101958087,0.092038847168,-0.0724805921448,-0.492407832349,0.0383495196533,
1450287851.81,-0.688757372974,0.158383516168,0.122718462891,0.092038847168,-0.0724805921448,-0.492407832349,0.0395000052429,
1450287851.82,-0.689524363367,0.158000020972,0.121567977301,0.0916553519714,-0.0740145729309,-0.492024337152,0.0379660244568,
1450287851.83,-0.691058344153,0.158000020972,0.121567977301,0.0916553519714,-0.0724805921448,-0.491640841956,0.0383495196533,
1450287851.85,-0.691058344153,0.158383516168,0.118883510925,0.0916553519714,-0.0724805921448,-0.490873851563,0.0383495196533,
1450287851.85,-0.692208829742,0.158000020972,0.116966034943,0.092038847168,-0.0724805921448,-0.490490356366,0.0383495196533,
1450287851.86,-0.692592324939,0.157616525775,0.11619904455,0.0916553519714,-0.0736310777344,-0.490106861169,0.0379660244568,
1450287851.87,-0.693742810529,0.158000020972,0.116582539746,0.092038847168,-0.0740145729309,-0.489723365973,0.0379660244568,
1450287851.9,-0.694126305725,0.157233030579,0.117349530139,0.092038847168,-0.0732475825378,-0.489723365973,0.0383495196533,
1450287851.9,-0.694509800922,0.157616525775,0.118500015729,0.092805837561,-0.0736310777344,-0.490490356366,0.0383495196533,
1450287851.9,-0.694893296118,0.157233030579,0.117733025336,0.092038847168,-0.0736310777344,-0.489723365973,0.0383495196533,
1450287851.92,-0.695276791315,0.157616525775,0.116582539746,0.092038847168,-0.0740145729309,-0.490490356366,0.0383495196533,
1450287851.94,-0.695276791315,0.157233030579,0.116582539746,0.092038847168,-0.074781563324,-0.489723365973,0.0379660244568,
1450287851.94,-0.694509800922,0.157233030579,0.115815549353,0.092038847168,-0.0770825345032,-0.490106861169,0.0383495196533,
1450287851.95,-0.694893296118,0.158000020972,0.115432054156,0.092038847168,-0.0786165152893,-0.490490356366,0.0383495196533,
1450287851.96,-0.694509800922,0.156849535382,0.114665063763,0.092805837561,-0.0801504960754,-0.490490356366,0.0383495196533,
1450287851.98,-0.694126305725,0.156849535382,0.113514578174,0.092038847168,-0.0828349624512,-0.491257346759,0.0395000052429,
1450287851.98,-0.693359315332,0.156849535382,0.114281568567,0.0924223423645,-0.0828349624512,-0.490106861169,0.0383495196533,
1450287851.99,-0.692975820135,0.157233030579,0.114665063763,0.0916553519714,-0.0847524384338,-0.491257346759,0.0379660244568,
1450287852.0,-0.691825334546,0.157616525775,0.114281568567,0.0916553519714,-0.08628641922,-0.490106861169,0.0379660244568,
1450287852.02,-0.69029135376,0.156849535382,0.113131082977,0.0924223423645,-0.0893543807922,-0.491257346759,0.0391165100464,
1450287852.02,-0.689524363367,0.157616525775,0.112364092584,0.0924223423645,-0.0908883615784,-0.490490356366,0.0391165100464,
1450287852.03,-0.688757372974,0.156849535382,0.112747587781,0.092038847168,-0.0924223423645,-0.490490356366,0.0383495196533,
1450287852.04,-0.687990382581,0.156082544989,0.113131082977,0.0916553519714,-0.0943398183472,-0.490490356366,0.0391165100464,
1450287852.06,-0.686072906598,0.156849535382,0.113514578174,0.092038847168,-0.0970242847229,-0.491640841956,0.0391165100464,
1450287852.06,-0.684538925812,0.156082544989,0.114281568567,0.0924223423645,-0.0993252559021,-0.491257346759,0.0391165100464,
1450287852.08,-0.684155430615,0.156082544989,0.113514578174,0.0916553519714,-0.100092246295,-0.491257346759,0.0391165100464,
1450287852.09,-0.683388440222,0.156082544989,0.114665063763,0.0916553519714,-0.102393217474,-0.490873851563,0.0383495196533,
1450287852.11,-0.683388440222,0.156082544989,0.114281568567,0.092038847168,-0.101626227081,-0.491640841956,0.0395000052429,
1450287852.11,-0.682237954633,0.156466040186,0.114665063763,0.0912718567749,-0.100092246295,-0.491257346759,0.0383495196533,
1450287852.12,-0.680703973846,0.156466040186,0.114665063763,0.0924223423645,-0.0981747703125,-0.491257346759,0.0391165100464,
1450287852.13,-0.68032047865,0.156849535382,0.114665063763,0.0916553519714,-0.0951068087402,-0.492024337152,0.0383495196533,
1450287852.15,-0.680703973846,0.157233030579,0.114665063763,0.092805837561,-0.0908883615784,-0.492407832349,0.0383495196533,
1450287852.15,-0.679553488257,0.156466040186,0.114665063763,0.0916553519714,-0.087053409613,-0.491640841956,0.0398835004395,
1450287852.16,-0.678786497864,0.156082544989,0.11619904455,0.0912718567749,-0.0874369048096,-0.491640841956,0.0379660244568,
1450287852.17,-0.678786497864,0.156466040186,0.116582539746,0.092038847168,-0.08628641922,-0.491640841956,0.0391165100464,
1450287852.19,-0.678403002667,0.156466040186,0.118116520532,0.0912718567749,-0.0843689432373,-0.492024337152,0.0379660244568,
1450287852.19,-0.67916999306,0.156466040186,0.119267006122,0.0916553519714,-0.0832184576477,-0.492024337152,0.0383495196533,
1450287852.2,-0.679553488257,0.156466040186,0.120417491711,0.0912718567749,-0.0832184576477,-0.492407832349,0.0383495196533,
1450287852.21,-0.679553488257,0.156466040186,0.119650501318,0.0912718567749,-0.080533991272,-0.491640841956,0.0391165100464,
1450287852.23,-0.680703973846,0.156466040186,0.120417491711,0.0916553519714,-0.0782330200928,-0.491640841956,0.0383495196533,
1450287852.23,-0.68032047865,0.156849535382,0.120417491711,0.0924223423645,-0.075548553717,-0.491257346759,0.0395000052429,
1450287852.24,-0.68147096424,0.156082544989,0.120800986908,0.092038847168,-0.0736310777344,-0.490873851563,0.0379660244568,
1450287852.25,-0.681854459436,0.156466040186,0.120417491711,0.0916553519714,-0.0709466113586,-0.491257346759,0.0391165100464,
1450287852.27,-0.683004945026,0.155315554596,0.120417491711,0.0916553519714,-0.069029135376,-0.490873851563,0.0379660244568,
1450287852.27,-0.684155430615,0.156466040186,0.120417491711,0.092805837561,-0.0655776786072,-0.490873851563,0.0383495196533,
1450287852.28,-0.685305916205,0.155315554596,0.120417491711,0.092038847168,-0.064043697821,-0.491640841956,0.0391165100464,
1450287852.29,-0.686839896991,0.155699049792,0.120033996515,0.0916553519714,-0.0602087458557,-0.491257346759,0.0395000052429,
1450287852.32,-0.687990382581,0.155315554596,0.119650501318,0.0912718567749,-0.0571407842834,-0.492024337152,0.0383495196533,
1450287852.32,-0.689907858563,0.155315554596,0.119267006122,0.0912718567749,-0.0544563179077,-0.491257346759,0.0379660244568,
1450287852.33,-0.691058344153,0.155315554596,0.119267006122,0.0916553519714,-0.0529223371216,-0.490873851563,0.0379660244568,
1450287852.34,-0.692208829742,0.155699049792,0.118500015729,0.0916553519714,-0.051771851532,-0.490106861169,0.0395000052429,
1450287852.36,-0.693359315332,0.156466040186,0.117349530139,0.0912718567749,-0.0510048611389,-0.491640841956,0.0379660244568,
1450287852.36,-0.694893296118,0.155699049792,0.117733025336,0.0916553519714,-0.0510048611389,-0.490106861169,0.0379660244568,
1450287852.37,-0.695660286511,0.156082544989,0.11619904455,0.092038847168,-0.0533058323181,-0.490873851563,0.0383495196533,
1450287852.38,-0.69796125769,0.155315554596,0.116582539746,0.0916553519714,-0.0571407842834,-0.490873851563,0.0383495196533,
1450287852.4,-0.69911174328,0.156466040186,0.116582539746,0.092038847168,-0.0571407842834,-0.490873851563,0.0383495196533,
1450287852.4,-0.699878733673,0.156466040186,0.116582539746,0.0924223423645,-0.0563737938904,-0.491640841956,0.0383495196533,
1450287852.41,-0.700645724066,0.156466040186,0.115815549353,0.0916553519714,-0.058291269873,-0.490873851563,0.0391165100464,
1450287852.42,-0.701412714459,0.155699049792,0.115815549353,0.092805837561,-0.05752427948,-0.490873851563,0.0383495196533,
1450287852.44,-0.701412714459,0.156082544989,0.114281568567,0.0924223423645,-0.058291269873,-0.490873851563,0.0383495196533,
1450287852.44,-0.701412714459,0.155699049792,0.115432054156,0.092038847168,-0.0598252506592,-0.490490356366,0.0391165100464,
1450287852.45,-0.701412714459,0.156082544989,0.113514578174,0.0916553519714,-0.0625097170349,-0.490490356366,0.0383495196533,
1450287852.46,-0.701412714459,0.155315554596,0.113131082977,0.092038847168,-0.064043697821,-0.491257346759,0.0383495196533,
1450287852.49,-0.701796209656,0.155315554596,0.114281568567,0.092038847168,-0.0667281641968,-0.491640841956,0.0379660244568,
1450287852.49,-0.701029219263,0.155315554596,0.112364092584,0.092038847168,-0.069796125769,-0.490490356366,0.0383495196533,
1450287852.5,-0.700645724066,0.155699049792,0.112364092584,0.092038847168,-0.0736310777344,-0.491640841956,0.0383495196533,
1450287852.51,-0.700645724066,0.154932059399,0.111597102191,0.0916553519714,-0.075548553717,-0.491640841956,0.0379660244568,
1450287852.53,-0.69911174328,0.155315554596,0.111597102191,0.0912718567749,-0.0774660296997,-0.492024337152,0.0379660244568,
1450287852.53,-0.698728248083,0.155699049792,0.111980597388,0.0912718567749,-0.081300981665,-0.491640841956,0.0379660244568,
1450287852.54,-0.696810772101,0.155315554596,0.111213606995,0.092038847168,-0.0851359336304,-0.491640841956,0.0391165100464,
1450287852.55,-0.696043781708,0.154548564203,0.112364092584,0.0912718567749,-0.0893543807922,-0.492791327545,0.0383495196533,
1450287852.57,-0.694126305725,0.154165069006,0.110830111798,0.0916553519714,-0.0951068087402,-0.492407832349,0.0383495196533,
1450287852.57,-0.693359315332,0.153398078613,0.111597102191,0.0916553519714,-0.0981747703125,-0.492024337152,0.0395000052429,
1450287852.58,-0.692975820135,0.154932059399,0.111597102191,0.092038847168,-0.100859236688,-0.492024337152,0.0395000052429,
1450287852.59,-0.691825334546,0.154548564203,0.111980597388,0.0912718567749,-0.102393217474,-0.491257346759,0.0395000052429,
1450287852.61,-0.690674848956,0.153398078613,0.111980597388,0.0912718567749,-0.102393217474,-0.492407832349,0.0383495196533,
1450287852.61,-0.690674848956,0.15378157381,0.111597102191,0.0912718567749,-0.102393217474,-0.492024337152,0.0383495196533,
1450287852.62,-0.68914086817,0.153398078613,0.112747587781,0.0916553519714,-0.103160207867,-0.492024337152,0.0379660244568,
1450287852.64,-0.687990382581,0.15263108822,0.111980597388,0.0916553519714,-0.102009722278,-0.491640841956,0.0383495196533,
1450287852.66,-0.687223392188,0.151480602631,0.113131082977,0.0916553519714,-0.101242731885,-0.491640841956,0.0391165100464,
1450287852.66,-0.685689411401,0.15263108822,0.113131082977,0.0912718567749,-0.100092246295,-0.491257346759,0.0395000052429,
1450287852.67,-0.685689411401,0.151480602631,0.114281568567,0.092038847168,-0.0993252559021,-0.490490356366,0.0383495196533,
1450287852.68,-0.685305916205,0.15263108822,0.114281568567,0.0912718567749,-0.0989417607056,-0.490490356366,0.0379660244568,
1450287852.7,-0.685305916205,0.151864097827,0.115432054156,0.0912718567749,-0.097791275116,-0.490490356366,0.0383495196533,
1450287852.7,-0.684155430615,0.152247593024,0.115815549353,0.0912718567749,-0.097791275116,-0.490490356366,0.0391165100464,
1450287852.71,-0.685305916205,0.151480602631,0.115815549353,0.0912718567749,-0.0962572943298,-0.491257346759,0.0379660244568,
1450287852.72,-0.684922421008,0.151480602631,0.116966034943,0.0912718567749,-0.0943398183472,-0.491257346759,0.0383495196533,
1450287852.74,-0.684538925812,0.153014583417,0.116582539746,0.0912718567749,-0.092805837561,-0.490873851563,0.0383495196533,
1450287852.74,-0.685305916205,0.151864097827,0.11619904455,0.0912718567749,-0.0905048663818,-0.490106861169,0.0383495196533,
1450287852.75,-0.685305916205,0.15263108822,0.115815549353,0.0912718567749,-0.0878204000061,-0.491257346759,0.0395000052429,
1450287852.76,-0.686072906598,0.151480602631,0.11619904455,0.0916553519714,-0.0855194288269,-0.490490356366,0.0391165100464,
1450287852.78,-0.686456401794,0.151480602631,0.115815549353,0.0916553519714,-0.0828349624512,-0.490490356366,0.0383495196533,
1450287852.78,-0.688373877777,0.152247593024,0.116582539746,0.0912718567749,-0.0809174864685,-0.490490356366,0.0391165100464,
1450287852.79,-0.687223392188,0.151864097827,0.115432054156,0.092038847168,-0.0786165152893,-0.490490356366,0.0391165100464,
1450287852.8,-0.68914086817,0.151864097827,0.11504855896,0.0916553519714,-0.0759320489136,-0.490106861169,0.0391165100464,
1450287852.83,-0.689907858563,0.15263108822,0.115432054156,0.0916553519714,-0.0740145729309,-0.490490356366,0.0395000052429,
1450287852.83,-0.691058344153,0.152247593024,0.115815549353,0.092038847168,-0.0720970969482,-0.490106861169,0.0383495196533,
1450287852.84,-0.691441839349,0.152247593024,0.115432054156,0.0912718567749,-0.069796125769,-0.489339870776,0.0395000052429,
1450287852.85,-0.691825334546,0.151864097827,0.115432054156,0.092038847168,-0.0682621449829,-0.490106861169,0.0391165100464,
1450287852.87,-0.693359315332,0.151864097827,0.11504855896,0.0916553519714,-0.0667281641968,-0.48895637558,0.0375825292603,
1450287852.87,-0.694893296118,0.151864097827,0.11619904455,0.0916553519714,-0.0667281641968,-0.48895637558,0.0395000052429,
1450287852.88,-0.695660286511,0.151864097827,0.114665063763,0.0924223423645,-0.0667281641968,-0.488189385187,0.0383495196533,
1450287852.89,-0.696043781708,0.152247593024,0.115432054156,0.0912718567749,-0.0659611738037,-0.488572880383,0.0383495196533,
1450287852.91,-0.697577762494,0.151864097827,0.115432054156,0.092038847168,-0.0671116593933,-0.488189385187,0.0379660244568,
1450287852.91,-0.69796125769,0.152247593024,0.114665063763,0.092038847168,-0.0678786497864,-0.48780588999,0.0383495196533,
1450287852.92,-0.698728248083,0.151864097827,0.114665063763,0.0924223423645,-0.0682621449829,-0.48780588999,0.0391165100464,
1450287852.93,-0.699495238477,0.15263108822,0.11504855896,0.092038847168,-0.0678786497864,-0.48780588999,0.0383495196533,
1450287852.95,-0.70026222887,0.152247593024,0.11504855896,0.092038847168,-0.0678786497864,-0.487422394794,0.0383495196533,
1450287852.95,-0.701796209656,0.151480602631,0.114665063763,0.0916553519714,-0.0682621449829,-0.486655404401,0.0383495196533,
1450287852.96,-0.701412714459,0.152247593024,0.114665063763,0.0912718567749,-0.069796125769,-0.48780588999,0.0383495196533,
1450287852.97,-0.702179704852,0.151864097827,0.11504855896,0.0916553519714,-0.0682621449829,-0.48780588999,0.0383495196533,
1450287852.99,-0.702179704852,0.151480602631,0.114665063763,0.0916553519714,-0.069029135376,-0.48780588999,0.0379660244568,
1450287852.99,-0.702179704852,0.152247593024,0.114665063763,0.0912718567749,-0.0701796209656,-0.487422394794,0.0395000052429,
1450287853.01,-0.702946695245,0.152247593024,0.113514578174,0.0912718567749,-0.0705631161621,-0.488572880383,0.0383495196533,
1450287853.02,-0.702946695245,0.151480602631,0.113514578174,0.0912718567749,-0.0713301065552,-0.488189385187,0.0383495196533,
1450287853.04,-0.702563200049,0.151864097827,0.114281568567,0.0916553519714,-0.0709466113586,-0.488572880383,0.0383495196533,
1450287853.04,-0.701412714459,0.152247593024,0.113131082977,0.0912718567749,-0.0705631161621,-0.487422394794,0.0383495196533,
1450287853.05,-0.701796209656,0.152247593024,0.112747587781,0.092038847168,-0.0717136017517,-0.48780588999,0.0379660244568,
1450287853.06,-0.702179704852,0.151480602631,0.113131082977,0.0912718567749,-0.0720970969482,-0.487038899597,0.0375825292603,
1450287853.08,-0.701412714459,0.151864097827,0.112747587781,0.092038847168,-0.0732475825378,-0.486655404401,0.0398835004395,
1450287853.08,-0.701412714459,0.152247593024,0.114281568567,0.0924223423645,-0.0736310777344,-0.486655404401,0.0379660244568,
1450287853.09,-0.699878733673,0.152247593024,0.112364092584,0.0924223423645,-0.0732475825378,-0.486655404401,0.0391165100464,
1450287853.1,-0.699495238477,0.151480602631,0.113514578174,0.092038847168,-0.0743980681274,-0.486271909204,0.0383495196533,
1450287853.12,-0.69911174328,0.15263108822,0.114281568567,0.092038847168,-0.0743980681274,-0.486271909204,0.0379660244568,
1450287853.12,-0.698728248083,0.15263108822,0.113514578174,0.092038847168,-0.0736310777344,-0.486655404401,0.0379660244568,
1450287853.13,-0.697194267297,0.151480602631,0.114281568567,0.0924223423645,-0.074781563324,-0.486655404401,0.0383495196533,
1450287853.14,-0.696427276904,0.151864097827,0.113131082977,0.0924223423645,-0.0743980681274,-0.486271909204,0.0391165100464,
1450287853.16,-0.696043781708,0.152247593024,0.113514578174,0.092805837561,-0.0736310777344,-0.486271909204,0.0391165100464,
1450287853.16,-0.695660286511,0.151864097827,0.114281568567,0.092805837561,-0.0709466113586,-0.487038899597,0.0379660244568,
1450287853.17,-0.695276791315,0.15263108822,0.114665063763,0.0931893327576,-0.0705631161621,-0.48780588999,0.0379660244568,
1450287853.18,-0.695276791315,0.15263108822,0.115432054156,0.092805837561,-0.0694126305725,-0.48895637558,0.0391165100464,
1450287853.2,-0.694126305725,0.15263108822,0.11504855896,0.0935728279541,-0.0678786497864,-0.490106861169,0.0379660244568,
1450287853.2,-0.694126305725,0.154548564203,0.114665063763,0.092805837561,-0.0655776786072,-0.490873851563,0.0391165100464,
1450287853.21,-0.694126305725,0.153398078613,0.114281568567,0.0931893327576,-0.0621262218384,-0.493558317938,0.0391165100464,
1450287853.23,-0.692975820135,0.15378157381,0.114281568567,0.0931893327576,-0.058291269873,-0.495092298724,0.0383495196533,
1450287853.25,-0.693742810529,0.15378157381,0.115432054156,0.092805837561,-0.0563737938904,-0.496242784314,0.0379660244568,
1450287853.25,-0.694126305725,0.153014583417,0.11504855896,0.0931893327576,-0.0567572890869,-0.498160260297,0.0383495196533,
1450287853.26,-0.694509800922,0.15378157381,0.115432054156,0.0935728279541,-0.0559902986938,-0.500077736279,0.0391165100464,
1450287853.27,-0.694893296118,0.15378157381,0.11504855896,0.092805837561,-0.0563737938904,-0.501228221869,0.0383495196533,
1450287853.29,-0.696043781708,0.154548564203,0.11504855896,0.092805837561,-0.05752427948,-0.502378707458,0.0383495196533,
1450287853.29,-0.696043781708,0.15378157381,0.115432054156,0.092805837561,-0.0563737938904,-0.503529193048,0.0383495196533,
1450287853.3,-0.697194267297,0.154165069006,0.11504855896,0.092805837561,-0.0571407842834,-0.504296183441,0.0383495196533,
1450287853.31,-0.696810772101,0.154548564203,0.11619904455,0.0924223423645,-0.0579077746765,-0.503912688245,0.0379660244568,
1450287853.33,-0.697577762494,0.15378157381,0.11504855896,0.0924223423645,-0.05752427948,-0.503529193048,0.0379660244568,
1450287853.33,-0.698728248083,0.153398078613,0.115432054156,0.0924223423645,-0.05752427948,-0.503529193048,0.0383495196533,
1450287853.34,-0.69911174328,0.153398078613,0.11504855896,0.0916553519714,-0.05752427948,-0.502378707458,0.0379660244568,
1450287853.35,-0.699495238477,0.153014583417,0.115815549353,0.0924223423645,-0.0602087458557,-0.501611717065,0.0383495196533,
1450287853.37,-0.699878733673,0.153398078613,0.114281568567,0.092038847168,-0.0625097170349,-0.501611717065,0.0391165100464,
1450287853.37,-0.701029219263,0.15263108822,0.114665063763,0.092805837561,-0.0659611738037,-0.501228221869,0.0379660244568,
1450287853.39,-0.701412714459,0.153398078613,0.114281568567,0.0924223423645,-0.0717136017517,-0.501228221869,0.0391165100464,
1450287853.4,-0.701029219263,0.15263108822,0.114281568567,0.092038847168,-0.074781563324,-0.500077736279,0.0395000052429,
1450287853.42,-0.702179704852,0.153014583417,0.113131082977,0.0912718567749,-0.0759320489136,-0.500077736279,0.0383495196533,
1450287853.42,-0.701412714459,0.153014583417,0.113131082977,0.0912718567749,-0.0774660296997,-0.500077736279,0.0379660244568,
1450287853.43,-0.701412714459,0.15263108822,0.112364092584,0.0924223423645,-0.0778495248962,-0.500077736279,0.0379660244568,
1450287853.44,-0.700645724066,0.152247593024,0.111213606995,0.0916553519714,-0.0778495248962,-0.500077736279,0.0391165100464,
1450287853.46,-0.699878733673,0.152247593024,0.111213606995,0.092038847168,-0.0786165152893,-0.499310745886,0.0383495196533,
1450287853.46,-0.70026222887,0.152247593024,0.110830111798,0.0912718567749,-0.0793835056824,-0.499310745886,0.0383495196533,
1450287853.47,-0.699878733673,0.152247593024,0.110446616602,0.092038847168,-0.0809174864685,-0.499310745886,0.0379660244568,
1450287853.48,-0.698344752887,0.151480602631,0.110830111798,0.0912718567749,-0.0832184576477,-0.499310745886,0.0383495196533,
1450287853.5,-0.697577762494,0.15263108822,0.110830111798,0.0916553519714,-0.0851359336304,-0.499694241083,0.0391165100464,
1450287853.5,-0.696043781708,0.151864097827,0.109679626208,0.092805837561,-0.087053409613,-0.499694241083,0.0391165100464,
1450287853.51,-0.694509800922,0.15263108822,0.109679626208,0.0916553519714,-0.0889708855957,-0.500077736279,0.0383495196533,
1450287853.52,-0.693742810529,0.153014583417,0.110063121405,0.092038847168,-0.0897378759888,-0.500461231476,0.0383495196533,
1450287853.55,-0.692208829742,0.152247593024,0.110446616602,0.0916553519714,-0.0924223423645,-0.501228221869,0.0395000052429,
1450287853.55,-0.691441839349,0.152247593024,0.110446616602,0.0916553519714,-0.0947233135437,-0.500461231476,0.0383495196533,
1450287853.56,-0.69029135376,0.153398078613,0.109679626208,0.0924223423645,-0.0974077799194,-0.500844726672,0.0391165100464,
1450287853.57,-0.688757372974,0.15263108822,0.110063121405,0.0916553519714,-0.100475741492,-0.500077736279,0.0391165100464,
1450287853.59,-0.687606887384,0.153014583417,0.110063121405,0.092038847168,-0.102776712671,-0.500077736279,0.0379660244568,
1450287853.59,-0.686456401794,0.15263108822,0.110063121405,0.0916553519714,-0.104310693457,-0.500077736279,0.0379660244568,
1450287853.6,-0.684922421008,0.153014583417,0.109679626208,0.0916553519714,-0.105844674243,-0.499694241083,0.0398835004395,
1450287853.61,-0.683388440222,0.152247593024,0.110830111798,0.092038847168,-0.10622816944,-0.500461231476,0.0379660244568,
1450287853.63,-0.682237954633,0.152247593024,0.110446616602,0.0912718567749,-0.10622816944,-0.501228221869,0.0391165100464,
1450287853.63,-0.681854459436,0.151864097827,0.110830111798,0.0916553519714,-0.106995159833,-0.501611717065,0.0375825292603,
1450287853.64,-0.680703973846,0.152247593024,0.110830111798,0.092038847168,-0.106611664636,-0.501228221869,0.0383495196533,
1450287853.65,-0.67916999306,0.152247593024,0.110830111798,0.0912718567749,-0.105461179047,-0.501611717065,0.0383495196533,
1450287853.67,-0.678403002667,0.153014583417,0.110446616602,0.0912718567749,-0.10392719826,-0.501611717065,0.0383495196533,
1450287853.67,-0.676869021881,0.151864097827,0.110830111798,0.0912718567749,-0.101242731885,-0.501611717065,0.0383495196533,
1450287853.68,-0.676869021881,0.151864097827,0.110446616602,0.092038847168,-0.0974077799194,-0.501611717065,0.0391165100464,
1450287853.69,-0.675718536292,0.151864097827,0.111980597388,0.0912718567749,-0.0947233135437,-0.500844726672,0.0379660244568,
1450287853.71,-0.675718536292,0.152247593024,0.113514578174,0.0912718567749,-0.0958737991333,-0.501995212262,0.0383495196533,
1450287853.71,-0.675718536292,0.151480602631,0.11504855896,0.0924223423645,-0.0951068087402,-0.500844726672,0.0379660244568,
1450287853.72,-0.675718536292,0.152247593024,0.116582539746,0.0912718567749,-0.092805837561,-0.501228221869,0.0391165100464,
1450287853.73,-0.676485526685,0.152247593024,0.118500015729,0.0912718567749,-0.092038847168,-0.501995212262,0.0383495196533,
1450287853.76,-0.676485526685,0.152247593024,0.119650501318,0.0912718567749,-0.0908883615784,-0.501611717065,0.0383495196533,
1450287853.76,-0.676485526685,0.151097107434,0.120033996515,0.0916553519714,-0.0878204000061,-0.501995212262,0.0391165100464,
1450287853.77,-0.677252517078,0.151864097827,0.119650501318,0.0912718567749,-0.0855194288269,-0.500844726672,0.0379660244568,
1450287853.78,-0.677252517078,0.151480602631,0.120417491711,0.0916553519714,-0.0820679720581,-0.500461231476,0.0391165100464,
1450287853.8,-0.678019507471,0.151480602631,0.120033996515,0.0912718567749,-0.0793835056824,-0.500077736279,0.0375825292603,
1450287853.8,-0.67916999306,0.151097107434,0.119650501318,0.0912718567749,-0.0759320489136,-0.500077736279,0.0391165100464,
1450287853.81,-0.680703973846,0.151864097827,0.119650501318,0.0916553519714,-0.0736310777344,-0.499694241083,0.0379660244568,
1450287853.82,-0.681087469043,0.152247593024,0.118883510925,0.0916553519714,-0.0701796209656,-0.500077736279,0.0383495196533,
1450287853.84,-0.682237954633,0.15263108822,0.119650501318,0.092038847168,-0.0674951545898,-0.500077736279,0.0391165100464,
1450287853.84,-0.683771935419,0.151864097827,0.118500015729,0.0916553519714,-0.064043697821,-0.500844726672,0.0395000052429,
1450287853.85,-0.686072906598,0.153014583417,0.119267006122,0.0912718567749,-0.0609757362488,-0.500077736279,0.0383495196533,
1450287853.86,-0.686456401794,0.152247593024,0.117733025336,0.092038847168,-0.058291269873,-0.500844726672,0.0391165100464,
1450287853.88,-0.687990382581,0.15263108822,0.118116520532,0.0916553519714,-0.0548398131042,-0.500461231476,0.0379660244568,
1450287853.88,-0.688373877777,0.15263108822,0.117733025336,0.092038847168,-0.0533058323181,-0.499694241083,0.0383495196533,
1450287853.89,-0.690674848956,0.151864097827,0.116582539746,0.0916553519714,-0.0521553467285,-0.500077736279,0.0383495196533,
1450287853.9,-0.69029135376,0.152247593024,0.115815549353,0.0924223423645,-0.0521553467285,-0.500077736279,0.0383495196533,
1450287853.93,-0.692208829742,0.151864097827,0.11504855896,0.092038847168,-0.0521553467285,-0.500077736279,0.0391165100464,
1450287853.93,-0.693359315332,0.15263108822,0.112747587781,0.092038847168,-0.051771851532,-0.500461231476,0.0379660244568,
1450287853.94,-0.694893296118,0.151864097827,0.112747587781,0.0916553519714,-0.0548398131042,-0.501228221869,0.0379660244568,
1450287853.95,-0.697194267297,0.151864097827,0.113514578174,0.0916553519714,-0.0563737938904,-0.500461231476,0.0379660244568,
1450287853.97,-0.697577762494,0.153398078613,0.113131082977,0.0916553519714,-0.0559902986938,-0.500077736279,0.0383495196533,
1450287853.97,-0.69796125769,0.15263108822,0.114281568567,0.092038847168,-0.0552233083008,-0.500844726672,0.0379660244568,
1450287853.98,-0.69911174328,0.153014583417,0.112747587781,0.092038847168,-0.0559902986938,-0.500077736279,0.0391165100464,
1450287853.99,-0.699495238477,0.15263108822,0.111980597388,0.0924223423645,-0.0563737938904,-0.499694241083,0.0383495196533,
1450287854.01,-0.70026222887,0.15263108822,0.110830111798,0.092038847168,-0.05752427948,-0.49892725069,0.0379660244568,
1450287854.01,-0.70026222887,0.153398078613,0.111597102191,0.0916553519714,-0.0590582602661,-0.499310745886,0.0383495196533,
1450287854.02,-0.699878733673,0.15263108822,0.109679626208,0.092038847168,-0.0605922410522,-0.499694241083,0.0383495196533,
1450287854.03,-0.699495238477,0.15263108822,0.110063121405,0.0916553519714,-0.064043697821,-0.500077736279,0.0391165100464,
1450287854.05,-0.700645724066,0.15263108822,0.110063121405,0.0912718567749,-0.0663446690002,-0.500461231476,0.0383495196533,
1450287854.05,-0.699878733673,0.151480602631,0.109296131012,0.092038847168,-0.0686456401794,-0.500844726672,0.0383495196533,
1450287854.06,-0.699495238477,0.153014583417,0.108912635815,0.0916553519714,-0.0713301065552,-0.500077736279,0.0383495196533,
1450287854.07,-0.698728248083,0.151864097827,0.109679626208,0.0916553519714,-0.0743980681274,-0.500077736279,0.0391165100464,
1450287854.1,-0.697194267297,0.152247593024,0.108145645422,0.092038847168,-0.0774660296997,-0.500077736279,0.0383495196533,
1450287854.1,-0.698344752887,0.151864097827,0.108912635815,0.092038847168,-0.0820679720581,-0.500077736279,0.0383495196533,
1450287854.11,-0.696810772101,0.152247593024,0.108912635815,0.0916553519714,-0.0851359336304,-0.500077736279,0.0391165100464,
1450287854.12,-0.695660286511,0.15263108822,0.109296131012,0.0912718567749,-0.0889708855957,-0.500461231476,0.0375825292603,
1450287854.14,-0.694126305725,0.151480602631,0.108145645422,0.0916553519714,-0.0935728279541,-0.500077736279,0.0383495196533,
1450287854.14,-0.693359315332,0.152247593024,0.108912635815,0.0916553519714,-0.0954903039368,-0.499694241083,0.0383495196533,
1450287854.15,-0.692208829742,0.15263108822,0.108145645422,0.092038847168,-0.098558265509,-0.499694241083,0.0383495196533,
1450287854.16,-0.691441839349,0.152247593024,0.108145645422,0.092038847168,-0.0989417607056,-0.500461231476,0.0395000052429,
1450287854.18,-0.691825334546,0.151864097827,0.108912635815,0.0916553519714,-0.0981747703125,-0.500461231476,0.0379660244568,
1450287854.18,-0.690674848956,0.15263108822,0.108912635815,0.0916553519714,-0.0997087510986,-0.500844726672,0.0383495196533,
1450287854.19,-0.68914086817,0.151480602631,0.110446616602,0.092038847168,-0.097791275116,-0.500461231476,0.0379660244568,
1450287854.2,-0.688757372974,0.151480602631,0.110063121405,0.092038847168,-0.097791275116,-0.500844726672,0.0383495196533,
1450287854.22,-0.687606887384,0.15263108822,0.109679626208,0.0924223423645,-0.097791275116,-0.501228221869,0.0379660244568,
1450287854.22,-0.687606887384,0.151864097827,0.110446616602,0.0924223423645,-0.0981747703125,-0.500844726672,0.0379660244568,
1450287854.23,-0.687223392188,0.151864097827,0.109679626208,0.0916553519714,-0.0970242847229,-0.501228221869,0.0391165100464,
1450287854.24,-0.686839896991,0.15263108822,0.110063121405,0.0916553519714,-0.0966407895264,-0.500077736279,0.0391165100464,
1450287854.26,-0.686456401794,0.152247593024,0.110446616602,0.0924223423645,-0.0958737991333,-0.500461231476,0.0379660244568,
1450287854.26,-0.686072906598,0.151864097827,0.110446616602,0.0912718567749,-0.0958737991333,-0.500844726672,0.0391165100464,
1450287854.28,-0.687223392188,0.15263108822,0.111213606995,0.0916553519714,-0.0954903039368,-0.500461231476,0.0383495196533,
1450287854.29,-0.687606887384,0.151864097827,0.110446616602,0.092038847168,-0.0943398183472,-0.500461231476,0.0383495196533,
1450287854.31,-0.687606887384,0.152247593024,0.110446616602,0.0912718567749,-0.0924223423645,-0.500077736279,0.0379660244568,
1450287854.31,-0.687606887384,0.152247593024,0.110830111798,0.0916553519714,-0.0905048663818,-0.500844726672,0.0391165100464,
1450287854.32,-0.688373877777,0.152247593024,0.110830111798,0.092038847168,-0.0893543807922,-0.499694241083,0.0383495196533,
1450287854.33,-0.688757372974,0.152247593024,0.110063121405,0.0916553519714,-0.0882038952026,-0.501611717065,0.0391165100464,
1450287854.35,-0.68914086817,0.15263108822,0.110830111798,0.0924223423645,-0.087053409613,-0.500461231476,0.0395000052429,
1450287854.35,-0.69029135376,0.151864097827,0.110063121405,0.092038847168,-0.087053409613,-0.499694241083,0.0383495196533,
1450287854.36,-0.690674848956,0.152247593024,0.109679626208,0.092038847168,-0.0866699144165,-0.500461231476,0.0379660244568,
1450287854.37,-0.691058344153,0.153398078613,0.111213606995,0.0912718567749,-0.0859029240234,-0.500461231476,0.0395000052429,
1450287854.39,-0.691825334546,0.15263108822,0.109679626208,0.0916553519714,-0.08628641922,-0.500461231476,0.0391165100464,
1450287854.39,-0.692592324939,0.152247593024,0.110063121405,0.0916553519714,-0.0874369048096,-0.500461231476,0.0383495196533,
1450287854.4,-0.693359315332,0.151864097827,0.109296131012,0.092038847168,-0.0882038952026,-0.500077736279,0.0383495196533,
1450287854.41,-0.693742810529,0.151864097827,0.110063121405,0.0916553519714,-0.0897378759888,-0.499694241083,0.0383495196533,
1450287854.43,-0.694893296118,0.15263108822,0.110446616602,0.0924223423645,-0.0912718567749,-0.500844726672,0.0383495196533,
1450287854.43,-0.694509800922,0.15263108822,0.110830111798,0.0924223423645,-0.0931893327576,-0.499694241083,0.0379660244568,
1450287854.44,-0.693742810529,0.15263108822,0.110830111798,0.092038847168,-0.0943398183472,-0.49892725069,0.0383495196533,
1450287854.45,-0.695276791315,0.15263108822,0.108912635815,0.0924223423645,-0.0947233135437,-0.498160260297,0.0383495196533,
1450287854.47,-0.695276791315,0.15263108822,0.109679626208,0.092805837561,-0.0951068087402,-0.498160260297,0.0395000052429,
1450287854.47,-0.696043781708,0.153014583417,0.110063121405,0.0931893327576,-0.0947233135437,-0.4977767651,0.0391165100464,
1450287854.48,-0.696427276904,0.153398078613,0.110063121405,0.092805837561,-0.0943398183472,-0.497009774707,0.0383495196533,
1450287854.49,-0.696810772101,0.153398078613,0.109679626208,0.0943398183472,-0.0943398183472,-0.49662627951,0.0383495196533,
1450287854.52,-0.696043781708,0.153398078613,0.109679626208,0.0939563231506,-0.0947233135437,-0.494325308331,0.0375825292603,
1450287854.52,-0.696427276904,0.153398078613,0.109296131012,0.0939563231506,-0.0943398183472,-0.493558317938,0.0383495196533,
1450287854.53,-0.69796125769,0.154548564203,0.109679626208,0.0939563231506,-0.0951068087402,-0.492791327545,0.0391165100464,
1450287854.54,-0.69796125769,0.15378157381,0.109679626208,0.0943398183472,-0.0951068087402,-0.491257346759,0.0391165100464,
1450287854.56,-0.697194267297,0.154548564203,0.109679626208,0.0951068087402,-0.0947233135437,-0.489339870776,0.0391165100464,
1450287854.56,-0.697577762494,0.155315554596,0.110063121405,0.0947233135437,-0.0962572943298,-0.488572880383,0.0391165100464,
1450287854.57,-0.69796125769,0.154932059399,0.110063121405,0.0943398183472,-0.0954903039368,-0.488189385187,0.0379660244568,
1450287854.58,-0.697577762494,0.156082544989,0.110063121405,0.0951068087402,-0.0947233135437,-0.48780588999,0.0383495196533,
1450287854.6,-0.697577762494,0.156082544989,0.110063121405,0.0962572943298,-0.0958737991333,-0.488572880383,0.0379660244568,
1450287854.6,-0.697577762494,0.156466040186,0.110063121405,0.0962572943298,-0.0958737991333,-0.489723365973,0.0383495196533,
1450287854.61,-0.697194267297,0.156849535382,0.110446616602,0.0966407895264,-0.0947233135437,-0.490490356366,0.0383495196533,
1450287854.62,-0.697577762494,0.156082544989,0.109296131012,0.0974077799194,-0.0954903039368,-0.493941813135,0.0379660244568,
1450287854.64,-0.697194267297,0.156849535382,0.110446616602,0.097791275116,-0.0943398183472,-0.49662627951,0.0383495196533,
1450287854.64,-0.697577762494,0.156849535382,0.109296131012,0.0989417607056,-0.0951068087402,-0.500077736279,0.0395000052429,
1450287854.65,-0.697577762494,0.157233030579,0.110063121405,0.100092246295,-0.0947233135437,-0.504296183441,0.0379660244568,
1450287854.66,-0.697577762494,0.157233030579,0.110063121405,0.100859236688,-0.0951068087402,-0.508514630603,0.0391165100464,
1450287854.69,-0.697577762494,0.157616525775,0.110446616602,0.101626227081,-0.0947233135437,-0.513500068158,0.0383495196533,
1450287854.69,-0.69796125769,0.157616525775,0.109679626208,0.103543703064,-0.0947233135437,-0.520402981696,0.0379660244568,
1450287854.7,-0.697577762494,0.157616525775,0.109296131012,0.104310693457,-0.0947233135437,-0.525771914447,0.0379660244568,
1450287854.71,-0.69796125769,0.159150506561,0.108912635815,0.104694188654,-0.0939563231506,-0.533058323181,0.0391165100464,
1450287854.73,-0.697577762494,0.159150506561,0.110063121405,0.105461179047,-0.0947233135437,-0.539961236719,0.0383495196533,
1450287854.73,-0.69796125769,0.160300992151,0.109679626208,0.107378655029,-0.0943398183472,-0.548014635846,0.0379660244568,
1450287854.74,-0.698728248083,0.159917496954,0.110063121405,0.108529140619,-0.0954903039368,-0.555684539777,0.0379660244568,
1450287854.75,-0.698344752887,0.160684487347,0.110446616602,0.109679626208,-0.0943398183472,-0.562970948511,0.0391165100464,
1450287854.77,-0.698344752887,0.160684487347,0.110063121405,0.110830111798,-0.0951068087402,-0.569490366852,0.0395000052429,
1450287854.77,-0.698344752887,0.160684487347,0.110446616602,0.112747587781,-0.0943398183472,-0.575626289996,0.0391165100464,
1450287854.78,-0.698344752887,0.16145147774,0.110063121405,0.11389807337,-0.0939563231506,-0.580611727551,0.0391165100464,
1450287854.79,-0.698728248083,0.161834972937,0.110446616602,0.11504855896,-0.0947233135437,-0.585597165106,0.0383495196533,
1450287854.81,-0.698728248083,0.161834972937,0.109679626208,0.115432054156,-0.0947233135437,-0.588665126678,0.0383495196533,
1450287854.81,-0.698344752887,0.162218468134,0.109296131012,0.117349530139,-0.0962572943298,-0.591349593054,0.0391165100464,
1450287854.82,-0.698344752887,0.16145147774,0.109296131012,0.116966034943,-0.0951068087402,-0.592116583447,0.0383495196533,
1450287854.83,-0.698344752887,0.161834972937,0.109679626208,0.118500015729,-0.0951068087402,-0.591733088251,0.0391165100464,
1450287854.85,-0.69796125769,0.161067982544,0.109679626208,0.118883510925,-0.0958737991333,-0.590199107465,0.0391165100464,
1450287854.85,-0.698344752887,0.161834972937,0.110063121405,0.118883510925,-0.0954903039368,-0.587131145892,0.0383495196533,
1450287854.86,-0.697577762494,0.16145147774,0.109296131012,0.118883510925,-0.0951068087402,-0.58406318432,0.0379660244568,
1450287854.87,-0.697577762494,0.160684487347,0.110063121405,0.118116520532,-0.0951068087402,-0.580611727551,0.0375825292603,
1450287854.9,-0.697577762494,0.160684487347,0.109296131012,0.118500015729,-0.0954903039368,-0.576393280389,0.0383495196533,
1450287854.9,-0.697577762494,0.160300992151,0.109679626208,0.117349530139,-0.0943398183472,-0.571791338031,0.0383495196533,
1450287854.91,-0.69796125769,0.159534001758,0.110063121405,0.116582539746,-0.0943398183472,-0.566805900476,0.0383495196533,
1450287854.92,-0.69796125769,0.159150506561,0.109679626208,0.115815549353,-0.0951068087402,-0.561436967725,0.0379660244568,
1450287854.94,-0.69796125769,0.158000020972,0.110830111798,0.115432054156,-0.0951068087402,-0.55645153017,0.0379660244568,
1450287854.94,-0.697194267297,0.157616525775,0.109679626208,0.114665063763,-0.0951068087402,-0.551082597418,0.0379660244568,
1450287854.95,-0.698344752887,0.157616525775,0.110830111798,0.113514578174,-0.0954903039368,-0.54648065506,0.0383495196533,
1450287854.96,-0.697577762494,0.155699049792,0.110063121405,0.113514578174,-0.0943398183472,-0.541111722308,0.0379660244568,
1450287854.98,-0.697194267297,0.155315554596,0.110063121405,0.112364092584,-0.0943398183472,-0.53650977995,0.0379660244568,
1450287854.98,-0.69796125769,0.155315554596,0.110446616602,0.111213606995,-0.0939563231506,-0.532674827985,0.0383495196533,
1450287854.99,-0.69796125769,0.154548564203,0.110446616602,0.110830111798,-0.0939563231506,-0.528456380823,0.0383495196533,
1450287855.0,-0.698728248083,0.153398078613,0.110446616602,0.111213606995,-0.0943398183472,-0.526155409644,0.0383495196533,
1450287855.02,-0.698344752887,0.15263108822,0.110063121405,0.110446616602,-0.0951068087402,-0.522320457678,0.0383495196533,
1450287855.02,-0.69796125769,0.151864097827,0.109679626208,0.109679626208,-0.0943398183472,-0.520402981696,0.0391165100464,
1450287855.03,-0.698344752887,0.151097107434,0.110446616602,0.109679626208,-0.0947233135437,-0.518485505713,0.0379660244568,
1450287855.04,-0.698728248083,0.151097107434,0.109679626208,0.108145645422,-0.0943398183472,-0.517335020123,0.0391165100464,
1450287855.06,-0.698728248083,0.151097107434,0.110063121405,0.108145645422,-0.0943398183472,-0.517335020123,0.0379660244568,
1450287855.06,-0.698344752887,0.150713612238,0.109679626208,0.107762150226,-0.0951068087402,-0.516951524927,0.0379660244568,
1450287855.07,-0.698344752887,0.150330117041,0.110446616602,0.108145645422,-0.0943398183472,-0.518102010516,0.0379660244568,
1450287855.08,-0.69911174328,0.150713612238,0.110063121405,0.108145645422,-0.0947233135437,-0.518869000909,0.0383495196533,
1450287855.1,-0.69911174328,0.151097107434,0.109679626208,0.108912635815,-0.0951068087402,-0.519635991302,0.0383495196533,
1450287855.1,-0.698728248083,0.150713612238,0.110446616602,0.108529140619,-0.0939563231506,-0.522320457678,0.0383495196533,
1450287855.12,-0.69911174328,0.151097107434,0.110830111798,0.108529140619,-0.0943398183472,-0.523854438464,0.0391165100464,
1450287855.13,-0.698344752887,0.151864097827,0.110063121405,0.109679626208,-0.0939563231506,-0.524621428857,0.0383495196533,
1450287855.15,-0.698728248083,0.151864097827,0.109679626208,0.109679626208,-0.0939563231506,-0.525771914447,0.0383495196533,
1450287855.15,-0.698344752887,0.153014583417,0.110446616602,0.109679626208,-0.0947233135437,-0.526922400037,0.0383495196533,
1450287855.16,-0.69911174328,0.15263108822,0.110830111798,0.110063121405,-0.0951068087402,-0.527305895233,0.0383495196533,
1450287855.17,-0.698728248083,0.15378157381,0.109296131012,0.110063121405,-0.0951068087402,-0.528072885626,0.0383495196533,
1450287855.19,-0.69911174328,0.153398078613,0.110446616602,0.111213606995,-0.0951068087402,-0.528839876019,0.0383495196533,
1450287855.19,-0.698728248083,0.154548564203,0.109296131012,0.110063121405,-0.0951068087402,-0.528456380823,0.0379660244568,
1450287855.2,-0.698728248083,0.154165069006,0.110063121405,0.110063121405,-0.0954903039368,-0.528072885626,0.0391165100464,
1450287855.21,-0.698344752887,0.154548564203,0.110063121405,0.109296131012,-0.0962572943298,-0.527305895233,0.0383495196533,
1450287855.23,-0.69911174328,0.154548564203,0.110446616602,0.109679626208,-0.0954903039368,-0.527305895233,0.0383495196533,
1450287855.23,-0.698344752887,0.154548564203,0.110063121405,0.109679626208,-0.0951068087402,-0.527305895233,0.0391165100464,
1450287855.24,-0.698344752887,0.15378157381,0.110063121405,0.109679626208,-0.0951068087402,-0.526922400037,0.0391165100464,
1450287855.25,-0.698344752887,0.15378157381,0.110446616602,0.109296131012,-0.0951068087402,-0.525771914447,0.0391165100464,
1450287855.28,-0.697577762494,0.15263108822,0.110446616602,0.108529140619,-0.0954903039368,-0.524621428857,0.0383495196533,
1450287855.28,-0.69796125769,0.152247593024,0.110063121405,0.108529140619,-0.0947233135437,-0.523854438464,0.0391165100464,
1450287855.29,-0.696810772101,0.152247593024,0.110063121405,0.107762150226,-0.0958737991333,-0.522320457678,0.0375825292603,
1450287855.3,-0.696810772101,0.151480602631,0.110446616602,0.107762150226,-0.0954903039368,-0.520786476892,0.0379660244568,
1450287855.32,-0.697577762494,0.150713612238,0.110446616602,0.107762150226,-0.0947233135437,-0.518102010516,0.0379660244568,
1450287855.32,-0.697194267297,0.149946621844,0.110830111798,0.10622816944,-0.0954903039368,-0.516184534534,0.0391165100464,
1450287855.33,-0.696810772101,0.149179631451,0.110446616602,0.105461179047,-0.0951068087402,-0.513116572961,0.0391165100464,
1450287855.34,-0.696427276904,0.147645650665,0.110063121405,0.104694188654,-0.0947233135437,-0.510432106586,0.0379660244568,
1450287855.36,-0.696043781708,0.147262155469,0.109679626208,0.104694188654,-0.0954903039368,-0.50659715462,0.0383495196533,
1450287855.36,-0.696043781708,0.145728174683,0.110063121405,0.104310693457,-0.0962572943298,-0.502378707458,0.0379660244568,
1450287855.37,-0.695660286511,0.145728174683,0.110446616602,0.104310693457,-0.0951068087402,-0.499310745886,0.0391165100464,
1450287855.38,-0.695276791315,0.14496118429,0.109679626208,0.103543703064,-0.0958737991333,-0.495859289117,0.0391165100464,
1450287855.4,-0.695276791315,0.145344679486,0.110063121405,0.103160207867,-0.0951068087402,-0.491257346759,0.0383495196533,
1450287855.4,-0.695276791315,0.14496118429,0.110063121405,0.102393217474,-0.0966407895264,-0.488572880383,0.0383495196533,
1450287855.41,-0.695276791315,0.144194193896,0.109679626208,0.101626227081,-0.0951068087402,-0.484354433221,0.0383495196533,
1450287855.42,-0.694509800922,0.1438106987,0.110446616602,0.102393217474,-0.0966407895264,-0.481669966846,0.0391165100464,
1450287855.44,-0.694126305725,0.143427203503,0.109679626208,0.101242731885,-0.0958737991333,-0.47898550047,0.0383495196533,
1450287855.44,-0.694126305725,0.143427203503,0.110063121405,0.101242731885,-0.0951068087402,-0.476301034094,0.0391165100464,
1450287855.46,-0.694126305725,0.1438106987,0.110446616602,0.100475741492,-0.0951068087402,-0.473233072522,0.0383495196533,
1450287855.47,-0.694509800922,0.143043708307,0.109679626208,0.0997087510986,-0.0951068087402,-0.471699091736,0.0391165100464,
1450287855.49,-0.694126305725,0.143043708307,0.110446616602,0.100475741492,-0.0947233135437,-0.469398120557,0.0375825292603,
1450287855.49,-0.694126305725,0.143043708307,0.109679626208,0.0993252559021,-0.0951068087402,-0.468247634967,0.0379660244568,
1450287855.5,-0.694126305725,0.143043708307,0.110446616602,0.0989417607056,-0.0951068087402,-0.467097149377,0.0391165100464,
1450287855.51,-0.693742810529,0.143427203503,0.110063121405,0.0989417607056,-0.0958737991333,-0.465946663788,0.0391165100464,
1450287855.53,-0.693742810529,0.143427203503,0.110446616602,0.0981747703125,-0.0951068087402,-0.464796178198,0.0383495196533,
1450287855.53,-0.693742810529,0.143427203503,0.110063121405,0.098558265509,-0.0947233135437,-0.465179673395,0.0375825292603,
1450287855.54,-0.694509800922,0.143427203503,0.109679626208,0.0993252559021,-0.0954903039368,-0.465563168591,0.0395000052429,
1450287855.55,-0.694126305725,0.143043708307,0.110446616602,0.0989417607056,-0.0951068087402,-0.466330158984,0.0391165100464,
1450287855.57,-0.694509800922,0.143427203503,0.109296131012,0.0997087510986,-0.0954903039368,-0.465563168591,0.0391165100464,
1450287855.57,-0.695276791315,0.143043708307,0.110063121405,0.0993252559021,-0.0958737991333,-0.465563168591,0.0383495196533,
1450287855.58,-0.694126305725,0.143427203503,0.109296131012,0.098558265509,-0.0954903039368,-0.465179673395,0.0379660244568,
1450287855.59,-0.695276791315,0.143427203503,0.110063121405,0.0993252559021,-0.0954903039368,-0.465563168591,0.0391165100464,
1450287855.61,-0.694893296118,0.1438106987,0.110446616602,0.0981747703125,-0.0954903039368,-0.465563168591,0.0383495196533,
1450287855.61,-0.694509800922,0.143427203503,0.110063121405,0.098558265509,-0.0947233135437,-0.464796178198,0.0383495196533,
1450287855.62,-0.694893296118,0.143043708307,0.109679626208,0.0993252559021,-0.0954903039368,-0.465563168591,0.0391165100464,
1450287855.63,-0.694126305725,0.143043708307,0.110063121405,0.098558265509,-0.0954903039368,-0.465179673395,0.0395000052429,
1450287855.65,-0.695276791315,0.143043708307,0.109679626208,0.0981747703125,-0.0951068087402,-0.464412683002,0.0395000052429,
1450287855.65,-0.694893296118,0.14266021311,0.109679626208,0.0989417607056,-0.0951068087402,-0.464412683002,0.0379660244568,
1450287855.66,-0.694126305725,0.142276717914,0.110063121405,0.0989417607056,-0.0954903039368,-0.464029187805,0.0379660244568,
1450287855.68,-0.694509800922,0.14266021311,0.110063121405,0.0989417607056,-0.0962572943298,-0.463262197412,0.0391165100464,
1450287855.7,-0.694893296118,0.141509727521,0.109296131012,0.0989417607056,-0.0951068087402,-0.464029187805,0.0383495196533,
1450287855.7,-0.695276791315,0.143043708307,0.109679626208,0.0989417607056,-0.0958737991333,-0.464412683002,0.0391165100464,
1450287855.71,-0.694126305725,0.142276717914,0.110063121405,0.098558265509,-0.0951068087402,-0.463645692609,0.0391165100464,
1450287855.72,-0.693359315332,0.142276717914,0.109296131012,0.0997087510986,-0.0966407895264,-0.464029187805,0.0379660244568,
1450287855.74,-0.693742810529,0.141893222717,0.110830111798,0.0989417607056,-0.0962572943298,-0.463645692609,0.0383495196533,
1450287855.74,-0.693742810529,0.141509727521,0.109679626208,0.0989417607056,-0.0958737991333,-0.463262197412,0.0375825292603,
1450287855.75,-0.693359315332,0.141126232324,0.110063121405,0.0989417607056,-0.0954903039368,-0.463262197412,0.0379660244568,
1450287855.76,-0.693742810529,0.141126232324,0.109679626208,0.0989417607056,-0.0958737991333,-0.462111711823,0.0383495196533,
1450287855.78,-0.692975820135,0.141126232324,0.110063121405,0.098558265509,-0.0958737991333,-0.46019423584,0.0391165100464,
1450287855.78,-0.693359315332,0.141509727521,0.109679626208,0.098558265509,-0.0966407895264,-0.459427245447,0.0391165100464,
1450287855.79,-0.693742810529,0.141126232324,0.109679626208,0.098558265509,-0.0958737991333,-0.458660255054,0.0391165100464,
1450287855.8,-0.693742810529,0.141126232324,0.109679626208,0.098558265509,-0.0954903039368,-0.457509769464,0.0391165100464,
1450287855.82,-0.693359315332,0.140359241931,0.110446616602,0.097791275116,-0.0954903039368,-0.455975788678,0.0391165100464,
1450287855.82,-0.693742810529,0.140742737128,0.110063121405,0.0974077799194,-0.0947233135437,-0.455208798285,0.0391165100464,
1450287855.84,-0.693359315332,0.140742737128,0.109679626208,0.0962572943298,-0.0962572943298,-0.454825303088,0.0379660244568,
1450287855.85,-0.693359315332,0.140359241931,0.110063121405,0.0962572943298,-0.0954903039368,-0.452907827106,0.0383495196533,
1450287855.87,-0.693742810529,0.141126232324,0.110830111798,0.0939563231506,-0.0958737991333,-0.452140836713,0.0379660244568,
1450287855.87,-0.692975820135,0.140359241931,0.109679626208,0.0924223423645,-0.0951068087402,-0.45137384632,0.0383495196533,
1450287855.88,-0.693359315332,0.140359241931,0.110063121405,0.0916553519714,-0.0954903039368,-0.450606855927,0.0383495196533,
1450287855.89,-0.693359315332,0.140742737128,0.109679626208,0.0908883615784,-0.0951068087402,-0.45022336073,0.0383495196533,
1450287855.91,-0.692975820135,0.140742737128,0.110446616602,0.0897378759888,-0.0958737991333,-0.449456370337,0.0391165100464,
1450287855.91,-0.693359315332,0.139975746735,0.110830111798,0.087053409613,-0.0951068087402,-0.44907287514,0.0383495196533,
1450287855.92,-0.693359315332,0.139975746735,0.110063121405,0.08628641922,-0.0951068087402,-0.448305884747,0.0379660244568,
1450287855.93,-0.692975820135,0.139975746735,0.110063121405,0.0836019528442,-0.0954903039368,-0.447155399158,0.0383495196533,
1450287855.95,-0.693742810529,0.139975746735,0.111213606995,0.0828349624512,-0.0962572943298,-0.446004913568,0.0383495196533,
1450287855.95,-0.693359315332,0.140359241931,0.109679626208,0.080533991272,-0.0958737991333,-0.444087437585,0.0379660244568,
1450287855.96,-0.692975820135,0.139975746735,0.110063121405,0.0786165152893,-0.0958737991333,-0.442553456799,0.0383495196533,
1450287855.97,-0.692592324939,0.140359241931,0.109679626208,0.0778495248962,-0.0958737991333,-0.440635980817,0.0379660244568,
1450287856.0,-0.693742810529,0.139592251538,0.110830111798,0.0751650585205,-0.0951068087402,-0.438718504834,0.0383495196533,
1450287856.0,-0.692975820135,0.139592251538,0.110446616602,0.0736310777344,-0.0947233135437,-0.436801028851,0.0395000052429,
1450287856.01,-0.693359315332,0.139592251538,0.110063121405,0.0713301065552,-0.0954903039368,-0.434116562476,0.0395000052429,
1450287856.02,-0.693359315332,0.138825261145,0.109679626208,0.0709466113586,-0.0951068087402,-0.4314320961,0.0383495196533,
1450287856.04,-0.693742810529,0.138441765948,0.109679626208,0.0682621449829,-0.0947233135437,-0.428364134528,0.0391165100464,
1450287856.04,-0.693742810529,0.138441765948,0.110063121405,0.0659611738037,-0.0954903039368,-0.424912677759,0.0383495196533,
1450287856.05,-0.694126305725,0.138058270752,0.110063121405,0.0648106882141,-0.0943398183472,-0.422228211383,0.0395000052429,
1450287856.06,-0.693742810529,0.138441765948,0.110063121405,0.0628932122314,-0.0947233135437,-0.418776754614,0.0391165100464,
1450287856.08,-0.693742810529,0.137674775555,0.110446616602,0.0602087458557,-0.0951068087402,-0.414941802649,0.0395000052429,
1450287856.08,-0.694126305725,0.138058270752,0.109679626208,0.058291269873,-0.0954903039368,-0.41149034588,0.0391165100464,
1450287856.09,-0.694126305725,0.137674775555,0.110446616602,0.0559902986938,-0.0951068087402,-0.408422384308,0.0383495196533,
1450287856.1,-0.694126305725,0.137291280359,0.110063121405,0.0533058323181,-0.0958737991333,-0.404970927539,0.0379660244568,
1450287856.12,-0.694509800922,0.137674775555,0.109679626208,0.051771851532,-0.0951068087402,-0.401135975574,0.0391165100464,
1450287856.12,-0.693742810529,0.137291280359,0.110063121405,0.0498543755493,-0.0947233135437,-0.397301023608,0.0383495196533,
1450287856.13,-0.694126305725,0.138058270752,0.110446616602,0.0475534043701,-0.0947233135437,-0.39384956684,0.0383495196533,
1450287856.14,-0.694126305725,0.137291280359,0.110446616602,0.0464029187805,-0.0947233135437,-0.391165100464,0.0383495196533,
1450287856.16,-0.693742810529,0.137674775555,0.110063121405,0.0456359283875,-0.0947233135437,-0.388097138892,0.0383495196533,
1450287856.16,-0.694126305725,0.137291280359,0.110830111798,0.0441019476013,-0.0947233135437,-0.386179662909,0.0379660244568,
1450287856.17,-0.695276791315,0.138441765948,0.110446616602,0.0425679668152,-0.0947233135437,-0.384262186926,0.0383495196533,
1450287856.18,-0.694893296118,0.138825261145,0.110063121405,0.0414174812256,-0.0947233135437,-0.382344710944,0.0383495196533,
1450287856.21,-0.694509800922,0.138058270752,0.110446616602,0.0406504908325,-0.0943398183472,-0.380810730157,0.0383495196533,
1450287856.21,-0.695660286511,0.137674775555,0.110063121405,0.0406504908325,-0.0947233135437,-0.381194225354,0.0383495196533,
1450287856.22,-0.695660286511,0.138441765948,0.109296131012,0.040266995636,-0.0947233135437,-0.380427234961,0.0383495196533,
1450287856.23,-0.696043781708,0.138441765948,0.110063121405,0.040266995636,-0.0947233135437,-0.380427234961,0.0375825292603,
1450287856.25,-0.695660286511,0.138441765948,0.110830111798,0.0406504908325,-0.0939563231506,-0.381577720551,0.0383495196533,
1450287856.25,-0.696810772101,0.138441765948,0.109679626208,0.0406504908325,-0.0943398183472,-0.382344710944,0.0383495196533,
1450287856.26,-0.696427276904,0.138441765948,0.110063121405,0.0418009764221,-0.0943398183472,-0.383495196533,0.0383495196533,
1450287856.27,-0.697577762494,0.139592251538,0.110446616602,0.0410339860291,-0.0947233135437,-0.38387869173,0.0383495196533,
1450287856.29,-0.697577762494,0.138825261145,0.109679626208,0.0414174812256,-0.0947233135437,-0.384645682123,0.0383495196533,
1450287856.29,-0.698344752887,0.139592251538,0.110063121405,0.0418009764221,-0.0943398183472,-0.384645682123,0.0391165100464,
1450287856.3,-0.698344752887,0.140359241931,0.110446616602,0.0425679668152,-0.0943398183472,-0.385796167712,0.0379660244568,
1450287856.31,-0.698728248083,0.140359241931,0.110446616602,0.0429514620117,-0.0939563231506,-0.386946653302,0.0391165100464,
1450287856.33,-0.69911174328,0.141893222717,0.109679626208,0.0433349572083,-0.0939563231506,-0.387330148499,0.0391165100464,
1450287856.33,-0.699878733673,0.141893222717,0.109679626208,0.0444854427979,-0.0947233135437,-0.388864129285,0.0391165100464,
1450287856.34,-0.699495238477,0.141893222717,0.110063121405,0.0456359283875,-0.0939563231506,-0.390014614874,0.0391165100464,
1450287856.35,-0.700645724066,0.143427203503,0.110446616602,0.0471699091736,-0.0943398183472,-0.392315586053,0.0395000052429,
1450287856.37,-0.700645724066,0.143427203503,0.110063121405,0.0479368995667,-0.0939563231506,-0.393466071643,0.0383495196533,
1450287856.37,-0.701029219263,0.144577689093,0.110063121405,0.0490873851563,-0.0939563231506,-0.397301023608,0.0383495196533,
1450287856.39,-0.701796209656,0.14496118429,0.110063121405,0.0510048611389,-0.0943398183472,-0.400368985181,0.0383495196533,
1450287856.4,-0.702179704852,0.146495165076,0.110063121405,0.0521553467285,-0.0939563231506,-0.403820441949,0.0391165100464,
1450287856.42,-0.702179704852,0.147262155469,0.110063121405,0.0536893275146,-0.0939563231506,-0.408422384308,0.0383495196533,
1450287856.42,-0.702946695245,0.148796136255,0.110830111798,0.0548398131042,-0.0943398183472,-0.413791317059,0.0383495196533,
1450287856.43,-0.703330190442,0.150713612238,0.109679626208,0.0559902986938,-0.0943398183472,-0.419543745007,0.0383495196533,
1450287856.44,-0.703330190442,0.151864097827,0.109679626208,0.0571407842834,-0.0935728279541,-0.426446658545,0.0383495196533,
1450287856.46,-0.703713685638,0.153398078613,0.110830111798,0.058291269873,-0.0943398183472,-0.432582581689,0.0391165100464,
1450287856.46,-0.703713685638,0.155699049792,0.109679626208,0.0602087458557,-0.0939563231506,-0.44025248562,0.0375825292603,
1450287856.47,-0.704480676031,0.157233030579,0.109679626208,0.0617427266418,-0.0939563231506,-0.448305884747,0.0383495196533,
1450287856.48,-0.704097180835,0.158767011365,0.110063121405,0.0628932122314,-0.0939563231506,-0.455208798285,0.0383495196533,
1450287856.5,-0.704480676031,0.159917496954,0.110063121405,0.0644271930176,-0.0943398183472,-0.463262197412,0.0383495196533,
1450287856.5,-0.706014656818,0.16145147774,0.110446616602,0.0667281641968,-0.0943398183472,-0.470932101343,0.0383495196533,
1450287856.51,-0.706014656818,0.163368953723,0.110063121405,0.0694126305725,-0.0947233135437,-0.47898550047,0.0391165100464,
1450287856.52,-0.705631161621,0.164135944116,0.110446616602,0.0728640873413,-0.0947233135437,-0.487038899597,0.0383495196533,
1450287856.54,-0.705247666425,0.164519439313,0.109679626208,0.074781563324,-0.0947233135437,-0.495859289117,0.0379660244568,
1450287856.54,-0.706014656818,0.165286429706,0.110063121405,0.0770825345032,-0.0939563231506,-0.502762202655,0.0383495196533,
1450287856.55,-0.705631161621,0.165669924902,0.110830111798,0.0786165152893,-0.0943398183472,-0.509281620996,0.0391165100464,
1450287856.57,-0.705631161621,0.166820410492,0.110063121405,0.0809174864685,-0.0951068087402,-0.51656802973,0.0398835004395,
1450287856.59,-0.705631161621,0.167587400885,0.110446616602,0.0828349624512,-0.0947233135437,-0.522703952875,0.0383495196533,
1450287856.59,-0.706781647211,0.168354391278,0.110446616602,0.0855194288269,-0.0947233135437,-0.529223371216,0.0383495196533,
1450287856.6,-0.704864171228,0.168354391278,0.109679626208,0.0874369048096,-0.0958737991333,-0.533441818378,0.0379660244568,
1450287856.61,-0.705247666425,0.168737886475,0.110063121405,0.0885873903992,-0.0947233135437,-0.538427255933,0.0395000052429,
1450287856.63,-0.705631161621,0.168737886475,0.110063121405,0.0897378759888,-0.0947233135437,-0.542262207898,0.0383495196533,
1450287856.63,-0.705631161621,0.169121381671,0.110830111798,0.0912718567749,-0.0951068087402,-0.546097159863,0.0379660244568,
1450287856.64,-0.704864171228,0.169888372064,0.109679626208,0.092805837561,-0.0947233135437,-0.549548616632,0.0383495196533,
1450287856.65,-0.705631161621,0.169504876868,0.110446616602,0.0939563231506,-0.0951068087402,-0.552616578204,0.0383495196533,
1450287856.67,-0.704864171228,0.169121381671,0.109679626208,0.0947233135437,-0.0951068087402,-0.55530104458,0.0379660244568,
1450287856.67,-0.705247666425,0.169888372064,0.110830111798,0.0962572943298,-0.0951068087402,-0.558369006152,0.0391165100464,
1450287856.68,-0.704864171228,0.169504876868,0.110446616602,0.0966407895264,-0.0951068087402,-0.560286482135,0.0379660244568,
1450287856.69,-0.705247666425,0.169888372064,0.109679626208,0.0970242847229,-0.0962572943298,-0.562203958118,0.0383495196533,
