1450287818.82,-1.26253407426,2.55163894991,-0.981028649632,-0.298817028057,-0.547580207694,-0.378308363153,-0.212895261116,
1450287818.84,-0.948217815915,2.75387274496,-0.90238217378,-0.298068014001,-0.538520133676,-0.372388156056,-0.212015918615,
1450287818.84,-1.02672946924,2.73715475123,-1.00911667672,-0.290934404135,-0.580162319118,-0.391675267991,-0.211885590169,
1450287818.85,-1.11661115592,2.55177377244,-1.04099471493,-0.289061868995,-0.564807530975,-0.386619423115,-0.212502777751,
1450287818.86,-1.43133188186,2.48436250742,-0.908089660885,-0.289454352361,-0.563309502864,-0.381527625564,-0.213326693212,
1450287818.89,-1.1727872101,2.74838996207,-0.98477371991,-0.302151638633,-0.580162319118,-0.380404104481,-0.212174709594,
1450287818.89,-1.09400591172,2.46750969117,-0.909827373494,-0.281571728438,-0.567767634524,-0.38321290719,-0.212165721426,
1450287818.9,-1.06605270716,2.77647798916,-0.954813157681,-0.301777131605,-0.562970948511,-0.388420052905,-0.214412763593,
1450287818.91,-1.01535943587,2.62480264287,-0.938050223114,-0.308161727416,-0.550165804214,-0.376659034202,-0.214871160195,
1450287818.93,-0.953700598803,2.65877792044,-0.926725130591,-0.300279103494,-0.549452742833,-0.377184842069,-0.212249611,
1450287818.93,-1.15606921638,2.75387274496,-1.0185692341,-0.278575672215,-0.573046685588,-0.387483785335,-0.211735787358,
1450287818.94,-1.22896326428,2.64754270961,-0.977328520196,-0.29578501916,-0.561062460697,-0.399129455874,-0.213382120252,
1450287818.95,-0.942465387967,2.56862658869,-0.924897536295,-0.287189333856,-0.579038798034,-0.378157062313,-0.214337862187,
1450287818.97,-0.936712960019,2.64179028166,-0.939787935723,-0.293930460358,-0.564807530975,-0.375910020146,-0.21213875692,
1450287818.97,-1.18388759841,2.66974348622,-0.979156114492,-0.305878732575,-0.553197813112,-0.369810049676,-0.21282035971,
1450287818.98,-0.942330565437,2.52368574535,-0.994136395607,-0.289828859388,-0.541177635545,-0.378308363153,-0.215395470034,
1450287818.99,-0.942060920377,2.6415206366,-0.84807865474,-0.29054192077,-0.557655944771,-0.390443888884,-0.212427876345,
1450287819.01,-1.20635802008,2.64165545913,-1.00550642897,-0.302526145661,-0.55694288339,-0.375874067472,-0.209526195893,
1450287819.01,-0.830113279608,2.66987830875,-0.915579801442,-0.284157324958,-0.55694288339,-0.387635086175,-0.212137258892,
1450287819.02,-1.19485316419,2.94514097423,-0.968010785343,-0.31452834689,-0.552448799056,-0.380065550127,-0.213485484192,
1450287819.03,-0.79627282457,2.36091001076,-0.92106258433,-0.299904596466,-0.576417248839,-0.396097446976,-0.21235297494,
1450287819.06,-1.29610488424,2.27637628443,-0.868721482116,-0.298781075383,-0.569337567984,-0.384523681787,-0.212727481968,
1450287819.06,-1.27336481751,2.57986179953,-0.958603168803,-0.322392994475,-0.560652000994,-0.392726883725,-0.212700517462,
1450287819.07,-0.79600317951,2.45627448033,-1.00911667672,-0.299191535085,-0.563309502864,-0.372842058574,-0.213009111253,
1450287819.08,-0.947408880735,2.67536109163,-1.07095527716,-0.292414455909,-0.55694288339,-0.378646917506,-0.212625616056,
1450287819.1,-0.717221881128,2.8440240767,-0.904299649763,-0.286458296138,-0.55881541853,-0.379957692103,-0.21136128033,
1450287819.1,-1.15539510373,2.77086038374,-0.921107525173,-0.304416657138,-0.551627879651,-0.388607306419,-0.211716312992,
1450287819.11,-1.3014528446,2.26514107359,-0.99418133645,-0.287920371574,-0.564094469594,-0.389017766121,-0.211773238061,
1450287819.12,-1.24527679042,2.49546289573,-0.879956692951,-0.295071957779,-0.559564432585,-0.391452061803,-0.213608322497,
1450287819.14,-0.76791515242,2.61931985999,-0.911744849477,-0.303685619419,-0.564468976622,-0.379583185076,-0.210762069085,
1450287819.14,-1.07126584499,2.91143534172,-0.915489919755,-0.302526145661,-0.567803587198,-0.376623081527,-0.212502777751,
1450287819.15,-1.04866060079,2.6249374654,-0.947323017124,-0.282677273184,-0.571548657477,-0.372690757735,-0.215386481865,
1450287819.16,-1.02043775117,2.7596251729,-1.0203968284,-0.303311112392,-0.558851371204,-0.376061320985,-0.215320568629,
1450287819.18,-1.20033594707,2.63042024829,-0.93800528227,-0.285298822379,-0.555070348251,-0.382615193973,-0.213148427867,
1450287819.18,-1.41367013043,2.7370199287,-0.934260211992,-0.286065812772,-0.564094469594,-0.386770723954,-0.211229453856,
1450287819.19,-1.00345011238,2.62507228793,-0.973583449918,-0.300635634185,-0.574170206672,-0.386547517766,-0.210649716977,
1450287819.21,-0.896985254503,2.93952336881,-0.883746704073,-0.302169614971,-0.548703728777,-0.384487729112,-0.212174709594,
1450287819.23,-1.07688345041,2.36652761618,-0.979201055336,-0.316026375002,-0.553161860437,-0.387555690685,-0.213046561955,
1450287819.23,-1.12128500363,2.42270367036,-0.941750352549,-0.315259384609,-0.555408902604,-0.386957977468,-0.212372449305,
1450287819.24,-1.07647898282,2.77661281169,-0.947367957967,-0.303311112392,-0.569676122338,-0.372762663084,-0.213176890401,
1450287819.25,-1.40818734754,2.55177377244,-0.956640751977,-0.274063611543,-0.566680066115,-0.381117165862,-0.212522252116,
1450287819.27,-1.24527679042,2.54642581208,-0.919324871721,-0.284157324958,-0.550201756889,-0.376212621825,-0.210799519788,
1450287819.27,-1.00371975744,2.37762800448,-0.999709060181,-0.305896708912,-0.537807072294,-0.37961913775,-0.211951503406,
1450287819.28,-1.09360144413,2.56876141122,-0.951157969089,-0.319753468943,-0.566305559087,-0.387858292363,-0.212540228454,
1450287819.29,-1.07113102246,2.78771319999,-0.979201055336,-0.302187591308,-0.56930161531,-0.394073610998,-0.21396335516,
1450287819.31,-1.13278985953,2.76524277832,-0.964175833378,-0.322749525166,-0.576042741811,-0.396846461032,-0.214496653167,
1450287819.31,-1.56013233888,2.55163894991,-0.848168536426,-0.272227029079,-0.566680066115,-0.393324596942,-0.213785089814,
1450287819.32,-1.11058908292,2.73167196834,-0.986781077579,-0.28306975655,-0.541926649601,-0.386957977468,-0.211566510181,
1450287819.33,-0.790115929032,2.37762800448,-0.917317514051,-0.320163928645,-0.557281437743,-0.373850231493,-0.211398731033,
1450287819.35,-1.29597006171,2.57986179953,-0.85561373614,-0.3141718162,-0.554321334195,-0.389766780177,-0.210949322599,
1450287819.36,-1.07674862788,2.68659630247,-0.960475703942,-0.309695708203,-0.568178094226,-0.382874352836,-0.212474315217,
1450287819.37,-1.26788203462,2.53505577872,-0.915489919755,-0.286101765447,-0.57008658204,-0.395794845298,-0.216499516752,
1450287819.38,-1.38023414298,2.42832127577,-0.960475703942,-0.299958525478,-0.570871548771,-0.392272981208,-0.213308716875,
1450287819.4,-1.16689995963,2.81593604961,-1.05035739063,-0.304452609812,-0.564094469594,-0.384185127434,-0.211463146241,
1450287819.4,-0.919590498705,2.76524277832,-0.986781077579,-0.329170073652,-0.547544255019,-0.38924097231,-0.211229453856,
1450287819.41,-0.913972893287,2.74304200171,-0.954858098524,-0.308590163456,-0.56140101505,-0.382838400162,-0.212586667325,
1450287819.42,-1.13867711001,2.72605436293,-0.85561373614,-0.30669965198,-0.558066404474,-0.386057662573,-0.211454158073,
1450287819.44,-1.55986269382,2.74290717918,-0.938050223114,-0.301867013292,-0.554249428846,-0.38924097231,-0.212110294386,
1450287819.44,-1.0657830621,2.40023324868,-1.0372945855,-0.32810048158,-0.552002386679,-0.388232799391,-0.214505641336,
1450287819.45,-1.00947218539,2.68084387452,-0.979290937022,-0.320948895376,-0.533277035285,-0.379842343939,-0.211473632438,
1450287819.46,-1.03207742959,2.6138370771,-0.941750352549,-0.306771557329,-0.559118020208,-0.382053433431,-0.212072843683,
1450287819.48,-1.031672962,2.80470083878,-0.900554579484,-0.33600108184,-0.570389183719,-0.383882525755,-0.213084012658,
1450287819.48,-1.0205725737,2.68686594753,-0.966048368517,-0.33600108184,-0.570050629365,-0.386021709899,-0.212914735482,
1450287819.49,-1.24541161295,2.29336392321,-1.0222244227,-0.310534603945,-0.554249428846,-0.38321290719,-0.213925904457,
1450287819.5,-1.17800034793,2.55725655533,-0.885439475839,-0.306450979313,-0.552038339353,-0.388340657415,-0.213710188409,
1450287819.52,-1.11045426039,2.59082736531,-0.876211622673,-0.306789533666,-0.565895099384,-0.381073723046,-0.209114238163,
1450287819.52,-0.981114513242,2.3832456099,-0.919279930877,-0.315046664617,-0.557281437743,-0.39369910397,-0.210863934997,
1450287819.53,-1.08250105583,2.60794982662,-1.08589061743,-0.300066383502,-0.547133795316,-0.392424282047,-0.213148427867,
1450287819.54,-1.32967569422,2.61370225457,-0.928642606574,-0.319130289249,-0.538520133676,-0.401261149876,-0.212251109028,
1450287819.57,-0.936308492429,2.56849176616,-0.953030504228,-0.312068584731,-0.587277952647,-0.380440057155,-0.213148427867,
1450287819.57,-1.08250105583,2.86649449838,-0.924897536295,-0.315777702335,-0.575596329434,-0.394822625053,-0.212502777751,
1450287819.58,-1.34091090505,2.70906672414,-0.876211622673,-0.320700222709,-0.556870978041,-0.389687384687,-0.212110294386,
1450287819.59,-1.03769503501,2.7711300288,-0.981118531318,-0.361557441421,-0.563648057217,-0.386770723954,-0.213710188409,
1450287819.61,-1.56548029924,2.79346562794,-0.997926406729,-0.341708568944,-0.561703616728,-0.372798615759,-0.214749819918,
1450287819.61,-0.913838070757,2.69221390789,-0.994226277293,-0.331953409883,-0.544137739093,-0.380591357995,-0.214346850356,
1450287819.62,-1.03221225212,2.4676445137,-0.885619239213,-0.318489133217,-0.527962031546,-0.385085442329,-0.210911871896,
1450287819.63,-1.19498798672,2.41146845952,-0.866848946976,-0.312889504136,-0.531743054499,-0.385085442329,-0.211425695539,
1450287819.65,-1.25678164631,2.57986179953,-0.883746704073,-0.302777814384,-0.525340482351,-0.377256747418,-0.210911871896,
1450287819.65,-0.902602859921,2.66947384116,-1.03167698008,-0.312514997108,-0.51069875559,-0.372878011249,-0.214683906681,
1450287819.66,-0.908355287869,2.57986179953,-0.983080948144,-0.322662639535,-0.517850341794,-0.37437603936,-0.212522252116,
1450287819.67,-1.12155464869,2.71468432956,-0.923069941999,-0.330491334446,-0.533507731615,-0.391416109128,-0.211042200342,
1450287819.69,-1.15539510373,2.47299247406,-0.960520644786,-0.315154522641,-0.543244914339,-0.385423996682,-0.21453410387,
1450287819.69,-1.44202780258,2.66439552586,-0.868676541272,-0.319274099947,-0.536842342191,-0.388830512608,-0.215245667223,
1450287819.7,-1.10483665497,2.73167196834,-0.937960341427,-0.308038889111,-0.542085440581,-0.384898188815,-0.214421751762,
1450287819.71,-1.23952436247,2.58561422748,-1.0053266656,-0.317383588471,-0.529352201633,-0.392272981208,-0.212240622831,
1450287819.73,-1.0934666216,2.35515758281,-1.03724964465,-0.313674470867,-0.550627196872,-0.384372380948,-0.212821857739,
1450287819.74,-1.12168947122,2.41708606494,-0.94727807628,-0.325658695758,-0.55890230416,-0.381563578239,-0.210191320375,
1450287819.74,-1.3969521367,2.90006530835,-0.928552724887,-0.340264469845,-0.552946144389,-0.388679211768,-0.213720674605,
1450287819.75,-1.08250105583,2.67549591417,-0.986736136736,-0.324214596659,-0.55968727089,-0.382161291455,-0.213448033489,
1450287819.78,-0.953430953743,2.71468432956,-0.947323017124,-0.341816426968,-0.544706989776,-0.380591357995,-0.21427194895,
1450287819.78,-1.2622644292,2.57424419411,-0.926770071434,-0.339569384801,-0.53949984406,-0.376810335041,-0.213747639111,
1450287819.79,-1.01508979081,2.59109701037,-0.906217125745,-0.333595248693,-0.530065263014,-0.384595587136,-0.213036075759,
1450287819.8,-1.26774721209,2.72043675751,-0.902337232937,-0.335093276804,-0.551822623305,-0.390515794233,-0.20985426405,
1450287819.82,-1.22294119128,2.79908323336,-0.990436266171,-0.342619370036,-0.540551459795,-0.372128997193,-0.212399413811,
1450287819.82,-1.18923555877,2.49573254079,-0.893019498083,-0.346007909624,-0.555531740909,-0.385049489654,-0.213626298834,
1450287819.83,-1.23444604717,2.20348223653,-0.979201055336,-0.358010110853,-0.575006106358,-0.385683155545,-0.213551397429,
1450287819.84,-1.18348313082,2.7485247846,-1.06351007745,-0.343796820132,-0.557404276049,-0.380742658834,-0.212952186184,
1450287819.86,-0.997967329496,2.8380020037,-0.986736136736,-0.352446434447,-0.538678924655,-0.378531569341,-0.211248928222,
1450287819.86,-1.07113102246,2.7370199287,-0.960430763099,-0.343832772807,-0.539053431683,-0.389730827503,-0.213007613224,
1450287819.87,-1.13867711001,2.2988467061,-0.872421611551,-0.356940518782,-0.563432341169,-0.386770723954,-0.213785089814,
1450287819.88,-1.28460002834,2.55190859497,-0.932522499382,-0.350609851983,-0.549539628463,-0.380288756316,-0.212896759144,
1450287819.9,-1.31295770049,2.46175726322,-0.947323017124,-0.361452579453,-0.553320651417,-0.38658347044,-0.210826484294,
1450287819.9,-1.37502100515,2.51258535704,-0.94928543395,-0.366018569137,-0.551412163603,-0.384113222085,-0.213644275172,
1450287819.91,-1.05454785127,2.7259195404,-0.924807654608,-0.376897249283,-0.547292586296,-0.38227663962,-0.212372449305,
1450287819.92,-1.0431778179,2.3832456099,-0.885574298369,-0.358938888282,-0.548790614408,-0.395946146137,-0.212165721426,
1450287819.95,-1.24541161295,2.46175726322,-0.917407395738,-0.371690103567,-0.557778783076,-0.387706991524,-0.214525115701,
1450287819.95,-1.0431778179,2.55752620039,-0.941750352549,-0.363094418264,-0.552535684686,-0.393922310158,-0.213298230678,
1450287819.96,-0.981653803363,2.97884660674,-0.999754001025,-0.382961267078,-0.544296530073,-0.387742944199,-0.211004749639,
1450287819.97,-1.22869361922,2.73167196834,-0.947367957967,-0.381124684613,-0.548826567082,-0.391336713638,-0.21235297494,
1450287819.99,-1.07674862788,2.7485247846,-0.938050223114,-0.374419510786,-0.544296530073,-0.383248859864,-0.21292372365,
1450287819.99,-1.18923555877,2.65850827538,-0.982856243927,-0.397300392161,-0.541264521176,-0.37781850796,-0.211641411587,
1450287820.0,-1.26239925173,2.86622485332,-0.926815012278,-0.368517280027,-0.552161177658,-0.372467551546,-0.2122975479,
1450287820.01,-1.08825348377,2.38338043243,-1.02601443382,-0.392111222783,-0.558153290104,-0.370256462054,-0.214159596842,
1450287820.03,-1.06564823957,2.74304200171,-0.960475703942,-0.391326256052,-0.545830510859,-0.373814278818,-0.211660885952,
1450287820.03,-1.13319432712,2.52382056788,-0.855658676984,-0.374901875838,-0.555229139231,-0.365913678558,-0.211004749639,
1450287820.04,-1.00385457997,2.47299247406,-0.980938767945,-0.352449430504,-0.54130047385,-0.367973467212,-0.212775418867,
1450287820.05,-1.41380495296,2.39461564327,-0.992353742154,-0.339341684528,-0.542049487906,-0.383176954515,-0.212859308441,
1450287820.07,-1.12744189917,2.37762800448,-0.997881465885,-0.326590469244,-0.543547516018,-0.391754663481,-0.213139439698,
1450287820.07,-1.16101270915,2.5912318329,-0.827480768207,-0.336702158996,-0.534897901702,-0.383890015896,-0.215695075656,
1450287820.08,-1.05454785127,2.89417805788,-0.894892033223,-0.328106473692,-0.556280754965,-0.384228570249,-0.21292372365,
1450287820.09,-1.16101270915,2.59096218784,-0.840723336712,-0.348722336562,-0.552499732012,-0.380332199131,-0.211229453856,
1450287820.11,-1.04304299537,2.52916852824,-0.977328520196,-0.352449430504,-0.535308361405,-0.386922024794,-0.211136576113,
1450287820.11,-1.23979400753,2.73728957376,-0.951023146559,-0.337112618699,-0.543547516018,-0.39010533453,-0.212212160297,
1450287820.12,-1.25678164631,2.78223041711,-1.03912217979,-0.326946999934,-0.565643430662,-0.385049489654,-0.214000805862,
1450287820.13,-1.29062210135,2.66399105827,-0.988473849345,-0.316817333844,-0.547631140649,-0.390141287205,-0.214992500472,
1450287820.15,-1.32967569422,2.50108050115,-1.01660681728,-0.336720135333,-0.549165121436,-0.388830512608,-0.21370120024,
1450287820.16,-1.12182429375,2.61370225457,-0.874339087533,-0.341963233723,-0.557440228723,-0.393511850456,-0.211612949053,
1450287820.17,-1.11058908292,2.81580122708,-1.00916161756,-0.343443285498,-0.546579524915,-0.389017766121,-0.213233815469,
1450287820.18,-1.07701827294,2.8440240767,-0.924897536295,-0.314588268015,-0.519953573262,-0.387483785335,-0.212015918615,
1450287820.2,-1.03769503501,2.58561422748,-0.992308801311,-0.322863375302,-0.550252689844,-0.376471780688,-0.212652580562,
1450287820.2,-1.39708695923,2.52930335077,-0.87429414669,-0.347188355776,-0.557778783076,-0.376061320985,-0.21167886229,
1450287820.21,-1.20635802008,2.45038722986,-0.988518790189,-0.340090698584,-0.554408219826,-0.384408333623,-0.212315524237,
1450287820.22,-1.15552992626,2.43380405866,-0.986736136736,-0.340090698584,-0.54051550712,-0.389205019635,-0.215395470034,
1450287820.24,-0.723243954136,2.88909974258,-0.949240493106,-0.32848098072,-0.549503675789,-0.371941743679,-0.215170765817,
1450287820.24,-1.06551341704,2.77661281169,-0.89310937977,-0.327339483299,-0.552125224984,-0.386770723954,-0.212549216622,
1450287820.25,-0.981249335773,2.8214188325,-0.932387676852,-0.343479238172,-0.538268464953,-0.397818681276,-0.212099808189,
1450287820.26,-1.54354916769,2.56876141122,-1.0034990713,-0.335935168603,-0.557778783076,-0.390703047747,-0.211323829627,
1450287820.28,-1.58849001103,2.41160328205,-0.964220774221,-0.332975065055,-0.548754661733,-0.396464463864,-0.211912554675,
1450287820.28,-0.959183381691,2.84964168212,-0.921152466017,-0.315373234745,-0.548790614408,-0.39189847418,-0.213551397429,
1450287820.29,-0.818608423712,2.71495397462,-0.932387676852,-0.341927281049,-0.547667093324,-0.399237313898,-0.209217602102,
1450287820.3,-0.998236974556,2.69234873042,-0.988563731032,-0.338200187107,-0.536395929813,-0.390213192554,-0.212278073534,
1450287820.32,-1.38598657093,2.51258535704,-0.943488065158,-0.324379379751,-0.528531282228,-0.393021995263,-0.211454158073,
1450287820.33,-1.34693297806,2.40009842615,-0.900554579484,-0.350969378729,-0.549129168761,-0.383472066053,-0.213158914064,
1450287820.34,-1.29048727882,2.55739137786,-0.982901184771,-0.345333796974,-0.556993816346,-0.388679211768,-0.213560385598,
1450287820.35,-1.08263587836,2.73140232328,-0.966048368517,-0.319867319079,-0.549129168761,-0.397400731433,-0.214796258789,
1450287820.37,-0.930960532071,2.3832456099,-0.984728779067,-0.336327651968,-0.548790614408,-0.395679497133,-0.213934892625,
1450287820.37,-1.15566474879,2.43366923613,-0.979245996179,-0.349078867253,-0.54841610738,-0.384444286297,-0.212015918615,
1450287820.38,-1.1160718658,2.70906672414,-1.00354401215,-0.347937369832,-0.551376210928,-0.385906361734,-0.212390425642,
1450287820.39,-1.23417640211,2.80470083878,-0.913617384616,-0.322506844612,-0.539766493064,-0.388563863604,-0.210854946828,
1450287820.41,-1.21759323092,2.73153714581,-0.879956692951,-0.327731966665,-0.557368323374,-0.395304990105,-0.213214341104,
1450287820.41,-1.27911724545,2.57437901664,-0.934215271148,-0.325092441132,-0.552535684686,-0.387850802223,-0.212324512406,
1450287820.42,-1.16689995963,2.6023322212,-1.04103965578,-0.318351314631,-0.54317300899,-0.383284812539,-0.212326010434,
1450287820.43,-1.1049714775,2.64740788708,-0.988608671875,-0.321347370854,-0.534112934972,-0.385006046839,-0.211866115803,
1450287820.45,-1.02070739623,2.44517409203,-0.891146962944,-0.35211087615,-0.529654803312,-0.392272981208,-0.213364143915,
1450287820.45,-1.16689995963,2.48422768489,-1.00363389383,-0.343443285498,-0.546507619566,-0.387181183657,-0.212522252116,
1450287820.46,-1.15552992626,2.36612314859,-0.874339087533,-0.326572492906,-0.562647374439,-0.402118021956,-0.21235297494,
1450287820.47,-1.27925206798,2.61918503746,-0.952940622542,-0.325074464795,-0.566392444717,-0.387476295195,-0.211725301161,
1450287820.49,-1.21170598044,2.60219739867,-0.902337232937,-0.340821736302,-0.549878182817,-0.378826680879,-0.212839834076,
1450287820.49,-1.19498798672,2.95610654,-1.04291219092,-0.334116562476,-0.550663149547,-0.388787069792,-0.211988954109,
1450287820.5,-1.10510630003,2.48449732995,-0.964175833378,-0.334811647519,-0.55968727089,-0.399950375279,-0.216003669447,
1450287820.51,-1.17238274251,2.51820296246,-1.03163203924,-0.341981210061,-0.546918079268,-0.408297387916,-0.214011292059,
1450287820.54,-0.964531342049,2.2877463178,-0.988608671875,-0.338556717798,-0.525909733033,-0.398149745489,-0.209264040974,
1450287820.54,-1.06564823957,2.61356743204,-0.979111173649,-0.312733709213,-0.544706989776,-0.385755060895,-0.210799519788,
1450287820.55,-0.936443314959,2.98994699504,-0.85748627128,-0.347188355776,-0.564930369281,-0.386316821437,-0.212727481968,
1450287820.56,-1.13305950459,2.64179028166,-0.868676541272,-0.346849801423,-0.545830510859,-0.389910590876,-0.213934892625,
1450287820.58,-1.15566474879,2.6249374654,-0.958648109646,-0.341588726696,-0.543137056315,-0.378300873012,-0.212427876345,
1450287820.58,-1.4195573809,2.79333080541,-0.973583449918,-0.314249713661,-0.543137056315,-0.394253374371,-0.212520754088,
1450287820.59,-1.37488618262,2.66399105827,-0.954858098524,-0.326964976271,-0.546954031943,-0.387476295195,-0.211603960884,
1450287820.6,-1.08811866124,2.57986179953,-0.936042865444,-0.316871262856,-0.543850117696,-0.382571751158,-0.216668793929,
1450287820.62,-0.947678525795,2.55177377244,-0.915489919755,-0.320990840163,-0.541977582557,-0.39979907444,-0.212334998602,
1450287820.62,-1.20622319755,2.64179028166,-1.00724414158,-0.344210275891,-0.540925966823,-0.388225309251,-0.211623435249,
1450287820.63,-1.07715309547,2.69783151331,-0.922980060313,-0.322863375302,-0.548754661733,-0.375758719307,-0.211660885952,
1450287820.64,-1.23431122464,2.96734175084,-1.01861417495,-0.325074464795,-0.545009591454,-0.376356432523,-0.212249611,
1450287820.66,-1.16128235421,2.72016711245,-0.981028649632,-0.336720135333,-0.547328538971,-0.392272981208,-0.214721357384,
1450287820.66,-1.03756021248,2.6641258808,-0.964220774221,-0.348722336562,-0.565981985015,-0.383284812539,-0.21297166055,
1450287820.67,-1.18361795335,2.74838996207,-0.894892033223,-0.343086754807,-0.553284698742,-0.402269322795,-0.210949322599,
1450287820.68,-1.2170539408,2.44517409203,-0.930515141713,-0.326233938553,-0.54841610738,-0.385344601192,-0.213139439698,
1450287820.7,-1.06551341704,2.79894841083,-0.996008930746,-0.328445028046,-0.534112934972,-0.385416506542,-0.212970162522,
1450287820.7,-1.2004707696,2.49546289573,-0.907954838355,-0.323968920049,-0.535646915758,-0.383097559025,-0.213373132084,
1450287820.71,-0.835191594905,2.53492095619,-0.909872314337,-0.326626421918,-0.547667093324,-0.384408333623,-0.212015918615,
1450287820.72,-0.936712960019,2.66987830875,-0.932342736009,-0.327731966665,-0.55631670764,-0.391444571662,-0.211127587945,
1450287820.74,-1.20635802008,2.59684943831,-0.969748497952,-0.339698215219,-0.54575860551,-0.380699216019,-0.214300411485,
1450287820.74,-1.25102921836,2.42256884783,-0.973673331604,-0.34608281103,-0.536734484167,-0.39189847418,-0.215236679054,
1450287820.75,-1.17238274251,2.64713824202,-1.02601443382,-0.349078867253,-0.561898360383,-0.391631825176,-0.209526195893,
1450287820.77,-0.846157160681,2.74825513954,-0.956730633664,-0.32848098072,-0.55287423904,-0.39979907444,-0.212110294386,
1450287820.79,-1.04304299537,2.7259195404,-0.821863162789,-0.324735910442,-0.534897901702,-0.389348830334,-0.213148427867,
1450287820.79,-0.981114513242,2.84388925417,-1.01843441157,-0.334455116829,-0.549575581138,-0.393468407641,-0.214842697661,
1450287820.8,-1.13292468206,2.64727306455,-0.969793438796,-0.336327651968,-0.568978041238,-0.380850516858,-0.213851003051,
1450287820.81,-1.29021763376,2.46202690828,-0.881829228091,-0.334847600194,-0.549914135491,-0.375981925496,-0.211866115803,
1450287820.83,-1.25651200125,2.58534458242,-0.973628390761,-0.328855487748,-0.545081496804,-0.388715164443,-0.212474315217,
1450287820.83,-0.846157160681,2.48422768489,-0.936087806288,-0.338949201163,-0.555495788235,-0.391747173341,-0.213139439698,
1450287820.84,-0.829304344427,2.76551242338,-0.906082303215,-0.325859431525,-0.547595187975,-0.38744034252,-0.214862172026,
1450287820.85,-0.874514832831,2.65864309791,-0.981028649632,-0.344228252228,-0.537180896544,-0.383284812539,-0.212278073534,
1450287820.87,-1.29583523918,2.24307511951,-0.966003427674,-0.340090698584,-0.553248746067,-0.392157633043,-0.212212160297,
1450287820.87,-1.54300987757,2.64727306455,-1.00541654729,-0.347955346169,-0.541336426525,-0.395117736591,-0.214346850356,
1450287820.88,-1.28433038328,3.05749308259,-0.872466552394,-0.322114361247,-0.545794558185,-0.396054004161,-0.21396335516,
1450287820.89,-1.12717225411,2.62480264287,-1.00733402327,-0.325484924497,-0.548041600352,-0.389089671471,-0.210293186286,
1450287820.91,-1.0205725737,2.51258535704,-0.887401892665,-0.33372407911,-0.533025366563,-0.386842629304,-0.213785089814,
1450287820.92,-1.30680080495,2.87211210379,-0.952895681698,-0.344228252228,-0.546507619566,-0.382499845809,-0.212278073534,
1450287820.93,-1.00345011238,2.56341345087,-0.846161178757,-0.327749943002,-0.555157233881,-0.389651432013,-0.212240622831,
1450287820.94,-0.880132438249,2.49559771826,-0.93047020087,-0.325859431525,-0.533061319237,-0.394253374371,-0.212099808189,
1450287820.96,-1.13840746495,2.62480264287,-1.0297595041,-0.311984695157,-0.563396388494,-0.393057947938,-0.213176890401,
1450287820.96,-1.4361405521,2.68097869705,-1.04099471493,-0.316104272463,-0.555531740909,-0.392568092746,-0.214432237958,
1450287820.97,-1.18896591371,2.6249374654,-0.898637103501,-0.35132590942,-0.551750717956,-0.395002388427,-0.213635287003,
1450287820.98,-1.09921904955,2.28788114033,-0.975455985057,-0.346064834693,-0.532240399832,-0.380627310669,-0.211978467912,
1450287821.0,-0.947408880735,2.63042024829,-0.952985563385,-0.317263746222,-0.550663149547,-0.375902530006,-0.211117101748,
1450287821.0,-0.98686694119,2.82168847756,-0.909917255181,-0.333706102773,-0.562272867411,-0.389500131173,-0.214009794031,
1450287821.01,-1.18334830829,2.61918503746,-0.879911752108,-0.320598356798,-0.544260577399,-0.386316821437,-0.211753763695,
1450287821.02,-1.00920254033,2.66987830875,-0.986601314206,-0.345708304002,-0.52478621195,-0.390998159285,-0.212577679156,
1450287821.04,-1.14402507036,2.53519060125,-1.04661232035,-0.352485383178,-0.551448116277,-0.3831335117,-0.212540228454,
1450287821.04,-1.23952436247,2.63617267624,-0.859403747262,-0.338218163445,-0.559615365541,-0.388563863604,-0.21370120024,
1450287821.05,-1.26199478414,2.67014795381,-0.951202909932,-0.324361403414,-0.542762549287,-0.398898759545,-0.214683906681,
1450287821.06,-1.09894940449,2.78784802252,-0.97737346104,-0.344246228565,-0.549914135491,-0.395679497133,-0.214309399653,
1450287821.09,-1.02592053406,2.55177377244,-0.926725130591,-0.343086754807,-0.546918079268,-0.384257032783,-0.211650399755,
1450287821.09,-1.08771419365,2.31610398995,-0.923025001156,-0.329996985169,-0.54051550712,-0.386806676629,-0.211061674708,
1450287821.1,-1.33502365457,2.69783151331,-1.0034990713,-0.326590469244,-0.551412163603,-0.384854746,-0.210200308544,
1450287821.11,-1.0934666216,2.6641258808,-0.904254708919,-0.330763975562,-0.562611421764,-0.385452459216,-0.213776101646,
1450287821.13,-0.936308492429,2.55190859497,-0.986736136736,-0.336345628305,-0.546133112538,-0.394066120857,-0.216256836198,
1450287821.13,-1.06537859451,2.93377094086,-0.969793438796,-0.319903271754,-0.545384098482,-0.392344886557,-0.214273446979,
1450287821.14,-1.03140331694,2.45052205239,-0.900554579484,-0.36145557551,-0.55631670764,-0.389500131173,-0.208739731135,
1450287821.15,-0.947274058205,2.32693473319,-1.01665175812,-0.323986896386,-0.549129168761,-0.392308933882,-0.211248928222,
1450287821.17,-1.40230009706,2.65302549249,-0.954858098524,-0.331084553578,-0.552535684686,-0.391934426854,-0.213560385598,
1450287821.17,-0.952622018563,2.88334731463,-0.909917255181,-0.331869520308,-0.54661547759,-0.385157347678,-0.211239940053,
1450287821.18,-0.941656452787,2.7485247846,-0.960520644786,-0.322114361247,-0.533061319237,-0.384408333623,-0.211612949053,
1450287821.19,-1.04277335031,2.69234873042,-0.924807654608,-0.339377637203,-0.539802445739,-0.395269037431,-0.212784407036,
1450287821.21,-1.36297685913,2.65850827538,-0.904254708919,-0.334865576531,-0.549950088166,-0.385344601192,-0.21109912541,
1450287821.21,-1.07647898282,2.37214522159,-1.04473978521,-0.335560661575,-0.555906247937,-0.391559919827,-0.21370120024,
1450287821.22,-0.817934311061,2.73715475123,-0.986646255049,-0.32511041747,-0.562647374439,-0.395153689266,-0.213738650943,
1450287821.23,-0.924533991473,2.93952336881,-1.01852429326,-0.330371492197,-0.552535684686,-0.383695272241,-0.211015235836,
1450287821.26,-1.07072655487,2.74290717918,-0.880046574638,-0.344584782918,-0.533399873591,-0.381822737102,-0.212324512406,
1450287821.26,-1.33475400951,2.37776282701,-0.962393179925,-0.331477036943,-0.538642971981,-0.387850802223,-0.213626298834,
1450287821.27,-1.07072655487,2.69796633584,-0.831225838486,-0.319136281361,-0.54654357224,-0.390249145229,-0.216331737604,
1450287821.28,-1.05949134403,2.55177377244,-1.02044176924,-0.34608281103,-0.544332482748,-0.390998159285,-0.211566510181,
1450287821.3,-0.834517482255,2.67549591417,-0.969883320482,-0.323986896386,-0.560364379597,-0.392906647099,-0.211603960884,
1450287821.3,-0.68270731344,2.63042024829,-0.968055726186,-0.312395154859,-0.557029769021,-0.388751117118,-0.214300411485,
1450287821.31,-0.73901819015,2.54615616702,-0.988563731032,-0.349845857646,-0.553623253095,-0.382384497644,-0.213513946726,
1450287821.32,-1.27817348774,2.54615616702,-0.953075445072,-0.34831187686,-0.550324595194,-0.38571910822,-0.212802383373,
1450287821.34,-1.00318046732,2.58561422748,-0.91178979032,-0.340447229275,-0.536395929813,-0.39627721035,-0.213289242509,
1450287821.34,-0.95810480145,2.86074207043,-0.943667828532,-0.335971121278,-0.53081427707,-0.399345171922,-0.211623435249,
1450287821.35,-0.901928747271,2.73167196834,-0.992353742154,-0.320634309472,-0.560400332271,-0.399611820926,-0.211454158073,
1450287821.36,-0.856583436337,2.41708606494,-0.971755855622,-0.350220364674,-0.545045544129,-0.383954431105,-0.213064538293,
1450287821.38,-1.00277599973,2.67549591417,-0.93987781741,-0.328498957058,-0.549503675789,-0.387101788167,-0.212260097197,
1450287821.39,-0.941117162667,2.66987830875,-0.900464697797,-0.344584782918,-0.539089384358,-0.386914534653,-0.212970162522,
1450287821.39,-1.28927387605,2.42256884783,-0.900599520327,-0.33035351586,-0.551412163603,-0.39275534626,-0.215170765817,
1450287821.41,-1.00291082226,2.51245053451,-0.952940622542,-0.325841455188,-0.553961807448,-0.392870694424,-0.214580542741,
1450287821.43,-0.901793924741,2.91705294714,-0.861321223245,-0.324004872723,-0.54654357224,-0.387253089006,-0.211623435249,
1450287821.43,-0.913029135577,2.6023322212,-0.992263860467,-0.324361403414,-0.541228568501,-0.386914534653,-0.210863934997,
1450287821.44,-0.795059421799,2.69234873042,-0.97723863851,-0.333349572083,-0.549539628463,-0.379201187907,-0.212062357486,
1450287821.45,-1.1991225443,2.8440240767,-0.988563731032,-0.356551031473,-0.565981985015,-0.388902417957,-0.212691529293,
1450287821.47,-1.00291082226,2.56300898328,-1.02048671009,-0.330371492197,-0.531116878749,-0.39088281112,-0.211024224005,
1450287821.47,-1.19363976142,2.13620579404,-0.945405541141,-0.335614590587,-0.540105047417,-0.391747173341,-0.212249611,
1450287821.48,-1.03072920429,2.3329568062,-0.775094725149,-0.321739854219,-0.560774839299,-0.39361970848,-0.216005167475,
1450287821.49,-1.13198092435,2.78209559458,-0.99418133645,-0.341214219668,-0.561862407708,-0.382535798483,-0.2135978363,
1450287821.51,-0.800407382157,2.55739137786,-1.02405201699,-0.32511041747,-0.542423994934,-0.384480238972,-0.213326693212,
1450287821.51,-0.856718258867,2.97322900132,-0.93987781741,-0.355088956036,-0.545384098482,-0.391185412799,-0.211839151297,
1450287821.52,-1.09827529184,2.78811766758,-1.01847935242,-0.339698215219,-0.54841610738,-0.401333055226,-0.212212160297,
1450287821.53,-1.28365627063,2.37789764954,-0.872421611551,-0.326964976271,-0.557029769021,-0.400058233303,-0.211650399755,
1450287821.55,-1.10389289726,2.64727306455,-0.915534860599,-0.329604501804,-0.544635084426,-0.387101788167,-0.213439045321,
1450287821.56,-1.13184610182,2.74865960713,-1.00167147701,-0.333331595745,-0.546846173919,-0.383579924077,-0.2140187822,
1450287821.57,-0.895771851733,2.43366923613,-0.973583449918,-0.352074923476,-0.549950088166,-0.382535798483,-0.213897441923,
1450287821.58,-0.839595797553,2.53505577872,-1.01299656953,-0.333011017729,-0.54051550712,-0.376053830845,-0.213373132084,
1450287821.6,-1.15979930638,2.57424419411,-0.836888384747,-0.353590927925,-0.549878182817,-0.391185412799,-0.212597153522,
1450287821.6,-1.29489148147,2.73140232328,-0.967920903656,-0.321383323528,-0.550288642519,-0.381974037941,-0.211885590169,
1450287821.61,-1.14321613518,2.72043675751,-0.990436266171,-0.321775806893,-0.546989984618,-0.37953974226,-0.211079651045,
1450287821.62,-1.11512810809,2.58534458242,-1.01098921186,-0.343122707482,-0.547595187975,-0.397026224405,-0.212886272947,
1450287821.64,-0.895771851733,2.61370225457,-0.898682044345,-0.341232196005,-0.539427938711,-0.404516364963,-0.214159596842,
1450287821.64,-0.761084144232,2.27089350154,-0.917452336581,-0.336363604643,-0.56414540255,-0.39706217708,-0.213101988995,
1450287821.65,-1.23858060476,2.57424419411,-1.00354401215,-0.326215962216,-0.531937798154,-0.384221080109,-0.213382120252,
1450287821.66,-1.31133983013,2.91705294714,-0.851868665862,-0.328873464085,-0.534897901702,-0.39440467521,-0.211716312992,
1450287821.68,-1.18240455058,2.50710257416,-0.93987781741,-0.338200187107,-0.542013535231,-0.396651717377,-0.211389742864,
1450287821.68,-1.18267419564,2.61370225457,-0.982946125614,-0.325877407863,-0.541977582557,-0.398113792814,-0.2122975479,
1450287821.69,-1.10389289726,2.77661281169,-0.95668569282,-0.346457318058,-0.545009591454,-0.390587699582,-0.213233815469,
1450287821.7,-0.828495409247,2.72605436293,-0.851823725018,-0.317263746222,-0.546205017887,-0.389946543551,-0.213888453754,
1450287821.73,-0.912759490517,2.52916852824,-0.986646255049,-0.33595314494,-0.563021881467,-0.392416791906,-0.213738650943,
1450287821.73,-1.1714389848,2.686731125,-1.05597499605,-0.33293911238,-0.533399873591,-0.380547915179,-0.211277390756,
1450287821.74,-1.25543342101,2.69221390789,-0.988518790189,-0.337094642361,-0.559651318216,-0.381786784427,-0.213785089814,
1450287821.75,-1.10937568015,2.5068329291,-0.891191903787,-0.340126651259,-0.560364379597,-0.385567807381,-0.212615129859,
1450287821.77,-1.07005244222,2.74290717918,-0.896809509205,-0.338236139782,-0.548754661733,-0.383659319567,-0.212859308441,
1450287821.77,-0.929747129301,2.58561422748,-0.898637103501,-0.330389468534,-0.552463779337,-0.38744034252,-0.211603960884,
1450287821.78,-0.923994701353,2.5912318329,-0.943577946845,-0.317227793547,-0.552161177658,-0.407584326535,-0.213289242509,
1450287821.79,-1.22734539392,2.64727306455,-1.0372945855,-0.328106473692,-0.552535684686,-0.388715164443,-0.213626298834,
1450287821.81,-1.14308131265,2.70358394125,-0.94741289881,-0.331512989618,-0.551376210928,-0.389125624146,-0.211641411587,
1450287821.81,-0.974283505054,2.77647798916,-0.973538509074,-0.341250172342,-0.544671037101,-0.383695272241,-0.214917599067,
1450287821.82,-1.10402771979,2.29336392321,-0.893064438927,-0.329265947451,-0.547667093324,-0.393129853287,-0.214609005276,
1450287821.83,-1.10924085762,2.46202690828,-0.986781077579,-0.306028535386,-0.538304417627,-0.405603933372,-0.211079651045,
1450287821.85,-1.18240455058,2.73728957376,-0.9306050234,-0.323576436683,-0.549878182817,-0.399086013059,-0.21167886229,
1450287821.85,-0.963183116748,2.55725655533,-0.885574298369,-0.349809904971,-0.551750717956,-0.387850802223,-0.212577679156,
1450287821.86,-0.951947905912,2.47874490201,-0.876166681829,-0.350969378729,-0.548826567082,-0.390659604932,-0.212634604225,
1450287821.87,-1.23844578223,2.78771319999,-0.964265715064,-0.342337740751,-0.549950088166,-0.39878341138,-0.211585984547,
1450287821.89,-1.0644348368,2.65877792044,-1.03533216867,-0.325502900835,-0.547292586296,-0.392568092746,-0.215020963006,
1450287821.89,-0.968935544696,2.70331429619,-0.906127244059,-0.347991298844,-0.551412163603,-0.399755631624,-0.214207533742,
1450287821.9,-1.17103451721,2.79346562794,-0.977328520196,-0.329979008832,-0.54841610738,-0.40668401164,-0.211566510181,
1450287821.91,-1.12609367387,2.50696775163,-0.922980060313,-0.33372407911,-0.548826567082,-0.401404960575,-0.211165038647,
1450287821.94,-1.11485846303,2.64727306455,-0.962258357395,-0.317656229587,-0.562611421764,-0.399417077271,-0.213401594618,
1450287821.94,-1.28913905352,2.82717126045,-0.864931470994,-0.341981210061,-0.533774380618,-0.399381124597,-0.211791214398,
1450287821.95,-0.828495409247,2.82744090551,-1.00537160644,-0.338985153838,-0.533399873591,-0.401253659736,-0.21443073993,
1450287821.96,-1.02511159888,2.38338043243,-1.01473428214,-0.329979008832,-0.54841610738,-0.409867321377,-0.215507822142,
1450287821.98,-1.21611018309,2.76551242338,-0.941705411706,-0.334883552869,-0.56336043582,-0.403198100225,-0.214459202464,
1450287821.98,-1.15418170096,2.72043675751,-0.96609330936,-0.33071004655,-0.545456003832,-0.411811761865,-0.213166404204,
1450287821.99,-0.991001498778,2.5405385616,-0.902427114623,-0.328855487748,-0.548790614408,-0.409787925887,-0.211903566506,
1450287822.0,-0.772184532537,2.5068329291,-1.0222244227,-0.318387267305,-0.542762549287,-0.405855602094,-0.209526195893,
1450287822.02,-1.27215141474,2.56862658869,-0.930649964243,-0.341999186398,-0.552910191714,-0.406230109122,-0.213813552348,
1450287822.02,-1.27228623727,2.61905021493,-0.917407395738,-0.343835768863,-0.547256633622,-0.413943455868,-0.212727481968,
1450287822.03,-1.16582137939,2.85539411007,-0.898682044345,-0.32625191489,-0.550591244198,-0.413007188298,-0.209675998705,
1450287822.04,-0.980305578062,2.77099520627,-0.928552724887,-0.336345628305,-0.535682868432,-0.41529018314,-0.213289242509,
1450287822.06,-0.839865442613,2.82717126045,-0.894892033223,-0.327713990327,-0.536431882488,-0.413979408543,-0.215732526359,
1450287822.06,-1.10937568015,2.41708606494,-1.02605937466,-0.324717934104,-0.559240858513,-0.421915961477,-0.214122146139,
1450287822.07,-0.884401818367,2.49573254079,-1.05031244979,-0.337843656417,-0.564555862253,-0.410457544453,-0.211538047647,
1450287822.08,-1.03045955923,2.79894841083,-0.96609330936,-0.331495013281,-0.547667093324,-0.406971633037,-0.210949322599,
1450287822.1,-1.09252286389,2.74879442966,-0.893019498083,-0.328855487748,-0.539356033362,-0.406748426849,-0.213851003051,
1450287822.1,-1.15993412891,2.40571603157,-0.934170330305,-0.34083971264,-0.546169065213,-0.396939338775,-0.211585984547,
1450287822.11,-1.25516377595,2.59671461578,-0.981073590475,-0.331459060606,-0.544296530073,-0.399186380942,-0.21302708759,
1450287822.12,-1.03634680971,2.43969130914,-0.990526147858,-0.32625191489,-0.537144943869,-0.39244525444,-0.211848139466,
1450287822.15,-1.10924085762,2.37241486665,-0.977328520196,-0.358834026315,-0.531563291126,-0.391883493899,-0.212502777751,
1450287822.15,-0.896041496793,2.56314380581,-0.9679658445,-0.343443285498,-0.569424453615,-0.401246169595,-0.210453475294,
1450287822.16,-1.03634680971,2.52368574535,-0.992263860467,-0.313108216241,-0.565304876308,-0.401397470435,-0.212821857739,
1450287822.17,-0.98565353842,2.55766102292,-0.895026855753,-0.31009418368,-0.547256633622,-0.398963174753,-0.211660885952,
1450287822.19,-1.03607716465,2.61356743204,-0.951157969089,-0.310843197736,-0.546918079268,-0.401058916081,-0.212839834076,
1450287822.19,-1.14308131265,2.61945468252,-0.910052077711,-0.347991298844,-0.538268464953,-0.405776206604,-0.213364143915,
1450287822.2,-1.02484195382,2.72057158004,-0.945450481984,-0.374545345148,-0.54575860551,-0.407987296097,-0.214721357384,
1450287822.21,-0.95770033386,2.8555289326,-0.870549076411,-0.347206332114,-0.550663149547,-0.41794768501,-0.214038256565,
1450287822.23,-1.09252286389,2.60273668879,-0.825653173911,-0.294026334157,-0.551786670631,-0.413828107703,-0.212586667325,
1450287822.23,-1.17678694516,2.54629098955,-0.877994276125,-0.344602759256,-0.560364379597,-0.39338152201,-0.211603960884,
1450287822.24,-1.13171127929,2.56876141122,-1.01295162869,-0.345369749649,-0.554408219826,-0.406078808283,-0.212802383373,
1450287822.25,-1.00812396009,2.64727306455,-0.992353742154,-0.333349572083,-0.540212905441,-0.40128212227,-0.213364143915,
1450287822.27,-0.732996117142,2.59671461578,-1.03167698008,-0.329604501804,-0.5379299106,-0.394692296608,-0.211548533844,
1450287822.27,-1.27790384268,2.6138370771,-0.952940622542,-0.337058689686,-0.542798501962,-0.395931165856,-0.212989636887,
1450287822.28,-1.12582402881,2.84950685959,-1.02418683952,-0.301498498377,-0.557814735751,-0.393568775524,-0.215769977062,
1450287822.29,-0.805890165045,2.78798284505,-0.915534860599,-0.362543143919,-0.538678924655,-0.40574025393,-0.211154552451,
1450287822.32,-1.20433568213,2.45667894792,-0.962393179925,-0.341232196005,-0.540854061473,-0.393943282552,-0.212137258892,
1450287822.32,-0.901254634621,2.37201039906,-0.966183191047,-0.334847600194,-0.545830510859,-0.400309902026,-0.216190922961,
1450287822.33,-1.26064655884,2.59136665543,-0.956730633664,-0.341606703033,-0.564519909578,-0.407086981202,-0.211866115803,
1450287822.34,-0.997023571786,2.9058177363,-0.926725130591,-0.332262003674,-0.537893957925,-0.401995183651,-0.211266904559,
1450287822.36,-1.0192243484,2.84991132718,-0.902337232937,-0.336363604643,-0.546169065213,-0.404206273144,-0.214393289228,
1450287822.36,-0.839730620083,2.41708606494,-0.9679658445,-0.339359660866,-0.542013535231,-0.404991239874,-0.215573735379,
1450287822.37,-1.2835214481,2.50148496874,-0.979290937022,-0.32848098072,-0.548754661733,-0.415549342004,-0.212212160297,
1450287822.38,-1.2157057155,2.78209559458,-0.977328520196,-0.335989097615,-0.551786670631,-0.410306243613,-0.212727481968,
1450287822.4,-0.715604010768,2.39461564327,-0.881829228091,-0.329622478141,-0.559651318216,-0.41348955335,-0.212465327048,
1450287822.4,-1.01387638804,2.63630749877,-0.904344590606,-0.333349572083,-0.558491844457,-0.405437652251,-0.212278073534,
1450287822.41,-0.918107450875,2.78223041711,-0.95855822796,-0.325859431525,-0.538678924655,-0.404991239874,-0.214020280228,
1450287822.42,-1.15404687843,2.56876141122,-1.05035739063,-0.339323708191,-0.547292586296,-0.399596840645,-0.213513946726,
1450287822.44,-0.996753926726,2.63617267624,-0.911879672007,-0.345726280339,-0.549914135491,-0.400871662567,-0.21235297494,
1450287822.45,-0.906737417509,2.61945468252,-1.0279319098,-0.335204130885,-0.537519450897,-0.395290009824,-0.212390425642,
1450287822.45,-0.918107450875,2.6249374654,-0.941750352549,-0.314231737324,-0.545830510859,-0.397875606345,-0.212053369317,
1450287822.46,-0.92907301665,2.5179333174,-0.917362454895,-0.335222107222,-0.559615365541,-0.399596840645,-0.212886272947,
1450287822.49,-1.06403036921,2.4561396578,-0.928552724887,-0.33638158098,-0.543511563343,-0.402931451221,-0.215170765817,
1450287822.49,-0.867279357053,2.61931985999,-0.941750352549,-0.353572951587,-0.548754661733,-0.416075149871,-0.214899622729,
1450287822.5,-0.946060655434,2.84950685959,-0.967920903656,-0.326982952609,-0.544635084426,-0.402931451221,-0.212586667325,
1450287822.51,-1.08061354041,2.72043675751,-0.945495422828,-0.329586525467,-0.546133112538,-0.409521276883,-0.210517890503,
1450287822.53,-1.10897121256,2.56876141122,-1.03350457438,-0.321721877881,-0.540141000092,-0.40652522066,-0.212998625056,
1450287822.53,-0.827956119127,2.48449732995,-0.945495422828,-0.329247971113,-0.535646915758,-0.410083037425,-0.213551397429,
1450287822.54,-1.01333709792,2.97884660674,-1.04665726119,-0.353590927925,-0.556655261993,-0.396939338775,-0.213364143915,
1450287822.55,-0.822068868649,2.77099520627,-0.94928543395,-0.326590469244,-0.55811733743,-0.403341910923,-0.212839834076,
1450287822.57,-0.917433338224,2.47326211912,-0.885619239213,-0.336363604643,-0.552125224984,-0.405401699576,-0.213009111253,
1450287822.57,-1.15939483879,2.5912318329,-0.879956692951,-0.330728022887,-0.539427938711,-0.405178493388,-0.212672054927,
1450287822.58,-1.44000546463,2.62480264287,-1.00537160644,-0.316478779491,-0.542726596613,-0.402816103056,-0.211650399755,
1450287822.59,-0.979496642882,2.59109701037,-0.926725130591,-0.332190098324,-0.549914135491,-0.403903671465,-0.213934892625,
1450287822.61,-0.631070284438,2.86101171549,-0.992263860467,-0.347206332114,-0.550663149547,-0.402931451221,-0.213176890401,
1450287822.61,-0.861526929105,2.65302549249,-0.876211622673,-0.330745999225,-0.553320651417,-0.396377578233,-0.211042200342,
1450287822.62,-0.895097739083,2.70358394125,-0.945405541141,-0.33595314494,-0.54130047385,-0.408736310153,-0.21270950563,
1450287822.63,-1.27736455256,2.33268716114,-1.03354951522,-0.340483181949,-0.54051550712,-0.407086981202,-0.214543092039,
1450287822.65,-1.33367542927,2.59136665543,-0.988563731032,-0.344941313609,-0.554746774179,-0.401094868756,-0.213785089814,
1450287822.65,-0.760275209051,2.68124834211,-0.990301443641,-0.324735910442,-0.545045544129,-0.408397755799,-0.212024906783,
1450287822.66,-0.698346726924,2.61356743204,-0.937960341427,-0.323594413021,-0.539802445739,-0.404616732846,-0.212484801414,
1450287822.67,-1.10321878461,2.30473395658,-0.977463342726,-0.326572492906,-0.545009591454,-0.400756314403,-0.211352292161,
1450287822.7,-1.33340578421,2.7485247846,-1.05044727232,-0.338218163445,-0.552125224984,-0.411242511183,-0.211603960884,
1450287822.7,-0.951273793262,2.66453034839,-0.842461049322,-0.340108674921,-0.550288642519,-0.404429479332,-0.212998625056,
1450287822.71,-0.917568160754,2.57424419411,-0.831225838486,-0.338200187107,-0.540925966823,-0.413266347162,-0.214862172026,
1450287822.72,-1.04115547995,2.54629098955,-0.99418133645,-0.326233938553,-0.541639028204,-0.417421877143,-0.211436181735,
1450287822.74,-1.0580082962,2.71481915209,-1.01290668784,-0.349471350618,-0.539053431683,-0.407907900607,-0.211960491575,
1450287822.74,-1.05787347367,2.64767753214,-0.954858098524,-0.319136281361,-0.537180896544,-0.413338252511,-0.212315524237,
1450287822.75,-0.906198127388,2.5520434175,-1.0034990713,-0.334847600194,-0.555121281207,-0.411991525239,-0.211427193567,
1450287822.76,-0.844404467791,2.79360045047,-0.994136395607,-0.343443285498,-0.567890472829,-0.409405928718,-0.213551397429,
1450287822.78,-0.979226997822,2.52355092282,-0.870549076411,-0.313857230296,-0.556655261993,-0.429139453031,-0.21302708759,
1450287822.78,-1.08020907282,2.51833778499,-0.91178979032,-0.314962775042,-0.545348145808,-0.424270861668,-0.214047244734,
1450287822.79,-0.98484460324,2.69810115837,-1.01290668784,-0.317976807603,-0.543922023045,-0.42749012408,-0.214600017107,
1450287822.8,-1.06376072415,2.55752620039,-0.984728779067,-0.349417421606,-0.537893957925,-0.425617588941,-0.21136128033,
1450287822.82,-1.20406603707,2.73755921882,-0.909827373494,-0.347580839141,-0.544296530073,-0.424681321371,-0.212652580562,
1450287822.82,-0.951138970732,2.69810115837,-0.936042865444,-0.340447229275,-0.568229027182,-0.43186886025,-0.213570871794,
1450287822.83,-1.24887205788,2.76537760085,-0.906217125745,-0.332226050999,-0.564483956903,-0.429693723432,-0.213346167578,
1450287822.85,-0.973474569874,2.59684943831,-0.943577946845,-0.322899327977,-0.538642971981,-0.43006823046,-0.212540228454,
1450287822.87,-0.850156895739,2.36652761618,-0.95855822796,-0.336738111671,-0.517224166043,-0.427036221562,-0.209863252218,
1450287822.87,-1.11418435038,2.49586736332,-0.924852595452,-0.335989097615,-0.540890014148,-0.426661714534,-0.213439045321,
1450287822.88,-1.36122416624,2.8329236884,-0.889319368648,-0.321703901544,-0.548380154705,-0.428793408537,-0.211773238061,
1450287822.89,-1.12541956122,2.63055507082,-0.999798941868,-0.327357459637,-0.554372267151,-0.423550310147,-0.211585984547,
1450287822.91,-1.0580082962,2.51258535704,-0.994136395607,-0.342355717089,-0.553623253095,-0.426135906667,-0.212147745088,
1450287822.91,-0.967991786986,2.87197728126,-1.00733402327,-0.359903618386,-0.545045544129,-0.421713727682,-0.212802383373,
1450287822.92,-0.776993202775,2.73728957376,-0.952985563385,-0.33336754842,-0.56148790068,-0.424709783905,-0.212053369317,
1450287822.93,-1.0580082962,2.50710257416,-0.94741289881,-0.328855487748,-0.536395929813,-0.432984891193,-0.212447350711,
1450287822.95,-1.47371109713,2.68700077006,-0.915489919755,-0.310130136355,-0.541264521176,-0.420554253924,-0.213943880794,
1450287822.95,-1.09157910618,2.71481915209,-0.853741201001,-0.334098586138,-0.558491844457,-0.412127845797,-0.212802383373,
1450287822.96,-0.872762139941,2.68686594753,-1.00537160644,-0.332600558027,-0.548380154705,-0.423924817175,-0.212053369317,
1450287822.97,-1.20954881996,2.58013144459,-0.913662325459,-0.325502900835,-0.552946144389,-0.414338935289,-0.211903566506,
1450287822.99,-0.900580521971,2.50135014621,-0.947367957967,-0.338628623147,-0.538642971981,-0.417370944187,-0.213888453754,
1450287823.0,-1.0243026637,2.40571603157,-0.911834731163,-0.340090698584,-0.542049487906,-0.418940877648,-0.211090137242,
1450287823.01,-1.10294913955,2.63055507082,-0.986826018423,-0.324004872723,-0.542388042259,-0.418984320463,-0.213972343328,
1450287823.02,-1.09198357377,2.74290717918,-0.999798941868,-0.347598815479,-0.547220680947,-0.419992493382,-0.21520821652,
1450287823.04,-1.17049522709,2.79894841083,-0.894847092379,-0.313108216241,-0.542013535231,-0.419056225812,-0.211529059478,
1450287823.04,-0.917702983284,2.79360045047,-1.02980444494,-0.338200187107,-0.551376210928,-0.418833019624,-0.21068716768,
1450287823.05,-1.04677308537,2.73728957376,-0.913617384616,-0.32546694816,-0.562575469089,-0.424183976038,-0.211379256667,
1450287823.06,-0.816451263231,2.7485247846,-0.943577946845,-0.340447229275,-0.54497363878,-0.417370944187,-0.21338361828,
1450287823.08,-0.962374181568,2.52957299583,-0.877994276125,-0.319474835714,-0.534148887646,-0.419617986354,-0.213776101646,
1450287823.08,-1.10856674497,2.47874490201,-0.928552724887,-0.33861064681,-0.557706877727,-0.420554253924,-0.212147745088,
1450287823.09,-1.1424072,2.52382056788,-1.03350457438,-0.329568549129,-0.545384098482,-0.415462456373,-0.212652580562,
1450287823.1,-1.05225586826,2.67001313128,-1.00546148813,-0.345315820637,-0.556280754965,-0.413964428262,-0.211773238061,
1450287823.12,-0.900580521971,2.59698426084,-0.982946125614,-0.345333796974,-0.558527797132,-0.418155910917,-0.214038256565,
1450287823.12,-1.18146079287,2.47339694165,-0.906172184902,-0.313144168915,-0.559615365541,-0.429016614726,-0.212877284779,
1450287823.13,-1.19858325418,2.81058808926,-0.891236844631,-0.338164234433,-0.541674980878,-0.42826760067,-0.211716312992,
1450287823.14,-0.923185766172,2.59684943831,-0.917317514051,-0.319118305024,-0.540890014148,-0.41778140389,-0.215095864412,
1450287823.16,-0.810833657813,2.56341345087,-0.953030504228,-0.332957088717,-0.548790614408,-0.417219643348,-0.213148427867,
1450287823.16,-0.996349459136,2.61958950505,-0.956595811134,-0.330745999225,-0.554782726854,-0.426618271719,-0.212174709594,
1450287823.17,-0.732052359432,2.53519060125,-1.03154215755,-0.336756088008,-0.557778783076,-0.42819569532,-0.211941017209,
1450287823.18,-0.760140386521,2.56314380581,-0.981028649632,-0.338985153838,-0.543137056315,-0.412279146636,-0.211660885952,
1450287823.21,-1.5579751784,2.52368574535,-0.93787045974,-0.348704360225,-0.550252689844,-0.412876859853,-0.211848139466,
1450287823.21,-1.13665477206,2.61931985999,-0.967875962813,-0.331459060606,-0.536431882488,-0.422988549605,-0.213223329272,
1450287823.22,-0.838786862373,2.5912318329,-0.964130892534,-0.32848098072,-0.55624480229,-0.42467383123,-0.214075707268,
1450287823.23,-0.833304079485,2.68097869705,-0.999754001025,-0.339752144231,-0.55287423904,-0.419056225812,-0.214188059376,
1450287823.25,-1.03553787453,2.78209559458,-0.934215271148,-0.322114361247,-0.553284698742,-0.424932990094,-0.212053369317,
1450287823.25,-1.31641814543,2.80483566131,-0.99418133645,-0.319474835714,-0.542423994934,-0.425458797961,-0.211024224005,
1450287823.26,-1.09733153413,2.78236523964,-0.958513287116,-0.324004872723,-0.533399873591,-0.411566085255,-0.211585984547,
1450287823.27,-1.11418435038,2.56889623375,-0.855568795297,-0.329247971113,-0.537519450897,-0.414562141478,-0.212513263948,
1450287823.29,-1.04650344031,2.62507228793,-0.90238217378,-0.342337740751,-0.550663149547,-0.416621930131,-0.214796258789,
1450287823.29,-0.922916121112,2.52930335077,-0.977283579353,-0.331833567634,-0.571599590433,-0.427518586614,-0.216107033387,
1450287823.3,-0.990462208658,2.54629098955,-1.05967512548,-0.338218163445,-0.555906247937,-0.417183690673,-0.211192003153,
1450287823.31,-1.09144428365,2.55779584545,-0.999798941868,-0.334847600194,-0.534487441999,-0.423773516335,-0.211491608776,
1450287823.33,-0.990462208658,2.86101171549,-0.973628390761,-0.331477036943,-0.538268464953,-0.414223587125,-0.212690031265,
1450287823.33,-1.13090234411,2.71454950703,-0.911744849477,-0.334847600194,-0.553212793393,-0.41340266772,-0.212445852683,
1450287823.34,-1.1700907595,2.59684943831,-0.913617384616,-0.326964976271,-0.540479554445,-0.42654636637,-0.211239940053,
1450287823.35,-0.934286154478,2.56341345087,-0.907999779198,-0.334080609801,-0.544635084426,-0.423924817175,-0.211903566506,
1450287823.37,-1.04102065742,2.52382056788,-0.906082303215,-0.341214219668,-0.557742830402,-0.41340266772,-0.212110294386,
1450287823.37,-0.940173404956,2.69810115837,-0.924852595452,-0.334865576531,-0.539766493064,-0.41153013258,-0.213822540517,
1450287823.38,-1.1474855153,2.70906672414,-0.971710914778,-0.338574694135,-0.54834420203,-0.424897037419,-0.215170765817,
1450287823.39,-0.855639678627,2.56903105628,-0.924807654608,-0.314624220689,-0.541639028204,-0.422988549605,-0.213373132084,
1450287823.42,-0.906332949919,2.56327862834,-0.979111173649,-0.341214219668,-0.544296530073,-0.419020273138,-0.211828665101,
1450287823.42,-1.19817878659,2.46791415876,-0.90238217378,-0.337469149389,-0.561077440978,-0.412127845797,-0.212128270723,
1450287823.43,-1.36697659419,2.7485247846,-0.969838379639,-0.346100787367,-0.541603075529,-0.42208823471,-0.211753763695,
1450287823.44,-1.02965062405,2.81620569467,-0.941795293392,-0.321721877881,-0.555495788235,-0.419992493382,-0.213448033489,
1450287823.46,-0.838786862373,2.36652761618,-0.94915061142,-0.311253657439,-0.543583468692,-0.422988549605,-0.213897441923,
1450287823.46,-0.951004148202,2.31048638453,-0.990481207015,-0.330728022887,-0.564073497201,-0.419992493382,-0.212110294386,
1450287823.47,-1.035403052,2.64179028166,-0.924762713765,-0.340803759965,-0.541264521176,-0.424861084744,-0.21302708759,
1450287823.48,-0.996079814076,2.70920154667,-0.934260211992,-0.317620276912,-0.547631140649,-0.419243479326,-0.211042200342,
1450287823.5,-1.14775516036,2.59698426084,-0.973583449918,-0.342730224116,-0.531491385777,-0.410629817685,-0.213410582786,
1450287823.5,-1.34437134999,2.70385358631,-0.98477371991,-0.356925538501,-0.544671037101,-0.421454568819,-0.211997942277,
1450287823.51,-1.10829709991,2.74304200171,-0.909872314337,-0.314998727717,-0.54575860551,-0.422275488224,-0.213663749537,
1450287823.52,-1.12501509363,2.44530891456,-0.995963989903,-0.311253657439,-0.536021422786,-0.429016614726,-0.214020280228,
1450287823.54,-0.894962916553,2.5520434175,-0.960430763099,-0.344566806581,-0.533774380618,-0.420892808277,-0.211903566506,
1450287823.54,-1.04663826284,2.63055507082,-0.954813157681,-0.347562862804,-0.553248746067,-0.413777174748,-0.210911871896,
1450287823.55,-1.14213755494,2.49038458043,-0.924942477139,-0.336720135333,-0.574559693981,-0.413964428262,-0.213110977164,
1450287823.56,-0.923185766172,2.5746486617,-0.986646255049,-0.338218163445,-0.556993816346,-0.418494465271,-0.213476496023,
1450287823.58,-0.866740066933,2.58574905001,-0.951113028246,-0.329229994776,-0.542423994934,-0.417745451215,-0.212802383373,
1450287823.58,-0.95702622121,2.63082471588,-0.941705411706,-0.331102529915,-0.542049487906,-0.420777460112,-0.212736470136,
1450287823.59,-1.24311962994,2.5405385616,-0.982901184771,-0.309755629327,-0.547969695003,-0.422052282035,-0.213851003051,
1450287823.61,-1.13090234411,2.60835429421,-0.904119886389,-0.351682440111,-0.531901845479,-0.427144079586,-0.211548533844,
1450287823.63,-0.996079814076,2.74304200171,-0.891057081257,-0.335971121278,-0.549503675789,-0.415087949345,-0.213046561955,
1450287823.63,-0.906198127388,2.71481915209,-0.878039216969,-0.338985153838,-0.558491844457,-0.419243479326,-0.213897441923,
1450287823.64,-0.838786862373,2.76551242338,-0.904299649763,-0.335614590587,-0.558527797132,-0.417968657404,-0.210827982322,
1450287823.65,-1.08034389535,2.53519060125,-0.926725130591,-0.325859431525,-0.542726596613,-0.422988549605,-0.212128270723,
1450287823.67,-1.35025860047,2.6364423213,-0.979111173649,-0.334098586138,-0.544260577399,-0.418119958243,-0.21292372365,
1450287823.67,-1.1198019558,2.47901454707,-0.951068087402,-0.332582581689,-0.550252689844,-0.416809183645,-0.214318387822,
1450287823.68,-0.889210488605,2.49573254079,-0.943488065158,-0.344959289946,-0.553284698742,-0.417558197701,-0.213776101646,
1450287823.69,-0.833169256955,2.78811766758,-0.932252854322,-0.320616333135,-0.557778783076,-0.421375173329,-0.212399413811,
1450287823.71,-1.04102065742,2.68097869705,-0.990391325328,-0.334062633464,-0.537144943869,-0.429016614726,-0.211978467912,
1450287823.71,-0.838652039843,2.40063771627,-0.941750352549,-0.332993041392,-0.533810333293,-0.425343449796,-0.212961174353,
1450287823.72,-1.42315264837,2.74304200171,-0.898637103501,-0.322845398965,-0.553623253095,-0.410406611497,-0.212137258892,
1450287823.73,-1.37821180503,2.5294381733,-0.943577946845,-0.342373693426,-0.564930369281,-0.41778140389,-0.212110294386,
1450287823.75,-0.720817148596,2.60835429421,-0.997881465885,-0.340090698584,-0.543475610668,-0.426020558503,-0.212848822245,
1450287823.75,-1.11377988279,2.66987830875,-0.896719627519,-0.31799478394,-0.544224624724,-0.422239535549,-0.21270950563,
1450287823.76,-0.771240774827,2.5520434175,-0.98477371991,-0.341606703033,-0.554372267151,-0.418119958243,-0.213298230678,
1450287823.77,-1.01855023575,2.60246704373,-1.00907173588,-0.353929482278,-0.545830510859,-0.424112070689,-0.212624118028,
1450287823.79,-1.11404952785,2.82757572804,-0.996143753276,-0.331477036943,-0.549914135491,-0.427669887453,-0.214262960782,
1450287823.79,-1.18707839829,2.63055507082,-0.861141459872,-0.337076666024,-0.529654803312,-0.421339220654,-0.210790531619,
1450287823.8,-1.09144428365,2.77688245675,-0.906082303215,-0.323968920049,-0.536806389516,-0.41684513632,-0.212784407036,
1450287823.81,-1.02965062405,2.53532542378,-0.96783102197,-0.322132337584,-0.55287423904,-0.418379117106,-0.211828665101,
1450287823.83,-0.827551651537,2.68686594753,-0.947323017124,-0.332975065055,-0.548380154705,-0.422426789063,-0.213560385598,
1450287823.84,-0.878110100299,2.49586736332,-0.981028649632,-0.338218163445,-0.542762549287,-0.413474573069,-0.21437531289,
1450287823.85,-1.0745914674,2.59136665543,-0.879821870421,-0.343835768863,-0.535610963083,-0.420402953085,-0.212952186184,
1450287823.86,-1.19831360912,2.56903105628,-0.902337232937,-0.325841455188,-0.524375752247,-0.416247423103,-0.211837653269,
1450287823.88,-0.962239359038,2.60287151132,-1.1177237148,-0.326233938553,-0.552125224984,-0.415311155534,-0.21302708759,
1450287823.88,-0.922916121112,2.75441203508,-0.896764568362,-0.331048600903,-0.568193074507,-0.425084290933,-0.212877284779,
1450287823.89,-1.04650344031,2.57437901664,-0.877994276125,-0.348347829534,-0.543850117696,-0.414374887964,-0.212474315217,
1450287823.9,-1.136385127,2.48476697501,-0.932297795166,-0.344584782918,-0.541264521176,-0.41778140389,-0.214113157971,
1450287823.92,-1.09130946112,2.50723739669,-1.02587961129,-0.320616333135,-0.529618850637,-0.425984605828,-0.212727481968,
1450287823.92,-0.889345311135,2.4284560983,-0.932342736009,-0.320990840163,-0.54130047385,-0.419243479326,-0.211603960884,
1450287823.93,-1.23736720199,2.71508879715,-0.889184546118,-0.336702158996,-0.573097618544,-0.415383060883,-0.212652580562,
1450287823.94,-0.995810169016,2.84415889923,-0.915534860599,-0.322114361247,-0.559651318216,-0.421865028521,-0.212802383373,
1450287823.96,-1.04636861778,2.53505577872,-1.0146893413,-0.334080609801,-0.550591244198,-0.427215984936,-0.213476496023,
1450287823.96,-0.872357672351,2.81593604961,-0.885439475839,-0.34306877847,-0.528495329554,-0.427144079586,-0.212361963108,
1450287823.97,-1.1248802711,2.42859092083,-0.975455985057,-0.335222107222,-0.522092757405,-0.428944709376,-0.21213875692,
1450287823.98,-0.832899611895,2.87786453174,-1.01660681728,-0.334491069503,-0.559276811188,-0.422649995252,-0.211791214398,
1450287824.01,-0.979361820352,2.4791493696,-1.00171641785,-0.343461261835,-0.551786670631,-0.418833019624,-0.214712369215,
1450287824.01,-1.08582667823,2.73742439629,-1.00528172476,-0.32625191489,-0.550252689844,-0.415347108208,-0.213551397429,
1450287824.02,-1.17570836492,2.47339694165,-0.881829228091,-0.333349572083,-0.551037656575,-0.426920873398,-0.210405538395,
1450287824.03,-1.03526822947,2.54629098955,-0.93047020087,-0.327357459637,-0.546882126594,-0.411040277388,-0.214787270621,
1450287824.05,-1.18680875323,2.74290717918,-0.879866811265,-0.331851543971,-0.544599131752,-0.414562141478,-0.213635287003,
1450287824.05,-1.02416784117,2.60808464915,-0.930425260026,-0.340465205612,-0.549539628463,-0.410629817685,-0.213176890401,
1450287824.06,-1.26585969667,2.62480264287,-1.00345413046,-0.325841455188,-0.554372267151,-0.413251366881,-0.211211477519,
1450287824.07,-0.922916121112,2.31583434489,-0.97723863851,-0.334116562476,-0.54654357224,-0.424637878556,-0.215648636785,
1450287824.09,-0.98444013565,2.77647798916,-0.861141459872,-0.340447229275,-0.541264521176,-0.416773230971,-0.213588848132,
1450287824.09,-0.995944991546,2.86087689296,-0.926680189748,-0.34119624333,-0.541977582557,-0.420179746896,-0.209956129961,
1450287824.1,-1.20393121454,2.69783151331,-1.05031244979,-0.331084553578,-0.53973054039,-0.429952882295,-0.213794077983,
1450287824.11,-0.923050943642,2.64767753214,-0.894847092379,-0.32323788233,-0.534487441999,-0.425422845286,-0.212137258892,
1450287824.13,-1.26010726872,2.57999662206,-0.831225838486,-0.333349572083,-0.544635084426,-0.421339220654,-0.212427876345,
1450287824.13,-0.776993202775,2.57451383917,-0.904344590606,-0.331477036943,-0.556993816346,-0.41958203368,-0.212597153522,
1450287824.14,-0.973339747344,2.71495397462,-1.02775214643,-0.313464746931,-0.545722652835,-0.419207526652,-0.214496653167,
1450287824.15,-0.967722141926,2.60246704373,-0.900464697797,-0.331477036943,-0.544599131752,-0.423586262821,-0.213101988995,
1450287824.18,-1.05212104573,2.28212871238,-0.941795293392,-0.327731966665,-0.543137056315,-0.427482633939,-0.210799519788,
1450287824.18,-0.98470978071,2.61918503746,-0.97536610337,-0.345690327665,-0.54841610738,-0.416693835481,-0.212278073534,
1450287824.19,-1.12514991616,2.81593604961,-0.973493568231,-0.333742055448,-0.560364379597,-0.419805239868,-0.213822540517,
1450287824.2,-1.136385127,2.97898142927,-0.979156114492,-0.333349572083,-0.548041600352,-0.415498409048,-0.213036075759,
1450287824.22,-0.782341163133,2.36104483329,-0.896719627519,-0.329604501804,-0.535200503381,-0.421677775007,-0.211773238061,
1450287824.22,-1.06897386198,2.60246704373,-0.971665973935,-0.329622478141,-0.530778324396,-0.421865028521,-0.211136576113,
1450287824.23,-1.40054740417,2.83840647129,-0.862969054168,-0.335578637912,-0.548005647677,-0.415498409048,-0.211923040872,
1450287824.24,-1.13063269905,2.24869272493,-0.979066232805,-0.312377178522,-0.557742830402,-0.413777174748,-0.21338361828,
1450287824.26,-0.821934046119,2.64767753214,-0.937960341427,-0.331459060606,-0.555495788235,-0.416211470429,-0.213410582786,
1450287824.26,-0.939499292306,2.7093363692,-0.977283579353,-0.332244027336,-0.563698990173,-0.412689606339,-0.214496653167,
1450287824.27,-0.934016509418,2.60808464915,-0.864931470994,-0.3452978443,-0.541264521176,-0.428044394481,-0.213551397429,
1450287824.28,-1.10816227738,2.6982359809,-1.02035188756,-0.329247971113,-0.540141000092,-0.423399009308,-0.211725301161,
1450287824.3,-1.23750202452,2.65316031502,-0.986691195893,-0.337861632754,-0.531527338451,-0.420892808277,-0.21141670737,
1450287824.3,-0.872357672351,2.66453034839,-0.831180897642,-0.350220364674,-0.561523853355,-0.41418763445,-0.210986773302,
1450287824.31,-0.92853372653,2.74892925219,-0.900464697797,-0.325859431525,-0.550288642519,-0.413741222073,-0.211389742864,
1450287824.32,-0.911546087746,2.51820296246,-1.00153665448,-0.317245769884,-0.549129168761,-0.423924817175,-0.212934209847,
1450287824.34,-1.19242635864,2.23745751409,-1.0203968284,-0.360670608779,-0.534112934972,-0.415649709887,-0.215142303283,
1450287824.34,-1.08007425029,2.74304200171,-0.934170330305,-0.335222107222,-0.538232512278,-0.413777174748,-0.211585984547,
1450287824.35,-1.08020907282,2.99583424552,-0.827345945677,-0.326608445581,-0.532240399832,-0.426359112856,-0.209544172231,
1450287824.37,-0.889075666075,2.58588387254,-0.889184546118,-0.326608445581,-0.536734484167,-0.432351225302,-0.213251791807,
1450287824.39,-1.14775516036,2.59096218784,-0.982901184771,-0.322132337584,-0.554746774179,-0.423996722524,-0.21531158046,
1450287824.39,-1.32765335627,2.84991132718,-0.95855822796,-0.332993041392,-0.567480013126,-0.418155910917,-0.211612949053,
1450287824.4,-1.22078403079,2.55766102292,-1.02587961129,-0.331084553578,-0.55287423904,-0.420402953085,-0.21068716768,
1450287824.41,-0.70944711523,2.48449732995,-0.917362454895,-0.353947458615,-0.538232512278,-0.417334991512,-0.213101988995,
1450287824.43,-0.726434754014,2.65877792044,-0.898637103501,-0.324361403414,-0.532578954185,-0.414000380936,-0.213223329272,
1450287824.43,-0.95662175362,2.62507228793,-0.814238199702,-0.334437140491,-0.535985470111,-0.41958203368,-0.212586667325,
1450287824.44,-1.08034389535,2.686731125,-0.926635248904,-0.343086754807,-0.517490815047,-0.41943073284,-0.211623435249,
1450287824.45,-1.25462448583,2.60273668879,-1.0652927309,-0.322114361247,-0.517188213368,-0.422016329361,-0.210574815571,
1450287824.47,-1.19804396406,2.68124834211,-0.975411044214,-0.339341684528,-0.509662120136,-0.428008441807,-0.213410582786,
1450287824.47,-1.10281431702,2.65891274297,-0.97723863851,-0.328106473692,-0.524606448576,-0.432199924462,-0.213495970389,
1450287824.48,-1.16460797661,2.6249374654,-0.894892033223,-0.325484924497,-0.518239829103,-0.423701610986,-0.213382120252,
1450287824.49,-0.928398904,2.79921805589,-0.915355097225,-0.332582581689,-0.524267894223,-0.423399009308,-0.21292372365,
1450287824.51,-0.900580521971,2.6364423213,-1.02400707615,-0.339323708191,-0.506183698862,-0.429650280617,-0.213046561955,
1450287824.51,-0.990462208658,2.56327862834,-0.919100167504,-0.353180468222,-0.479183240181,-0.434670172818,-0.214796258789,
1450287824.52,-0.888940843544,2.56327862834,-0.799347800274,-0.320990840163,-0.494502075648,-0.424558483066,-0.213635287003,
1450287824.53,-0.917028870634,2.58574905001,-0.907954838355,-0.332600558027,-0.497836686225,-0.433467256245,-0.211229453856,
1450287824.55,-1.21503160285,2.68138316464,-0.923069941999,-0.338200187107,-0.518060065729,-0.436427359793,-0.211828665101,
1450287824.56,-0.951004148202,2.65302549249,-1.08210060631,-0.329996985169,-0.550339575475,-0.4342162703,-0.211978467912,
1450287824.57,-1.01841541322,2.48463215248,-0.956595811134,-0.341963233723,-0.550678129828,-0.446798208409,-0.213196364766,
1450287824.58,-1.11953231074,2.55779584545,-0.921017643486,-0.32288135164,-0.509035944386,-0.441144650316,-0.211660885952,
1450287824.6,-1.08034389535,2.57451383917,-0.898457340128,-0.345708304002,-0.52667372737,-0.437845992414,-0.213822540517,
1450287824.6,-0.990597031188,2.73180679087,-0.898637103501,-0.340465205612,-0.537570383853,-0.443499550507,-0.215620174251,
1450287824.61,-0.973474569874,2.5520434175,-1.01455451877,-0.319492812052,-0.532291332788,-0.440654795123,-0.214215023882,
1450287824.62,-1.13090234411,2.76524277832,-0.943488065158,-0.334080609801,-0.533414853872,-0.44038814612,-0.213785089814,
1450287824.64,-0.967991786986,2.73755921882,-1.04094977409,-0.333706102773,-0.551016684181,-0.45345993942,-0.212672054927,
1450287824.64,-0.934151331948,2.68686594753,-0.949060729733,-0.336738111671,-0.534538374955,-0.447655080488,-0.210555341206,
1450287824.65,-0.990462208658,2.66439552586,-0.731891594415,-0.323950943711,-0.510569925172,-0.443945962884,-0.21276493267,
1450287824.66,-1.04075101236,2.52957299583,-0.932207913479,-0.325448971823,-0.53903245929,-0.449412267463,-0.211436181735,
1450287824.68,-1.18132597034,2.48449732995,-0.922845237782,-0.320936911151,-0.523303164119,-0.441922126906,-0.212522252116,
1450287824.68,-1.02403301864,2.49038458043,-0.892929616397,-0.335222107222,-0.530346892299,-0.437989803113,-0.211866115803,
1450287824.69,-1.07432182234,2.72030193498,-1.04464990353,-0.321347370854,-0.522143690361,-0.446113609562,-0.214487664999,
1450287824.7,-0.849752428149,2.63603785371,-0.98463889738,-0.331869520308,-0.535625943364,-0.440647304983,-0.212110294386,
1450287824.72,-1.2318844191,2.5294381733,-0.949105670576,-0.337433196714,-0.545024571735,-0.439559736574,-0.211192003153,
1450287824.73,-0.945251720254,2.80497048384,-0.952895681698,-0.332582581689,-0.534127915253,-0.435404206593,-0.213084012658,
1450287824.73,-1.1589903712,2.67576555923,-0.891102022101,-0.327731966665,-0.534948834658,-0.432372197695,-0.212989636887,
1450287824.75,-1.26572487414,2.82195812262,-0.894757210693,-0.342730224116,-0.501992216206,-0.426754592277,-0.211603960884,
1450287824.77,-1.00731502491,2.69234873042,-0.93974299488,-0.34608281103,-0.531542318732,-0.424320296596,-0.212240622831,
1450287824.77,-0.90044569944,2.36679726124,-0.979066232805,-0.319849342742,-0.538657952262,-0.429678743151,-0.213101988995,
1450287824.78,-1.10281431702,2.7259195404,-0.971531151405,-0.317620276912,-0.519860695519,-0.433647019618,-0.213476496023,
1450287824.79,-1.15872072614,2.6982359809,-0.967786081126,-0.330371492197,-0.524426685203,-0.43327251259,-0.213738650943,
1450287824.81,-0.906198127388,2.62520711046,-0.853606378471,-0.316496755829,-0.518434572757,-0.435332301243,-0.213260779975,
1450287824.81,-0.889075666075,2.71495397462,-0.868541718742,-0.33595314494,-0.540155980373,-0.444356422587,-0.213906430091,
1450287824.82,-0.950734503142,2.7319416134,-0.973493568231,-0.331833567634,-0.541243548782,-0.440424098794,-0.213925904457,
1450287824.83,-1.08582667823,2.56889623375,-0.892884675553,-0.323986896386,-0.53903245929,-0.455065825556,-0.214244984444,
1450287824.85,-1.38369458792,2.69810115837,-0.992218919624,-0.339734167894,-0.538621999587,-0.44210938042,-0.21235297494,
1450287824.85,-1.0971967116,2.41735571,-0.934080448618,-0.350969378729,-0.532291332788,-0.431774484479,-0.210967298937,
1450287824.86,-1.08034389535,2.37228004412,-1.01094427102,-0.343835768863,-0.522179643036,-0.441547619878,-0.211154552451,
1450287824.87,-0.855504856097,2.89485217053,-0.913482562086,-0.321721877881,-0.526709680045,-0.426718639603,-0.2136457732,
1450287824.89,-1.06335625656,2.96199379048,-0.857261567063,-0.337433196714,-0.544650064708,-0.43858751633,-0.212848822245,
1450287824.89,-1.08596150076,2.46791415876,-0.902292292093,-0.330014961506,-0.54161805581,-0.444356422587,-0.213476496023,
1450287824.9,-0.978957352762,2.38351525496,-1.02204465932,-0.331102529915,-0.52064566225,-0.437053535543,-0.214057730931,
1450287824.91,-1.07472628993,2.36679726124,-1.02026200587,-0.338200187107,-0.527012281723,-0.438025755788,-0.212549216622,
1450287824.93,-0.951273793262,2.63095953841,-0.883477059013,-0.315747741773,-0.518060065729,-0.442858394475,-0.211660885952,
1450287824.93,-1.37232455455,2.74331164677,-0.986466491676,-0.352413477829,-0.526263267668,-0.426567338763,-0.213373132084,
1450287824.94,-1.12528473869,2.77688245675,-0.967786081126,-0.34643934172,-0.522518197389,-0.440121497116,-0.211314841458,
1450287824.95,-0.799463624447,2.62480264287,-0.890967199571,-0.325128393807,-0.538211539885,-0.442671140961,-0.214262960782,
1450287824.98,-0.805081229865,2.59684943831,-0.876076800143,-0.326233938553,-0.526601822021,-0.440870511171,-0.213813552348,
1450287824.98,-1.12528473869,2.70358394125,-0.935863102071,-0.321347370854,-0.536339004745,-0.444954135803,-0.210967298937,
1450287824.99,-1.24887205788,2.68700077006,-0.883477059013,-0.321329394516,-0.502935973916,-0.431507835475,-0.212502777751,
1450287825.0,-1.17570836492,2.91170498678,-0.902292292093,-0.343104731144,-0.512370554962,-0.4297506485,-0.213635287003,
1450287825.02,-1.3388885671,2.56930070134,-0.930245496653,-0.34643934172,-0.536000450392,-0.447611637673,-0.212072843683,
1450287825.02,-1.05239069079,2.65850827538,-0.915265215539,-0.319474835714,-0.530310939625,-0.450830900085,-0.21213875692,
1450287825.03,-1.07486111246,2.67590038176,-0.904074945546,-0.328463004383,-0.503310480944,-0.451356707952,-0.213560385598,
1450287825.04,-1.06362590162,2.94541061929,-0.898412399285,-0.329961032494,-0.471477383575,-0.451241359787,-0.214824721324,
1450287825.06,-1.1589903712,2.68713559259,-0.973268864014,-0.339323708191,-0.473242060691,-0.457831185449,-0.210312660652,
1450287825.06,-0.906332949919,2.64767753214,-0.988294085972,-0.341214219668,-0.486349806666,-0.463297490028,-0.210341123186,
1450287825.07,-1.04677308537,2.2600627583,-0.9658236643,-0.339305731854,-0.483317797768,-0.469851363016,-0.212914735482,
1450287825.08,-1.06883903945,2.63095953841,-0.945225777768,-0.327357459637,-0.485903394289,-0.476217982489,-0.212334998602,
1450287825.1,-1.1815956154,2.91170498678,-0.997656761669,-0.339323708191,-0.500473215701,-0.475728127297,-0.213476496023,
1450287825.1,-1.04129030248,2.49051940296,-0.969613675422,-0.332582581689,-0.504290191329,-0.484262393448,-0.212859308441,
1450287825.11,-0.889345311135,2.60273668879,-0.917227632365,-0.329176065764,-0.516648923248,-0.489390143673,-0.211810688763,
1450287825.12,-0.535570992333,2.74331164677,-0.982676480554,-0.32323788233,-0.520768500555,-0.501820780942,-0.21209082002,
1450287825.14,-1.22064920826,2.5017546138,-1.02775214643,-0.346813848748,-0.504967300035,-0.51439522891,-0.211529059478,
1450287825.15,-1.02965062405,2.70947119173,-0.836708621374,-0.333331595745,-0.509835891397,-0.521395514275,-0.212952186184,
1450287825.15,-1.02416784117,2.47353176418,-0.89283973471,-0.342283811739,-0.521071102233,-0.535396085004,-0.21255071465,
1450287825.17,-0.92853372653,2.43420852625,-0.935818161228,-0.316496755829,-0.531254697335,-0.549583909248,-0.213196364766,
1450287825.19,-0.804946407335,2.75427721255,-0.922755356096,-0.33559661425,-0.548856527645,-0.555907085907,-0.212773920839,
1450287825.19,-0.670123877304,2.9399278364,-1.0595852438,-0.341963233723,-0.544808855687,-0.5535087429,-0.212877284779,
1450287825.2,-0.894962916553,2.60848911674,-1.06890297865,-0.34083971264,-0.574769417917,-0.572039350639,-0.212914735482,
1450287825.21,-0.861122461515,2.50723739669,-0.949060729733,-0.328142426367,-0.557952554337,-0.582107597576,-0.212147745088,
1450287825.23,-1.1474855153,2.74906407472,-0.851778784175,-0.325092441132,-0.571470760015,-0.59535915425,-0.212932711819,
1450287825.23,-0.90031087691,2.77701727928,-0.862879172481,-0.326608445581,-0.532183474764,-0.589546805177,-0.21427194895,
1450287825.24,-0.714795075588,2.60848911674,-0.956460988604,-0.338200187107,-0.524657381532,-0.599802305628,-0.213683223903,
1450287825.25,-0.551749695936,2.40598567663,-0.919100167504,-0.331084553578,-0.535143578312,-0.595603332832,-0.210462463463,
1450287825.27,-0.636013777206,2.32185641789,-1.00710931905,-0.345333796974,-0.535856639693,-0.597735026835,-0.211529059478,
1450287825.27,-0.916894048104,2.8103184442,-0.93773563721,-0.322078408572,-0.523159353421,-0.603870949979,-0.213758125308,
1450287825.28,-0.871953204761,2.41173810458,-0.816065793998,-0.337469149389,-0.515597307514,-0.615249971514,-0.213485484192,
1450287825.29,-0.607521282526,2.59698426084,-0.862969054168,-0.327749943002,-0.543382732925,-0.641040023481,-0.211538047647,
1450287825.32,-0.601768854578,2.51833778499,-1.04821521043,-0.318689868984,-0.525744949941,-0.657885349594,-0.211912554675,
1450287825.32,-0.365694604493,2.81045326673,-0.990211561955,-0.330745999225,-0.534430516931,-0.683567543537,-0.211454158073,
1450287825.33,-0.674932547542,2.92855780303,-1.00153665448,-0.350951402392,-0.516792733947,-0.702544563653,-0.212559702819,
1450287825.34,-0.753309378333,2.59163630049,-0.870369313038,-0.335240083559,-0.4942863596,-0.728075456756,-0.212390425642,
1450287825.36,-1.0229544384,2.72645883052,-0.759934680661,-0.330335539522,-0.516382274244,-0.753865508723,-0.2122975479,
1450287825.36,-0.910332684976,2.82771055057,-0.945360600298,-0.298109958789,-0.523872414802,-0.779021894799,-0.211585984547,
1450287825.37,-0.550940760756,2.48476697501,-0.973313804857,-0.332957088717,-0.53817558721,-0.781261446826,-0.212597153522,
1450287825.38,-0.826203426237,2.73782886388,-1.02017212418,-0.309381122299,-0.532111569415,-0.791322203622,-0.212784407036,
1450287825.4,-0.848673847908,2.81072291179,-0.913392680399,-0.332208074662,-0.524995935885,-0.781462182593,-0.211848139466,
1450287825.4,-1.0114495825,2.73782886388,-0.94901578889,-0.319064376012,-0.530649493978,-0.800251949195,-0.21348698222,
1450287825.41,-0.663158046586,2.45119616504,-0.93974299488,-0.297289039384,-0.514884246133,-0.787698473621,-0.212746956333,
1450287825.42,-0.904715079558,2.56916587881,-1.00893691335,-0.276352598498,-0.519039776114,-0.770838167226,-0.212222646494,
1450287825.44,-0.831551386595,2.42859092083,-0.935908042914,-0.309291240613,-0.508517626659,-0.748742252582,-0.21109912541,
1450287825.44,-1.09009605835,2.53532542378,-0.900284934424,-0.270288580703,-0.506234631817,-0.713012784096,-0.211735787358,
1450287825.45,-1.06776045921,2.54107785172,-0.851643961645,-0.289406415461,-0.529115513192,-0.681295034892,-0.211801700595,
1450287825.46,-1.02830239875,2.63657714383,-0.915265215539,-0.297199157697,-0.53207561674,-0.640776370533,-0.214150608673,
1450287825.48,-0.904715079558,2.34432683957,-0.926500426374,-0.275852257109,-0.502453608864,-0.621791860277,-0.215283117926,
1450287825.48,-0.961025956268,2.69261837548,-1.02766226474,-0.271714703465,-0.52424692183,-0.593452164464,-0.214384301059,
1450287825.49,-1.00034919419,2.47339694165,-1.00893691335,-0.280310388768,-0.519378330467,-0.541036160844,-0.210302174455,
1450287825.5,-0.92732032376,2.92307502015,-0.894667329006,-0.297501759375,-0.539227202944,-0.513971286954,-0.211379256667,
1450287825.53,-1.06762563668,2.74892925219,-0.913392680399,-0.282503501923,-0.528366499136,-0.493273032538,-0.212775418867,
1450287825.53,-0.893210223662,2.60848911674,-0.872196907334,-0.298999787487,-0.527242978052,-0.457407243494,-0.21276493267,
1450287825.54,-1.00583197708,2.34432683957,-0.984549015693,-0.273871863945,-0.518593363737,-0.438171064515,-0.212240622831,
1450287825.55,-1.17997774504,2.64767753214,-0.941525648332,-0.300818393614,-0.510015654771,-0.411034285276,-0.212278073534,
1450287825.57,-1.19121295587,2.85031579477,-1.05949536211,-0.282093042221,-0.525370442913,-0.383558951683,-0.213934892625,
1450287825.57,-1.3878291455,2.900739421,-0.909737491807,-0.270839855048,-0.517433889979,-0.370430233315,-0.212989636887,
1450287825.58,-0.860043881274,2.42872574336,-0.862969054168,-0.2629931838,-0.505896077464,-0.3581943397,-0.2135978363,
1450287825.59,-0.736186917019,2.74892925219,-0.849771426506,-0.292917793354,-0.512975758319,-0.369926895869,-0.212015918615,
1450287825.61,-0.87100944705,2.85566375513,-0.907730134138,-0.30336803746,-0.55046241378,-0.366081457707,-0.213588848132,
1450287825.61,-1.24765865511,2.36131447835,-0.890877317884,-0.299622967181,-0.527242978052,-0.381818243018,-0.21510485258,
1450287825.62,-1.21395302261,2.48490179754,-0.950843383186,-0.292845888005,-0.532896536145,-0.387515243926,-0.212802383373,
1450287825.63,-1.1069488746,2.76029928555,-1.09890848172,-0.291347859893,-0.534358611582,-0.416021220859,-0.210892397531,
1450287825.65,-0.831821031655,2.64767753214,-1.02208960017,-0.286853775559,-0.507768612604,-0.46133657123,-0.211341805964,
1450287825.65,-0.949790745432,2.25444515288,-1.02208960017,-0.284214250027,-0.522784846393,-0.489611851834,-0.212914735482,
1450287825.66,-0.533818299442,2.88361695969,-0.924762713765,-0.305971610318,-0.526868471025,-0.519644319412,-0.212409900008,
1450287825.67,-1.06214285379,2.63095953841,-0.84794383221,-0.338197191051,-0.523908367476,-0.600933316853,-0.214842697661,
1450287825.69,-0.994731588776,2.86662932091,-0.917272573208,-0.330707050494,-0.535856639693,-0.638786989201,-0.213410582786,
1450287825.7,-0.730299666541,2.50188943633,-0.993956632233,-0.311178756033,-0.532486076443,-0.660047004159,-0.211229453856,
1450287825.7,-0.89909747414,2.60848911674,-0.96783102197,-0.289493301091,-0.520127344523,-0.692319023764,-0.213064538293,
1450287825.71,-0.87060497946,2.51298982463,-0.971486210562,-0.302244516376,-0.513422170696,-0.722077352198,-0.213298230678,
1450287825.74,-0.674258434891,2.41146845952,-0.907909897511,-0.331099533859,-0.534322658907,-0.756632366645,-0.215498833974,
1450287825.74,-0.977474304932,1.99041769823,-1.00523678391,-0.34941442555,-0.520127344523,-0.787434820673,-0.212540228454,
1450287825.75,-1.02816757622,2.65316031502,-0.917182691521,-0.316850290463,-0.507394105576,-0.816933990244,-0.211566510181,
1450287825.76,-0.820046530699,2.75989481796,-0.904119886389,-0.326979956553,-0.514099279403,-0.822572568055,-0.212736470136,
1450287825.78,-0.909793394856,2.56341345087,-0.889139605275,-0.316493759772,-0.522676988369,-0.826230752703,-0.212699019433,
1450287825.78,-0.786475720721,2.57999662206,-0.9209277618,-0.328103477636,-0.52761748508,-0.836701969203,-0.21131334343,
1450287825.79,-0.645631117682,2.27664592949,-0.995829167373,-0.323591416964,-0.533537692177,-0.828973642176,-0.212540228454,
1450287825.8,-0.752770088213,2.24267065192,-0.939653113193,-0.317617280856,-0.541135690758,-0.815109392004,-0.211764249892,
1450287825.82,-1.12339722327,2.686731125,-1.03327987016,-0.309734656933,-0.526493963997,-0.787129222938,-0.213439045321,
1450287825.82,-1.12928447375,2.76564724591,-0.909692550964,-0.294023338101,-0.514884246133,-0.757838279275,-0.211810688763,
1450287825.83,-1.25835457583,2.53505577872,-0.928372961514,-0.326961980215,-0.523836462127,-0.717801979968,-0.213101988995,
1450287825.84,-0.600959919398,2.64192510419,-0.956505929447,-0.319115308967,-0.520537804226,-0.6990406759,-0.215349031163,
1450287825.86,-0.9547342382,2.6641258808,-0.86475170762,-0.299604990844,-0.515633260189,-0.67290457944,-0.211773238061,
1450287825.86,-0.769353259407,2.66426070333,-0.986421550833,-0.316493759772,-0.515222800486,-0.630441474592,-0.213681725875,
1450287825.87,-0.814294102751,2.70371876378,-1.0146893413,-0.324678985373,-0.506947693198,-0.583448332736,-0.215545272845,
1450287825.88,-1.06146874114,2.60273668879,-0.952805800012,-0.291383812568,-0.54263371887,-0.540877369864,-0.213608322497,
1450287825.9,-1.01064064732,2.59150147796,-0.96783102197,-0.314959778986,-0.529864527248,-0.484687833432,-0.210162857841,
1450287825.91,-1.05612078078,2.70947119173,-0.930290437496,-0.292845888005,-0.52424692183,-0.447252110926,-0.209918679259,
1450287825.91,-1.23574933163,2.78784802252,-0.930380319183,-0.313105220184,-0.503238575594,-0.418430050062,-0.212222646494,
1450287825.93,-0.803058891915,2.92882744809,-0.91905522666,-0.341924284993,-0.521250865607,-0.372344713241,-0.21302708759,
1450287825.95,-0.696189566443,2.77126485133,-0.889139605275,-0.31162516841,-0.524621428857,-0.354008849157,-0.212015918615,
1450287825.95,-0.803193714445,2.50723739669,-1.03894241642,-0.308200676147,-0.524210969155,-0.328975301386,-0.21370120024,
1450287825.96,-1.18505606034,2.70947119173,-0.986466491676,-0.293987385426,-0.530577588629,-0.308579648649,-0.212334998602,
1450287825.97,-1.1235320458,2.84442854429,-0.842236345105,-0.303706591813,-0.539565757297,-0.2849647335,-0.21235297494,
1450287825.99,-1.18519088287,2.70371876378,-0.898547221815,-0.321700905488,-0.535856639693,-0.276034987927,-0.213635287003,
1450287825.99,-0.707424777279,2.4284560983,-0.917182691521,-0.318722825602,-0.525744949941,-0.267249053054,-0.211174026816,
1450287826.0,-0.662618756465,2.42283849289,-0.943443124315,-0.308593159513,-0.520465898876,-0.250411217081,-0.212736470136,
1450287826.01,-0.89842336149,2.51833778499,-0.962168475708,-0.319828370349,-0.516007767217,-0.24368507086,-0.213073526461,
1450287826.03,-1.12888000616,2.68124834211,-0.95655087029,-0.325071468739,-0.526119456969,-0.256353894599,-0.214908610898,
1450287826.03,-1.19080848828,2.69810115837,-0.920882820956,-0.315352262351,-0.521999879662,-0.2606757057,-0.214946061601,
1450287826.04,-0.864852551512,2.68700077006,-0.885349594153,-0.320559408067,-0.526529916671,-0.267388369668,-0.21235297494,
1450287826.05,-0.881705367766,2.78798284505,-0.969613675422,-0.313479727212,-0.535107625638,-0.27507325388,-0.210762069085,
1450287826.07,-0.679336750189,2.59163630049,-1.00710931905,-0.302208563702,-0.529115513192,-0.293431588386,-0.211773238061,
1450287826.07,-0.741265232317,2.47928419213,-0.95668569282,-0.310465694652,-0.503238575594,-0.308793866669,-0.212278073534,
1450287826.08,-1.02187585816,2.59711908337,-1.06145777894,-0.32355546429,-0.507322200226,-0.330551226959,-0.212773920839,
1450287826.09,-0.960351843618,2.67001313128,-0.917182691521,-0.319435886983,-0.520876358579,-0.38126097656,-0.213728164746,
1450287826.12,-0.988439870708,2.56889623375,-0.932162972636,-0.307808192782,-0.524959983211,-0.414548659225,-0.212222646494,
1450287826.12,-0.724277593533,2.72057158004,-0.960385822256,-0.298463493423,-0.546378789148,-0.432676297402,-0.210949322599,
1450287826.13,-0.84238212984,2.52970781836,-0.958468346273,-0.337430200658,-0.52424692183,-0.440274295983,-0.212409900008,
1450287826.14,-1.07832155739,2.7093363692,-0.924717772922,-0.334059637407,-0.501366040455,-0.457119622096,-0.211275892728,
1450287826.16,-0.92664621111,2.68686594753,-0.904119886389,-0.314603248296,-0.515633260189,-0.475801530674,-0.212165721426,
1450287826.16,-0.988439870708,2.46229655334,-0.964085951691,-0.314585271958,-0.532111569415,-0.483363576581,-0.21396335516,
1450287826.17,-0.937881421946,2.65877792044,-0.902292292093,-0.333667154042,-0.525334490238,-0.488375978642,-0.214459202464,
1450287826.18,-0.651113900569,2.55779584545,-0.909692550964,-0.30896766654,-0.524657381532,-0.513424506694,-0.214412763593,
1450287826.2,-0.948712165192,2.29925117369,-0.892884675553,-0.315726769379,-0.52683251835,-0.529592724101,-0.20980632715,
1450287826.2,-0.847864912728,2.47901454707,-0.97523128084,-0.323929971318,-0.520465898876,-0.539625018363,-0.210949322599,
1450287826.21,-1.20752648201,2.61397189963,-0.905947480685,-0.315352262351,-0.528741006164,-0.542836790634,-0.214562566404,
1450287826.22,-0.960082198558,2.74865960713,-0.973403686544,-0.328834515355,-0.524657381532,-0.556275600822,-0.21338361828,
1450287826.24,-0.909388927266,2.41735571,-1.05766776781,-0.324732914385,-0.528705053489,-0.554395575542,-0.211015235836,
1450287826.24,-0.949251455312,2.7485247846,-0.877949335282,-0.292899817017,-0.528294593787,-0.547762307065,-0.208739731135,
1450287826.25,-1.1512156053,2.49573254079,-0.909737491807,-0.337448176995,-0.519003823439,-0.520603057404,-0.21396335516,
1450287826.26,-0.887188150654,2.4224340253,-0.9284628432,-0.310519623664,-0.509641147743,-0.506710344698,-0.212465327048,
1450287826.29,-1.19629127117,2.66453034839,-0.804785642318,-0.290278267822,-0.523123400746,-0.478060557067,-0.210640728808,
1450287826.29,-0.993922653595,2.76524277832,-0.915400038069,-0.317224797491,-0.518593363737,-0.46001231438,-0.212185195791,
1450287826.3,-1.05585113572,2.72618918546,-0.904074945546,-0.338964181444,-0.507358152901,-0.435597452219,-0.215732526359,
1450287826.31,-0.909928217386,2.5520434175,-0.988294085972,-0.308593159513,-0.511067270505,-0.422605054408,-0.215283117926,
1450287826.33,-1.06133391861,2.60219739867,-0.95655087029,-0.301103018955,-0.482568783713,-0.412536807471,-0.210255735584,
1450287826.33,-0.988844338298,2.57437901664,-0.952760859168,-0.283483212308,-0.49788761918,-0.390556240992,-0.21276493267,
1450287826.34,-1.48292397002,2.79935287842,-0.894667329006,-0.314959778986,-0.48215832401,-0.375396196504,-0.211286378924,
1450287826.35,-1.21862687031,2.80470083878,-0.849816367349,-0.316475783435,-0.468193705955,-0.3579172045,-0.213738650943,
1450287826.37,-1.19656091623,2.74331164677,-1.02199971848,-0.301085042618,-0.456245433738,-0.322613175997,-0.211791214398,
1450287826.37,-0.780858115303,2.84415889923,-0.965778723457,-0.311589215735,-0.453141519491,-0.300337497979,-0.212213658325,
1450287826.38,-1.22464894332,2.70398840884,-0.887267070135,-0.320184901039,-0.430152780093,-0.266790656451,-0.212278073534,
1450287826.39,-1.37057186166,2.76002964049,-1.0408598924,-0.308949690203,-0.394877214124,-0.250211979342,-0.212914735482,
1450287826.41,-1.41564752753,2.50737221922,-0.979021291962,-0.30782616912,-0.390239319091,-0.244681259554,-0.211660885952,
1450287826.41,-1.2079309496,2.82195812262,-0.898457340128,-0.313818281565,-0.361668926949,-0.229975117584,-0.21453410387,
1450287826.42,-0.949790745432,2.71508879715,-0.875986918456,-0.312712736819,-0.351002966796,-0.21867549154,-0.212447350711,
1450287826.43,-1.354123513,2.48449732995,-0.977058875136,-0.31084020168,-0.339285390908,-0.208909846281,-0.212577679156,
1450287826.45,-1.03940278706,2.65877792044,-0.922800296939,-0.298855976788,-0.344420631274,-0.203307221144,-0.210929848234,
1450287826.45,-1.51743853771,2.60260186626,-0.881559583031,-0.335539689181,-0.360380622773,-0.2296455514,-0.215283117926,
1450287826.46,-1.39371639598,2.74304200171,-0.939653113193,-0.319061379955,-0.378695514464,-0.24451797449,-0.214674918512,
1450287826.48,-1.08488292052,2.56889623375,-1.00514690223,-0.322806450234,-0.439776112681,-0.250553529751,-0.212802383373,
1450287826.5,-0.933072751708,2.46777933623,-0.964085951691,-0.308200676147,-0.464796178198,-0.27190043034,-0.214805246958,
1450287826.5,-0.888131908364,2.7093363692,-0.949105670576,-0.304455605869,-0.437046705462,-0.299239443374,-0.212212160297,
1450287826.51,-1.27588150473,2.76551242338,-1.02208960017,-0.318348318574,-0.464011211468,-0.32871015041,-0.211136576113,
1450287826.52,-1.15777696843,2.6756307367,-0.900329875267,-0.331063581184,-0.463672657115,-0.340543074463,-0.209376393082,
1450287826.54,-1.31533956519,2.42859092083,-0.804785642318,-0.32132639846,-0.443413324935,-0.35671878201,-0.211660885952,
1450287826.54,-0.98363120047,2.37789764954,-0.962213416552,-0.313479727212,-0.465991604631,-0.36821315171,-0.212372449305,
1450287826.55,-1.12982376387,2.53532542378,-1.05762282697,-0.319435886983,-0.479027445257,-0.385137873313,-0.212663066759,
1450287826.56,-0.888401553424,2.70371876378,-0.844153821088,-0.338197191051,-0.476031389034,-0.392735871894,-0.213364143915,
1450287826.58,-1.14092415217,2.84950685959,-0.894577447319,-0.32879856268,-0.460338046539,-0.392995030757,-0.212540228454,
1450287826.58,-0.65232730334,2.60821947168,-1.00519184307,-0.316850290463,-0.447194347889,-0.406505746295,-0.2122975479,
1450287826.59,-1.04034654477,2.49600218585,-0.915265215539,-0.330707050494,-0.443823784638,-0.422868707356,-0.210874421194,
1450287826.6,-1.18051703516,2.50737221922,-0.943353242628,-0.318722825602,-0.440827728415,-0.439036924763,-0.212727481968,
1450287826.62,-1.15229418554,2.49559771826,-0.962123534865,-0.320595360742,-0.46543733423,-0.433750383558,-0.213233815469,
1450287826.62,-1.02322408346,2.37789764954,-0.935908042914,-0.315352262351,-0.450457053115,-0.430898138034,-0.21251176592,
1450287826.63,-0.904984724618,2.6138370771,-0.952715918325,-0.316457807098,-0.472624873109,-0.428723001216,-0.212203172129,
1450287826.65,-0.820720643349,2.60260186626,-0.986421550833,-0.335593618193,-0.496254768539,-0.431113854082,-0.212185195791,
1450287826.67,-1.02308926093,2.91157016425,-0.964130892534,-0.326194989822,-0.522542165839,-0.424185474066,-0.213683223903,
1450287826.67,-1.09611813136,2.45079169745,-0.905947480685,-0.302244516376,-0.510183433919,-0.421297275867,-0.213075024489,
1450287826.68,-0.978013595052,2.56889623375,-0.900329875267,-0.31084020168,-0.465206637901,-0.412532313387,-0.211304355262,
1450287826.69,-0.944577607604,2.58574905001,-0.913527502929,-0.314621224633,-0.463334102761,-0.405942487725,-0.211126089916,
1450287826.71,-0.860178703804,2.65864309791,-0.986466491676,-0.318330342237,-0.44086368109,-0.392272981208,-0.212652580562,
1450287826.71,-0.87154873717,2.88883009752,-0.896629745832,-0.300015450546,-0.443074770582,-0.379093329883,-0.213533421092,
1450287826.72,-0.815103037931,2.6756307367,-0.937780578054,-0.315388215026,-0.420157936533,-0.367670865533,-0.213364143915,
1450287826.73,-0.719603745825,2.4284560983,-1.01076450764,-0.333721083054,-0.432516668453,-0.375571465793,-0.212203172129,
1450287826.75,-0.837303814543,2.72618918546,-0.857261567063,-0.304099075178,-0.440755823066,-0.38134037205,-0.211436181735,
1450287826.75,-0.876896697528,2.73180679087,-0.905902539842,-0.303688615476,-0.46285173771,-0.364638856636,-0.21235297494,
1450287826.76,-1.20271781177,2.74277235665,-0.945270718611,-0.299230483816,-0.455700151505,-0.365913678558,-0.211698336655,
1450287826.77,-0.916085112924,2.47353176418,-0.93960817235,-0.313087243847,-0.473712441518,-0.367339801321,-0.212934209847,
1450287826.8,-0.961430423858,2.59136665543,-0.94714325375,-0.32132639846,-0.483075117214,-0.369738144327,-0.213289242509,
1450287826.8,-0.888401553424,2.86676414344,-0.995784226529,-0.294718423144,-0.477154910118,-0.350379127043,-0.213822540517,
1450287826.81,-0.994866411306,2.90595255883,-0.945360600298,-0.320951891432,-0.450939418167,-0.356183985975,-0.212877284779,
1450287826.82,-0.831821031655,2.70358394125,-0.928417902357,-0.332936116324,-0.459891634161,-0.369140431111,-0.212896759144,
1450287826.84,-0.865661486692,2.47928419213,-1.01455451877,-0.314210764931,-0.461389662273,-0.365582614346,-0.212690031265,
1450287826.84,-1.0229544384,2.53532542378,-0.786105231769,-0.301085042618,-0.459891634161,-0.360714022984,-0.21167886229,
1450287826.85,-1.26491593896,2.59711908337,-0.93033537834,-0.313836257903,-0.485358112056,-0.364574441427,-0.210678179511,
1450287826.86,-1.06227767632,2.81620569467,-0.96769619944,-0.324678985373,-0.471501352025,-0.368168210866,-0.212586667325,
1450287826.88,-0.989248805888,2.49011493537,-0.911565086103,-0.326926027541,-0.456485118236,-0.37359856277,-0.213046561955,
1450287826.88,-0.831955854185,2.51820296246,-1.06506802668,-0.311963722763,-0.463262197412,-0.376558666318,-0.214159596842,
1450287826.89,-0.646440052862,2.42832127577,-0.945270718611,-0.321700905488,-0.464011211468,-0.368614623243,-0.212690031265,
1450287826.9,-0.887997085834,2.61945468252,-0.849771426506,-0.330350519803,-0.46442167117,-0.381275956841,-0.212998625056,
1450287826.92,-1.09050052594,2.40050289374,-0.83666368053,-0.314977755324,-0.467792234421,-0.379216168188,-0.213945378822,
1450287826.92,-1.01171922756,2.74879442966,-0.988249145129,-0.330689074157,-0.454987090124,-0.384869726281,-0.21203539298,
1450287826.93,-0.944307962544,2.62507228793,-0.9582885829,-0.314603248296,-0.469290262533,-0.39033603086,-0.212185195791,
1450287826.94,-0.87127909211,2.64740788708,-1.02017212418,-0.302601047067,-0.468130788774,-0.379252120863,-0.211502094972,
1450287826.96,-0.854426275856,2.50148496874,-0.980759004571,-0.306346117345,-0.46363670444,-0.377754092751,-0.211192003153,
1450287826.96,-0.932937929178,2.67001313128,-0.935952983758,-0.326194989822,-0.466258253635,-0.378128599779,-0.21136128033,
1450287826.97,-0.724816883653,2.51258535704,-0.844108880244,-0.313836257903,-0.46097920257,-0.367642402999,-0.214937073432,
1450287826.98,-1.01158440503,2.73207643593,-0.993866750547,-0.321308422123,-0.440417268712,-0.372136487333,-0.213888453754,
1450287827.0,-0.859639413684,2.80470083878,-0.917137750678,-0.325427999429,-0.466971315016,-0.365733915185,-0.212839834076,
1450287827.01,-0.98363120047,2.45640930286,-0.922800296939,-0.313087243847,-0.462441278007,-0.37179793298,-0.212652580562,
1450287827.02,-1.05652524837,2.59711908337,-1.05757788613,-0.308218652485,-0.459142620106,-0.377941346265,-0.208889533946,
1450287827.03,-1.01117993744,2.68138316464,-0.954588453464,-0.31084020168,-0.449779944409,-0.379216168188,-0.212072843683,
1450287827.05,-1.1069488746,2.61945468252,-0.958333523743,-0.319810394011,-0.46887980283,-0.364235887074,-0.214113157971,
1450287827.05,-0.809350609983,2.96801586349,-0.919010285817,-0.310483670989,-0.461425614947,-0.368578670569,-0.211052686539,
1450287827.06,-0.960891133738,2.8555289326,-0.868496777899,-0.335557665519,-0.476405896062,-0.368578670569,-0.21001305503,
1450287827.07,-1.00583197708,2.64219474925,-1.044515081,-0.313836257903,-0.464011211468,-0.372698247875,-0.212502777751,
